2026-05-12 23:24:20 - TestSystem - INFO - Starting System Test...
2026-05-12 23:24:25 - CameraHandler - INFO - Webcam 0 initialized successfully.
2026-05-12 23:24:25 - TestSystem - INFO - Webcam started. Press 'ESC' to exit.
2026-05-12 23:24:48 - TestSystem - INFO - Exit command received.
2026-05-12 23:24:48 - CameraHandler - INFO - Webcam resources released.
2026-05-12 23:24:48 - TestSystem - INFO - Test completed cleanly.
2026-05-13 00:29:33 - DetectionTest - INFO - Starting Face Detection Test...
2026-05-13 00:29:38 - CameraHandler - INFO - Webcam 0 initialized successfully.
2026-05-13 00:29:38 - DetectionTest - INFO - Detection system active. Press 'ESC' to exit.
2026-05-13 00:38:13 - DetectionTest - INFO - Starting Face Detection Test...
2026-05-13 00:38:18 - CameraHandler - INFO - Webcam 0 initialized successfully.
2026-05-13 00:38:18 - DetectionTest - INFO - Detection system active. Press 'ESC' to exit.
2026-05-13 00:39:19 - DetectionTest - INFO - Exit command received.
2026-05-13 00:39:19 - CameraHandler - INFO - Webcam resources released.
2026-05-13 00:39:19 - DetectionTest - INFO - Detection test completed.
2026-05-13 09:01:41 - DetectionTest - INFO - Starting Face Detection Test...
2026-05-13 09:01:48 - CameraHandler - INFO - Webcam 0 initialized successfully.
2026-05-13 09:01:48 - DetectionTest - INFO - Detection system active. Press 'ESC' to exit.
2026-05-13 09:02:02 - DetectionTest - INFO - Exit command received.
2026-05-13 09:02:03 - CameraHandler - INFO - Webcam resources released.
2026-05-13 09:02:03 - DetectionTest - INFO - Detection test completed.
2026-05-13 11:06:49 - DetectionTest - INFO - Starting Face Detection Test...
2026-05-13 11:06:54 - CameraHandler - INFO - Webcam 0 initialized successfully.
2026-05-13 11:06:54 - DetectionTest - INFO - Detection system active. Press 'ESC' to exit.
2026-05-13 11:07:14 - DetectionTest - INFO - Exit command received.
2026-05-13 11:07:14 - CameraHandler - INFO - Webcam resources released.
2026-05-13 11:07:14 - DetectionTest - INFO - Detection test completed.
2026-05-13 11:46:13 - CameraHandler - INFO - Webcam 0 initialized successfully.
2026-05-13 11:46:13 - RegisterFace - INFO - Starting capture for Aayushi. Need 20 samples.
2026-05-13 11:46:19 - RegisterFace - DEBUG - Saved: sample_01.jpg
2026-05-13 11:46:20 - RegisterFace - DEBUG - Saved: sample_02.jpg
2026-05-13 11:46:20 - RegisterFace - DEBUG - Saved: sample_03.jpg
2026-05-13 11:46:21 - RegisterFace - DEBUG - Saved: sample_04.jpg
2026-05-13 11:46:21 - RegisterFace - DEBUG - Saved: sample_05.jpg
2026-05-13 11:46:22 - RegisterFace - DEBUG - Saved: sample_06.jpg
2026-05-13 11:46:24 - RegisterFace - DEBUG - Saved: sample_07.jpg
2026-05-13 11:46:24 - RegisterFace - DEBUG - Saved: sample_08.jpg
2026-05-13 11:46:25 - RegisterFace - DEBUG - Saved: sample_09.jpg
2026-05-13 11:46:25 - RegisterFace - DEBUG - Saved: sample_10.jpg
2026-05-13 11:46:26 - RegisterFace - DEBUG - Saved: sample_11.jpg
2026-05-13 11:46:26 - RegisterFace - DEBUG - Saved: sample_12.jpg
2026-05-13 11:46:27 - RegisterFace - DEBUG - Saved: sample_13.jpg
2026-05-13 11:46:28 - RegisterFace - DEBUG - Saved: sample_14.jpg
2026-05-13 11:46:28 - RegisterFace - DEBUG - Saved: sample_15.jpg
2026-05-13 11:46:28 - RegisterFace - INFO - Registration cancelled by user.
2026-05-13 11:46:29 - CameraHandler - INFO - Webcam resources released.
2026-05-14 00:05:45 - RealTimeRecognition - INFO - Initializing Face Recognition System...
2026-05-14 00:05:53 - CameraHandler - INFO - Webcam 0 initialized successfully.
2026-05-14 00:05:53 - RealTimeRecognition - ERROR - System Error: name 'Path' is not defined
2026-05-14 00:05:53 - CameraHandler - INFO - Webcam resources released.
2026-05-14 00:11:40 - RealTimeRecognition - INFO - Initializing Face Recognition System...
2026-05-14 00:11:44 - CameraHandler - INFO - Webcam 0 initialized successfully.
2026-05-14 00:11:44 - RealTimeRecognition - ERROR - System Error: name 'Path' is not defined
2026-05-14 00:11:45 - CameraHandler - INFO - Webcam resources released.
2026-05-14 00:20:36 - RealTimeRecognition - INFO - Initializing Face Recognition System...
2026-05-14 00:20:41 - CameraHandler - INFO - Webcam 0 initialized successfully.
2026-05-14 00:20:41 - EncodingManager - WARNING - Encoding file D:\Projects\AI Attendance Management System\ai_module\encodings\encodings.pickle not found. Recognition will not work.
2026-05-14 00:20:41 - RealTimeRecognition - INFO - Recognition system active. Press 'ESC' to exit.
2026-05-14 00:21:02 - RealTimeRecognition - INFO - Exit command received.
2026-05-14 00:21:03 - CameraHandler - INFO - Webcam resources released.
2026-05-14 19:01:56 - VerificationTest - INFO - Starting Attendance Verification Logic Test...
2026-05-14 19:01:56 - VerificationTest - INFO - TEST 1: Stability Streak
2026-05-14 19:01:56 - VerificationTest - INFO - Frame 1: Verified=False, Msg=Verifying Stability...
2026-05-14 19:01:56 - VerificationTest - INFO - Frame 2: Verified=False, Msg=Verifying Stability...
2026-05-14 19:01:56 - AttendanceManager - INFO - ATTENDANCE VERIFIED: Test Student (ID: test_001)
2026-05-14 19:01:56 - VerificationTest - INFO - Frame 3: Verified=True, Msg=Verified: Test Student
2026-05-14 19:01:56 - VerificationTest - INFO - TEST 2: Cooldown Logic
2026-05-14 19:01:56 - VerificationTest - INFO - Instant Re-scan: Verified=False, Msg=Already Verified (Cooldown)
2026-05-14 19:01:56 - VerificationTest - INFO - TEST 3: Low Confidence Rejection
2026-05-14 19:01:56 - VerificationTest - INFO - Low Confidence (50%): Verified=False, Msg=Low Confidence (50.0%)
2026-05-14 19:01:56 - VerificationTest - INFO - TEST 4: Unknown Person Handling
2026-05-14 19:01:56 - VerificationTest - INFO - Unknown Result: Verified=False, Msg=Unknown Person
2026-05-14 19:01:56 - VerificationTest - INFO - Verification logic test complete.
2026-05-14 19:02:39 - RealTimeRecognition - INFO - Initializing Face Recognition System...
2026-05-14 19:02:44 - CameraHandler - INFO - Webcam 0 initialized successfully.
2026-05-14 19:02:44 - EncodingManager - WARNING - Encoding file D:\Projects\AI Attendance Management System\ai_module\encodings\encodings.pickle not found. Recognition will not work.
2026-05-14 19:02:44 - RealTimeRecognition - INFO - Recognition system active. Press 'ESC' to exit.
2026-05-14 19:02:50 - RealTimeRecognition - ERROR - System Error: FrameUtils.draw_face_box() got an unexpected keyword argument 'color'
2026-05-14 19:02:50 - CameraHandler - INFO - Webcam resources released.
2026-05-14 19:02:59 - RealTimeRecognition - INFO - Initializing Face Recognition System...
2026-05-14 19:03:04 - CameraHandler - INFO - Webcam 0 initialized successfully.
2026-05-14 19:03:04 - EncodingManager - WARNING - Encoding file D:\Projects\AI Attendance Management System\ai_module\encodings\encodings.pickle not found. Recognition will not work.
2026-05-14 19:03:04 - RealTimeRecognition - INFO - Recognition system active. Press 'ESC' to exit.
2026-05-14 19:03:04 - RealTimeRecognition - ERROR - System Error: FrameUtils.draw_face_box() got an unexpected keyword argument 'color'
2026-05-14 19:03:04 - CameraHandler - INFO - Webcam resources released.
2026-05-14 19:04:07 - EncodingGenerator - INFO - Starting facial encoding generation...
2026-05-14 19:04:07 - EncodingGenerator - INFO - Processing student: 1_Aayushi
2026-05-14 19:04:08 - EncodingGenerator - WARNING - No face found in sample_01.jpg. Skipping.
2026-05-14 19:04:14 - EncodingGenerator - WARNING - No face found in sample_07.jpg. Skipping.
2026-05-14 19:04:14 - EncodingGenerator - WARNING - No face found in sample_08.jpg. Skipping.
2026-05-14 19:04:22 - EncodingGenerator - INFO - Saved 12 encodings to 1_Aayushi.pkl
2026-05-14 19:04:22 - EncodingGenerator - INFO - Consolidated encoding file saved: D:\Projects\AI Attendance Management System\ai_module\encodings\encodings.pickle
2026-05-14 19:04:33 - RealTimeRecognition - INFO - Initializing Face Recognition System...
2026-05-14 19:04:38 - CameraHandler - INFO - Webcam 0 initialized successfully.
2026-05-14 19:04:38 - EncodingManager - INFO - Loaded 12 face encodings into memory.
2026-05-14 19:04:38 - RealTimeRecognition - INFO - Recognition system active. Press 'ESC' to exit.
2026-05-14 19:05:17 - RealTimeRecognition - INFO - Exit command received.
2026-05-14 19:05:17 - CameraHandler - INFO - Webcam resources released.
2026-05-14 19:06:05 - RealTimeRecognition - INFO - Initializing Face Recognition System...
2026-05-14 19:06:10 - CameraHandler - INFO - Webcam 0 initialized successfully.
2026-05-14 19:06:10 - EncodingManager - INFO - Loaded 12 face encodings into memory.
2026-05-14 19:06:10 - RealTimeRecognition - INFO - Recognition system active. Press 'ESC' to exit.
2026-05-14 19:07:05 - RealTimeRecognition - INFO - Exit command received.
2026-05-14 19:07:06 - CameraHandler - INFO - Webcam resources released.
2026-05-14 19:07:47 - RealTimeRecognition - INFO - Initializing Face Recognition System...
2026-05-14 19:07:51 - CameraHandler - INFO - Webcam 0 initialized successfully.
2026-05-14 19:07:51 - EncodingManager - INFO - Loaded 12 face encodings into memory.
2026-05-14 19:07:51 - RealTimeRecognition - INFO - Recognition system active. Press 'ESC' to exit.
2026-05-14 19:07:57 - AttendanceManager - INFO - ATTENDANCE VERIFIED: 1_Aayushi (ID: 1)
2026-05-14 19:08:11 - RealTimeRecognition - INFO - Exit command received.
2026-05-14 19:08:11 - CameraHandler - INFO - Webcam resources released.
2026-05-16 11:51:29 - API_Connector - WARNING - Attendance transmission attempt 1/2 failed: Connection refused
2026-05-16 11:51:29 - API_Connector - WARNING - Attendance transmission attempt 2/2 failed: Connection refused
2026-05-16 11:51:29 - API_Connector - WARNING - Attendance transmission rejected. status_code=500 message=Server Error
2026-05-16 11:51:29 - API_Connector - INFO - Attendance logged successfully. status_code=200
2026-05-16 11:51:29 - API_Connector - INFO - Attendance logged successfully. status_code=201
2026-05-16 11:51:29 - API_Connector - WARNING - Attendance transmission attempt 1/2 failed: Request timed out
2026-05-16 11:51:29 - API_Connector - WARNING - Attendance transmission attempt 2/2 failed: Request timed out
2026-05-16 11:51:29 - API_Connector - WARNING - Payload validation failed: Missing student_id
2026-05-16 11:51:29 - API_Connector - WARNING - Mock transmission failed for student_id=1
2026-05-16 11:51:29 - API_Connector - INFO - Mock transmission succeeded for student_id=1
2026-05-16 11:51:29 - AttendanceManager - INFO - ATTENDANCE VERIFIED: 1_Aayushi (ID: 1)
2026-05-16 19:38:18 - API_Connector - WARNING - Attendance transmission attempt 1/2 failed: Connection refused
2026-05-16 19:38:18 - API_Connector - WARNING - Attendance transmission attempt 2/2 failed: Connection refused
2026-05-16 19:38:18 - API_Connector - WARNING - Attendance transmission rejected. status_code=500 message=Server Error
2026-05-16 19:38:18 - API_Connector - INFO - Attendance logged successfully. status_code=200
2026-05-16 19:38:18 - API_Connector - INFO - Attendance logged successfully. status_code=201
2026-05-16 19:38:18 - API_Connector - WARNING - Attendance transmission attempt 1/2 failed: Request timed out
2026-05-16 19:38:18 - API_Connector - WARNING - Attendance transmission attempt 2/2 failed: Request timed out
2026-05-16 19:38:18 - API_Connector - WARNING - Payload validation failed: Missing student_id
2026-05-16 19:38:18 - API_Connector - WARNING - Mock transmission failed for student_id=1
2026-05-16 19:38:18 - API_Connector - INFO - Mock transmission succeeded for student_id=1
2026-05-16 19:38:18 - AttendanceManager - INFO - ATTENDANCE VERIFIED: 1_Aayushi (ID: 1)
2026-05-16 19:42:47 - RealTimeRecognition - INFO - Initializing Face Recognition System...
2026-05-16 19:42:52 - CameraHandler - INFO - Webcam 0 initialized successfully.
2026-05-16 19:42:52 - EncodingManager - INFO - Loaded 12 face encodings into memory.
2026-05-16 19:42:52 - RealTimeRecognition - INFO - Recognition system active. Press 'ESC' to exit.
2026-05-16 19:42:56 - AttendanceManager - INFO - ATTENDANCE VERIFIED: 1_Aayushi (ID: 1)
2026-05-16 19:42:58 - API_Connector - WARNING - Attendance transmission attempt 1/2 failed: HTTPConnectionPool(host='127.0.0.1', port=8000): Max retries exceeded with url: /api/v1/attendance/verify (Caused by ConnectTimeoutError(<HTTPConnection(host='127.0.0.1', port=8000) at 0x24fe3100a30>, 'Connection to 127.0.0.1 timed out. (connect timeout=2.0)'))
2026-05-16 19:43:00 - API_Connector - WARNING - Attendance transmission attempt 2/2 failed: HTTPConnectionPool(host='127.0.0.1', port=8000): Max retries exceeded with url: /api/v1/attendance/verify (Caused by ConnectTimeoutError(<HTTPConnection(host='127.0.0.1', port=8000) at 0x24fe3102a10>, 'Connection to 127.0.0.1 timed out. (connect timeout=2.0)'))
2026-05-16 19:43:39 - RealTimeRecognition - INFO - Exit command received.
2026-05-16 19:43:39 - CameraHandler - INFO - Webcam resources released.
2026-05-29 23:46:09 - EncodingCache - INFO - Successfully cached 12 face encodings in 2.55 ms.
2026-05-29 23:46:09 - EncodingCache - WARNING - Encoding file this_file_does_not_exist_12345.pickle not found. Recognition will not work until faces are encoded.
2026-05-29 23:46:10 - EncodingCache - INFO - Successfully cached 3 face encodings in 0.15 ms.
2026-05-29 23:46:11 - EncodingCache - INFO - Encoding file change detected (mtime changed). Reloading cache...
2026-05-29 23:46:11 - EncodingCache - INFO - Successfully cached 4 face encodings in 0.32 ms.
2026-05-29 23:46:11 - EncodingCache - ERROR - Failed to load encodings: could not find MARK
2026-05-30 08:53:59 - EncodingCache - INFO - Successfully cached 12 face encodings in 0.10 ms.
2026-05-30 08:53:59 - EncodingCache - WARNING - Encoding file this_file_does_not_exist_12345.pickle not found. Recognition will not work until faces are encoded.
2026-05-30 08:53:59 - EncodingCache - INFO - Successfully cached 3 face encodings in 0.06 ms.
2026-05-30 08:54:00 - EncodingCache - INFO - Encoding file change detected (mtime changed). Reloading cache...
2026-05-30 08:54:00 - EncodingCache - INFO - Successfully cached 4 face encodings in 0.30 ms.
2026-05-30 08:54:00 - EncodingCache - ERROR - Failed to load encodings: could not find MARK
2026-05-30 09:17:41 - API_Connector - WARNING - Payload validation failed: Missing student_id
2026-05-30 09:17:41 - API_Connector - WARNING - Mock transmission failed for student_id=1
2026-05-30 09:17:41 - API_Connector - INFO - Mock transmission succeeded for student_id=1
2026-05-30 09:17:41 - AttendanceManager - INFO - ATTENDANCE VERIFIED: 1_Aayushi (ID: 1)
2026-05-30 09:17:50 - API_Connector - WARNING - Attendance transmission attempt 1/2 failed: Connection refused
2026-05-30 09:17:50 - API_Connector - WARNING - Attendance transmission attempt 2/2 failed: Connection refused
2026-05-30 09:17:50 - API_Connector - WARNING - Attendance transmission rejected. status_code=500 message=Server Error
2026-05-30 09:17:50 - API_Connector - INFO - Attendance logged successfully. status_code=200
2026-05-30 09:17:50 - API_Connector - INFO - Attendance logged successfully. status_code=201
2026-05-30 09:17:50 - API_Connector - WARNING - Attendance transmission attempt 1/2 failed: Request timed out
2026-05-30 09:17:50 - API_Connector - WARNING - Attendance transmission attempt 2/2 failed: Request timed out
2026-05-30 09:17:50 - API_Connector - WARNING - Payload validation failed: Missing student_id
2026-05-30 09:17:50 - API_Connector - WARNING - Mock transmission failed for student_id=1
2026-05-30 09:17:50 - API_Connector - INFO - Mock transmission succeeded for student_id=1
2026-05-30 09:17:50 - AttendanceManager - INFO - ATTENDANCE VERIFIED: 1_Aayushi (ID: 1)
2026-05-30 09:17:54 - VerificationTest - INFO - Starting Attendance Verification Logic Test...
2026-05-30 09:17:54 - VerificationTest - INFO - TEST 1: Stability Streak
2026-05-30 09:17:54 - VerificationTest - INFO - Frame 1: Verified=False, Msg=Verifying Stability...
2026-05-30 09:17:54 - VerificationTest - INFO - Frame 2: Verified=False, Msg=Verifying Stability...
2026-05-30 09:17:54 - AttendanceManager - INFO - ATTENDANCE VERIFIED: Test Student (ID: test_001)
2026-05-30 09:17:54 - VerificationTest - INFO - Frame 3: Verified=True, Msg=Verified: Test Student
2026-05-30 09:17:54 - VerificationTest - INFO - TEST 2: Cooldown Logic
2026-05-30 09:17:54 - VerificationTest - INFO - Instant Re-scan: Verified=False, Msg=Already Verified (Cooldown)
2026-05-30 09:17:54 - VerificationTest - INFO - TEST 3: Low Confidence Rejection
2026-05-30 09:17:54 - VerificationTest - INFO - Low Confidence (50%): Verified=False, Msg=Low Confidence (50.0%)
2026-05-30 09:17:54 - VerificationTest - INFO - TEST 4: Unknown Person Handling
2026-05-30 09:17:54 - VerificationTest - INFO - Unknown Result: Verified=False, Msg=Unknown Person
2026-05-30 09:17:54 - VerificationTest - INFO - Verification logic test complete.
2026-05-30 09:18:27 - API_Connector - WARNING - Attendance transmission attempt 1/2 failed: Connection refused
2026-05-30 09:18:27 - API_Connector - WARNING - Attendance transmission attempt 2/2 failed: Connection refused
2026-05-30 09:18:27 - API_Connector - WARNING - Attendance transmission rejected. status_code=500 message=Server Error
2026-05-30 09:18:27 - API_Connector - INFO - Attendance logged successfully. status_code=200
2026-05-30 09:18:27 - API_Connector - INFO - Attendance logged successfully. status_code=201
2026-05-30 09:18:27 - API_Connector - WARNING - Attendance transmission attempt 1/2 failed: Request timed out
2026-05-30 09:18:27 - API_Connector - WARNING - Attendance transmission attempt 2/2 failed: Request timed out
2026-05-30 09:18:27 - API_Connector - WARNING - Payload validation failed: Missing student_id
2026-05-30 09:18:27 - API_Connector - WARNING - Mock transmission failed for student_id=1
2026-05-30 09:18:27 - API_Connector - INFO - Mock transmission succeeded for student_id=1
2026-05-30 09:18:27 - AttendanceManager - INFO - ATTENDANCE VERIFIED: 1_Aayushi (ID: 1)
2026-05-30 09:18:48 - VerificationTest - INFO - Starting Attendance Verification Logic Test...
2026-05-30 09:18:48 - VerificationTest - INFO - TEST 1: Stability Streak
2026-05-30 09:18:48 - VerificationTest - INFO - Frame 1: Verified=False, Msg=Verifying Stability...
2026-05-30 09:18:48 - VerificationTest - INFO - Frame 2: Verified=False, Msg=Verifying Stability...
2026-05-30 09:18:48 - AttendanceManager - INFO - ATTENDANCE VERIFIED: Test Student (ID: test_001)
2026-05-30 09:18:48 - VerificationTest - INFO - Frame 3: Verified=True, Msg=Verified: Test Student
2026-05-30 09:18:48 - VerificationTest - INFO - TEST 2: Cooldown Logic
2026-05-30 09:18:48 - VerificationTest - INFO - Instant Re-scan: Verified=False, Msg=Already Verified (Cooldown)
2026-05-30 09:18:48 - VerificationTest - INFO - TEST 3: Low Confidence Rejection
2026-05-30 09:18:48 - VerificationTest - INFO - Low Confidence (50%): Verified=False, Msg=Low Confidence (50.0%)
2026-05-30 09:18:48 - VerificationTest - INFO - TEST 4: Unknown Person Handling
2026-05-30 09:18:48 - VerificationTest - INFO - Unknown Result: Verified=False, Msg=Unknown Person
2026-05-30 09:18:48 - VerificationTest - INFO - Verification logic test complete.
2026-05-30 09:19:46 - EncodingCache - INFO - Successfully cached 12 face encodings in 0.28 ms.
2026-05-30 09:19:55 - EncodingCache - INFO - Successfully cached 12 face encodings in 0.31 ms.
2026-05-30 09:19:55 - EncodingCache - INFO - Successfully cached 5 face encodings in 0.33 ms.
2026-05-30 09:19:55 - EncodingCache - INFO - Successfully cached 5 face encodings in 0.28 ms.
2026-05-30 09:19:55 - EncodingCache - INFO - Successfully cached 5 face encodings in 0.27 ms.
2026-05-30 09:19:55 - EncodingCache - INFO - Performance report generated successfully: benchmark_report_20260530_091955.txt
2026-05-30 09:20:27 - EncodingCache - INFO - Successfully cached 12 face encodings in 0.38 ms.
2026-05-30 09:20:27 - EncodingCache - INFO - Successfully cached 5 face encodings in 0.34 ms.
2026-05-30 09:20:27 - EncodingCache - INFO - Successfully cached 5 face encodings in 0.29 ms.
2026-05-30 09:20:27 - EncodingCache - INFO - Successfully cached 5 face encodings in 0.25 ms.
2026-05-30 09:20:27 - EncodingCache - INFO - Performance report generated successfully: benchmark_report_20260530_092027.txt
2026-05-30 09:22:22 - EncodingCache - INFO - Successfully cached 12 face encodings in 0.22 ms.
2026-05-30 09:22:22 - EncodingCache - INFO - Successfully cached 500 face encodings in 27.21 ms.
2026-05-30 09:22:22 - EncodingCache - INFO - Successfully cached 500 face encodings in 27.02 ms.
2026-05-30 09:22:22 - EncodingCache - INFO - Successfully cached 500 face encodings in 26.90 ms.
2026-05-30 09:22:22 - EncodingCache - INFO - Successfully cached 500 face encodings in 26.21 ms.
2026-05-30 09:22:22 - EncodingCache - INFO - Successfully cached 500 face encodings in 26.99 ms.
2026-05-30 09:22:22 - EncodingCache - INFO - Performance report generated successfully: benchmark_report_20260530_092222.txt
2026-05-30 09:22:22 - API_Connector - WARNING - Attendance transmission attempt 1/2 failed: Connection refused
2026-05-30 09:22:22 - API_Connector - WARNING - Attendance transmission attempt 2/2 failed: Connection refused
2026-05-30 09:22:22 - API_Connector - WARNING - Attendance transmission rejected. status_code=500 message=Server Error
2026-05-30 09:22:22 - API_Connector - INFO - Attendance logged successfully. status_code=200
2026-05-30 09:22:22 - API_Connector - INFO - Attendance logged successfully. status_code=201
2026-05-30 09:22:22 - API_Connector - WARNING - Attendance transmission attempt 1/2 failed: Request timed out
2026-05-30 09:22:22 - API_Connector - WARNING - Attendance transmission attempt 2/2 failed: Request timed out
2026-05-30 09:22:22 - API_Connector - WARNING - Payload validation failed: Missing student_id
2026-05-30 09:22:22 - API_Connector - WARNING - Mock transmission failed for student_id=1
2026-05-30 09:22:22 - API_Connector - INFO - Mock transmission succeeded for student_id=1
2026-05-30 09:22:22 - AttendanceManager - INFO - ATTENDANCE VERIFIED: 1_Aayushi (ID: 1)
2026-05-30 09:23:20 - EncodingCache - INFO - Successfully cached 12 face encodings in 0.16 ms.
2026-05-30 09:23:20 - EncodingCache - INFO - Successfully cached 3 face encodings in 0.24 ms.
2026-05-30 09:23:20 - EncodingCache - WARNING - Encoding file this_file_does_not_exist_12345.pickle not found. Recognition will not work until faces are encoded.
2026-05-30 09:23:20 - EncodingCache - ERROR - Failed to load encodings: pickle data was truncated
2026-05-30 09:23:20 - EncodingCache - INFO - Successfully cached 3 face encodings in 0.22 ms.
2026-05-30 09:23:21 - EncodingCache - INFO - Encoding file change detected (mtime changed). Reloading cache...
2026-05-30 09:23:21 - EncodingCache - INFO - Successfully cached 4 face encodings in 0.50 ms.
2026-05-30 09:23:21 - EncodingCache - INFO - Successfully cached 3 face encodings in 0.31 ms.
2026-05-30 09:23:21 - EncodingCache - WARNING - Encoding file /var/folders/gb/x672cxc14xj4wpqxpwj3gccr0000gn/T/tmpe9872ozy.pickle was deleted. Resetting cache.
2026-05-30 09:23:21 - EncodingCache - WARNING - Encoding file /var/folders/gb/x672cxc14xj4wpqxpwj3gccr0000gn/T/tmpe9872ozy.pickle not found. Recognition will not work until faces are encoded.
2026-05-30 09:23:22 - EncodingCache - INFO - Successfully cached 3 face encodings in 0.23 ms.
2026-05-30 09:23:22 - EncodingCache - INFO - Successfully cached 3 face encodings in 0.22 ms.
2026-05-30 09:23:23 - EncodingCache - INFO - Successfully cached 500 face encodings in 33.44 ms.
2026-05-30 09:23:23 - EncodingCache - INFO - Successfully cached 500 face encodings in 28.46 ms.
2026-05-30 09:23:23 - EncodingCache - INFO - Successfully cached 500 face encodings in 27.00 ms.
2026-05-30 09:23:23 - EncodingCache - INFO - Successfully cached 500 face encodings in 27.20 ms.
2026-05-30 09:23:23 - EncodingCache - INFO - Successfully cached 500 face encodings in 27.10 ms.
2026-05-30 09:23:23 - EncodingCache - INFO - Successfully cached 500 face encodings in 26.94 ms.
2026-05-30 09:23:23 - EncodingCache - INFO - Performance report generated successfully: benchmark_report_20260530_092323.txt
2026-05-30 09:23:42 - EncodingCache - INFO - Successfully cached 12 face encodings in 0.21 ms.
2026-05-30 09:23:42 - EncodingCache - INFO - Successfully cached 3 face encodings in 0.30 ms.
2026-05-30 09:23:42 - EncodingCache - WARNING - Encoding file this_file_does_not_exist_12345.pickle not found. Recognition will not work until faces are encoded.
2026-05-30 09:23:42 - EncodingCache - ERROR - Failed to load encodings: pickle data was truncated
2026-05-30 09:23:42 - EncodingCache - INFO - Successfully cached 3 face encodings in 0.24 ms.
2026-05-30 09:23:43 - EncodingCache - INFO - Encoding file change detected (mtime changed). Reloading cache...
2026-05-30 09:23:43 - EncodingCache - INFO - Successfully cached 4 face encodings in 1.46 ms.
2026-05-30 09:23:43 - EncodingCache - INFO - Successfully cached 3 face encodings in 0.61 ms.
2026-05-30 09:23:43 - EncodingCache - INFO - Successfully cached 3 face encodings in 0.56 ms.
2026-05-30 09:23:43 - EncodingCache - INFO - Successfully cached 3 face encodings in 0.55 ms.
2026-05-30 09:23:45 - EncodingCache - INFO - Successfully cached 500 face encodings in 33.73 ms.
2026-05-30 09:23:45 - EncodingCache - INFO - Successfully cached 500 face encodings in 27.75 ms.
2026-05-30 09:23:45 - EncodingCache - INFO - Successfully cached 500 face encodings in 27.29 ms.
2026-05-30 09:23:45 - EncodingCache - INFO - Successfully cached 500 face encodings in 26.30 ms.
2026-05-30 09:23:45 - EncodingCache - INFO - Successfully cached 500 face encodings in 26.43 ms.
2026-05-30 09:23:45 - EncodingCache - INFO - Successfully cached 500 face encodings in 27.04 ms.
2026-05-30 09:23:45 - EncodingCache - INFO - Performance report generated successfully: benchmark_report_20260530_092345.txt
2026-05-30 09:23:52 - API_Connector - WARNING - Attendance transmission attempt 1/2 failed: Connection refused
2026-05-30 09:23:52 - API_Connector - WARNING - Attendance transmission attempt 2/2 failed: Connection refused
2026-05-30 09:23:52 - API_Connector - WARNING - Attendance transmission rejected. status_code=500 message=Server Error
2026-05-30 09:23:52 - API_Connector - INFO - Attendance logged successfully. status_code=200
2026-05-30 09:23:52 - API_Connector - INFO - Attendance logged successfully. status_code=201
2026-05-30 09:23:52 - API_Connector - WARNING - Attendance transmission attempt 1/2 failed: Request timed out
2026-05-30 09:23:52 - API_Connector - WARNING - Attendance transmission attempt 2/2 failed: Request timed out
2026-05-30 09:23:52 - API_Connector - WARNING - Payload validation failed: Missing student_id
2026-05-30 09:23:52 - API_Connector - WARNING - Mock transmission failed for student_id=1
2026-05-30 09:23:52 - API_Connector - INFO - Mock transmission succeeded for student_id=1
2026-05-30 09:23:52 - AttendanceManager - INFO - ATTENDANCE VERIFIED: 1_Aayushi (ID: 1)
2026-05-30 09:24:09 - VerificationTest - INFO - Starting Attendance Verification Logic Test...
2026-05-30 09:24:09 - VerificationTest - INFO - TEST 1: Stability Streak
2026-05-30 09:24:09 - VerificationTest - INFO - Frame 1: Verified=False, Msg=Verifying Stability...
2026-05-30 09:24:09 - VerificationTest - INFO - Frame 2: Verified=False, Msg=Verifying Stability...
2026-05-30 09:24:09 - AttendanceManager - INFO - ATTENDANCE VERIFIED: Test Student (ID: test_001)
2026-05-30 09:24:09 - VerificationTest - INFO - Frame 3: Verified=True, Msg=Verified: Test Student
2026-05-30 09:24:09 - VerificationTest - INFO - TEST 2: Cooldown Logic
2026-05-30 09:24:09 - VerificationTest - INFO - Instant Re-scan: Verified=False, Msg=Already Verified (Cooldown)
2026-05-30 09:24:09 - VerificationTest - INFO - TEST 3: Low Confidence Rejection
2026-05-30 09:24:09 - VerificationTest - INFO - Low Confidence (50%): Verified=False, Msg=Low Confidence (50.0%)
2026-05-30 09:24:09 - VerificationTest - INFO - TEST 4: Unknown Person Handling
2026-05-30 09:24:09 - VerificationTest - INFO - Unknown Result: Verified=False, Msg=Unknown Person
2026-05-30 09:24:09 - VerificationTest - INFO - Verification logic test complete.
2026-05-30 09:24:21 - EncodingCache - INFO - Successfully cached 12 face encodings in 0.18 ms.
2026-05-30 09:24:21 - EncodingCache - INFO - Performance report generated successfully: benchmark_report_20260530_092421.txt
2026-05-30 09:28:05 - EncodingCache - INFO - Successfully cached 12 face encodings in 0.17 ms.
2026-05-30 09:28:05 - EncodingCache - INFO - Successfully cached 500 face encodings in 26.75 ms.
2026-05-30 09:28:05 - EncodingCache - INFO - Successfully cached 500 face encodings in 25.75 ms.
2026-05-30 09:28:05 - EncodingCache - INFO - Successfully cached 500 face encodings in 26.10 ms.
2026-05-30 09:28:05 - EncodingCache - INFO - Successfully cached 500 face encodings in 26.10 ms.
2026-05-30 09:28:05 - EncodingCache - INFO - Successfully cached 500 face encodings in 25.79 ms.
2026-05-30 09:28:05 - EncodingCache - INFO - Successfully cached 500 face encodings in 26.00 ms.
2026-05-30 09:28:05 - EncodingCache - INFO - Performance report generated successfully: benchmark_report_20260530_092805.txt
2026-05-30 09:28:06 - API_Connector - WARNING - Attendance transmission attempt 1/2 failed: Connection refused
2026-05-30 09:28:06 - API_Connector - WARNING - Attendance transmission attempt 2/2 failed: Connection refused
2026-05-30 09:28:06 - API_Connector - WARNING - Attendance transmission rejected. status_code=500 message=Server Error
2026-05-30 09:28:06 - API_Connector - INFO - Attendance logged successfully. status_code=200
2026-05-30 09:28:06 - API_Connector - INFO - Attendance logged successfully. status_code=201
2026-05-30 09:28:06 - API_Connector - WARNING - Attendance transmission attempt 1/2 failed: Request timed out
2026-05-30 09:28:06 - API_Connector - WARNING - Attendance transmission attempt 2/2 failed: Request timed out
2026-05-30 09:28:06 - API_Connector - WARNING - Payload validation failed: Missing student_id
2026-05-30 09:28:06 - API_Connector - WARNING - Mock transmission failed for student_id=1
2026-05-30 09:28:06 - API_Connector - INFO - Mock transmission succeeded for student_id=1
2026-05-30 09:28:06 - AttendanceManager - INFO - ATTENDANCE VERIFIED: 1_Aayushi (ID: 1)
2026-05-30 09:28:06 - EncodingCache - INFO - Successfully cached 3 face encodings in 0.51 ms.
2026-05-30 09:28:06 - EncodingCache - WARNING - Encoding file this_file_does_not_exist_12345.pickle not found. Recognition will not work until faces are encoded.
2026-05-30 09:28:06 - EncodingCache - ERROR - Failed to load encodings: pickle data was truncated
2026-05-30 09:28:06 - EncodingCache - INFO - Successfully cached 3 face encodings in 0.38 ms.
2026-05-30 09:28:07 - EncodingCache - INFO - Encoding file change detected (mtime changed). Reloading cache...
2026-05-30 09:28:07 - EncodingCache - INFO - Successfully cached 4 face encodings in 1.81 ms.
2026-05-30 09:28:07 - EncodingCache - INFO - Successfully cached 3 face encodings in 0.58 ms.
2026-05-30 09:28:07 - EncodingCache - INFO - Successfully cached 3 face encodings in 0.49 ms.
2026-05-30 09:28:07 - EncodingCache - INFO - Successfully cached 3 face encodings in 0.46 ms.
2026-05-30 09:30:39 - EncodingCache - INFO - Successfully cached 12 face encodings in 0.17 ms.
2026-05-30 09:30:39 - EncodingCache - INFO - Successfully cached 500 face encodings in 27.15 ms.
2026-05-30 09:30:39 - EncodingCache - INFO - Successfully cached 500 face encodings in 26.79 ms.
2026-05-30 09:30:39 - EncodingCache - INFO - Successfully cached 500 face encodings in 26.69 ms.
2026-05-30 09:30:39 - EncodingCache - INFO - Successfully cached 500 face encodings in 26.35 ms.
2026-05-30 09:30:39 - EncodingCache - INFO - Successfully cached 500 face encodings in 26.74 ms.
2026-05-30 09:30:39 - EncodingCache - INFO - Successfully cached 500 face encodings in 26.88 ms.
2026-05-30 09:30:39 - EncodingCache - INFO - Performance report generated successfully: benchmark_report_20260530_093039.txt
2026-05-30 09:30:40 - API_Connector - WARNING - Attendance transmission attempt 1/2 failed: Connection refused
2026-05-30 09:30:40 - API_Connector - WARNING - Attendance transmission attempt 2/2 failed: Connection refused
2026-05-30 09:30:40 - API_Connector - WARNING - Attendance transmission rejected. status_code=500 message=Server Error
2026-05-30 09:30:40 - API_Connector - INFO - Attendance logged successfully. status_code=200
2026-05-30 09:30:40 - API_Connector - INFO - Attendance logged successfully. status_code=201
2026-05-30 09:30:40 - API_Connector - WARNING - Attendance transmission attempt 1/2 failed: Request timed out
2026-05-30 09:30:40 - API_Connector - WARNING - Attendance transmission attempt 2/2 failed: Request timed out
2026-05-30 09:30:40 - API_Connector - WARNING - Payload validation failed: Missing student_id
2026-05-30 09:30:40 - API_Connector - WARNING - Mock transmission failed for student_id=1
2026-05-30 09:30:40 - API_Connector - INFO - Mock transmission succeeded for student_id=1
2026-05-30 09:30:40 - AttendanceManager - INFO - ATTENDANCE VERIFIED: 1_Aayushi (ID: 1)
2026-05-30 09:30:40 - EncodingCache - INFO - Successfully cached 3 face encodings in 0.44 ms.
2026-05-30 09:30:40 - EncodingCache - WARNING - Encoding file this_file_does_not_exist_12345.pickle not found. Recognition will not work until faces are encoded.
2026-05-30 09:30:40 - EncodingCache - ERROR - Failed to load encodings: pickle data was truncated
2026-05-30 09:30:40 - EncodingCache - INFO - Successfully cached 3 face encodings in 0.35 ms.
2026-05-30 09:30:42 - EncodingCache - INFO - Encoding file change detected (mtime changed). Reloading cache...
2026-05-30 09:30:42 - EncodingCache - INFO - Successfully cached 4 face encodings in 1.25 ms.
2026-05-30 09:30:42 - EncodingCache - INFO - Successfully cached 3 face encodings in 0.58 ms.
2026-05-30 09:30:42 - EncodingCache - INFO - Successfully cached 3 face encodings in 0.56 ms.
2026-05-30 09:30:42 - EncodingCache - INFO - Successfully cached 3 face encodings in 0.49 ms.
2026-05-30 09:30:50 - EncodingCache - INFO - Successfully cached 12 face encodings in 0.19 ms.
2026-05-30 09:30:50 - EncodingCache - INFO - Successfully cached 12 face encodings in 0.11 ms.
2026-05-30 09:30:50 - EncodingCache - INFO - Successfully cached 12 face encodings in 0.09 ms.
2026-05-30 09:30:50 - EncodingCache - INFO - Successfully cached 12 face encodings in 0.10 ms.
2026-05-30 09:30:50 - EncodingCache - INFO - Successfully cached 12 face encodings in 0.09 ms.
2026-05-30 09:30:50 - EncodingCache - INFO - Successfully cached 12 face encodings in 0.10 ms.
2026-05-30 09:30:50 - EncodingCache - INFO - Performance report generated successfully: benchmark_report_20260530_093050.txt
2026-05-30 09:31:11 - RealTimeRecognition - INFO - Initializing Optimized Face Recognition System (Phase 7)...
2026-05-30 09:31:12 - CameraHandler - INFO - Webcam 0 initialized successfully.
2026-05-30 09:31:12 - EncodingCache - INFO - Successfully cached 12 face encodings in 0.31 ms.
2026-05-30 09:31:12 - EncodingCache - INFO - Successfully cached 12 face encodings in 0.15 ms.
2026-05-30 09:31:12 - EncodingCache - INFO - Successfully cached 12 face encodings in 0.14 ms.
2026-05-30 09:31:12 - EncodingManager - INFO - Delegated known face loading to EncodingCache. Cached 12 faces.
2026-05-30 09:31:12 - RealTimeRecognition - INFO - Recognition system active. Press 'ESC' to exit.
2026-05-30 09:31:12 - EncodingCache - WARNING - Failed to generate encoding on crop: compute_face_descriptor(): incompatible function arguments. The following argument types are supported:
    1. (self: _dlib_pybind11.face_recognition_model_v1, img: numpy.ndarray[(rows,cols,3),numpy.uint8], face: _dlib_pybind11.full_object_detection, num_jitters: int = 0, padding: float = 0.25) -> _dlib_pybind11.vector
    2. (self: _dlib_pybind11.face_recognition_model_v1, img: numpy.ndarray[(rows,cols,3),numpy.uint8], num_jitters: int = 0) -> _dlib_pybind11.vector
    3. (self: _dlib_pybind11.face_recognition_model_v1, img: numpy.ndarray[(rows,cols,3),numpy.uint8], faces: _dlib_pybind11.full_object_detections, num_jitters: int = 0, padding: float = 0.25) -> _dlib_pybind11.vectors
    4. (self: _dlib_pybind11.face_recognition_model_v1, batch_img: list[numpy.ndarray[(rows,cols,3),numpy.uint8]], batch_faces: list[_dlib_pybind11.full_object_detections], num_jitters: int = 0, padding: float = 0.25) -> _dlib_pybind11.vectorss
    5. (self: _dlib_pybind11.face_recognition_model_v1, batch_img: list[numpy.ndarray[(rows,cols,3),numpy.uint8]], num_jitters: int = 0) -> _dlib_pybind11.vectors

Invoked with: <_dlib_pybind11.face_recognition_model_v1 object at 0x111dd6070>, array([[[128, 120,  85],
        [127, 119,  85],
        [128, 120,  88],
        ...,
        [152, 140, 124],
        [152, 140, 124],
        [152, 141, 125]],

       [[130, 121,  88],
        [129, 120,  87],
        [128, 120,  88],
        ...,
        [152, 140, 123],
        [152, 140, 123],
        [153, 143, 126]],

       [[131, 121,  89],
        [129, 120,  88],
        [128, 120,  88],
        ...,
        [152, 140, 122],
        [152, 140, 122],
        [153, 143, 125]],

       ...,

       [[  5,   3,   3],
        [  5,   3,   3],
        [  6,   4,   4],
        ...,
        [ 13,  20,  19],
        [ 13,  20,  18],
        [ 13,  20,  18]],

       [[  5,   3,   3],
        [  5,   3,   3],
        [  5,   3,   3],
        ...,
        [ 13,  20,  19],
        [ 13,  20,  18],
        [ 14,  21,  19]],

       [[  6,   4,   4],
        [  5,   3,   3],
        [  5,   3,   3],
        ...,
        [ 13,  20,  19],
        [ 13,  20,  18],
        [ 13,  20,  18]]], shape=(578, 680, 3), dtype=uint8), <_dlib_pybind11.full_object_detection object at 0x11196ee30>, 1. Falling back to full frame.
2026-05-30 09:31:13 - EncodingCache - WARNING - Failed to generate encoding on crop: compute_face_descriptor(): incompatible function arguments. The following argument types are supported:
    1. (self: _dlib_pybind11.face_recognition_model_v1, img: numpy.ndarray[(rows,cols,3),numpy.uint8], face: _dlib_pybind11.full_object_detection, num_jitters: int = 0, padding: float = 0.25) -> _dlib_pybind11.vector
    2. (self: _dlib_pybind11.face_recognition_model_v1, img: numpy.ndarray[(rows,cols,3),numpy.uint8], num_jitters: int = 0) -> _dlib_pybind11.vector
    3. (self: _dlib_pybind11.face_recognition_model_v1, img: numpy.ndarray[(rows,cols,3),numpy.uint8], faces: _dlib_pybind11.full_object_detections, num_jitters: int = 0, padding: float = 0.25) -> _dlib_pybind11.vectors
    4. (self: _dlib_pybind11.face_recognition_model_v1, batch_img: list[numpy.ndarray[(rows,cols,3),numpy.uint8]], batch_faces: list[_dlib_pybind11.full_object_detections], num_jitters: int = 0, padding: float = 0.25) -> _dlib_pybind11.vectorss
    5. (self: _dlib_pybind11.face_recognition_model_v1, batch_img: list[numpy.ndarray[(rows,cols,3),numpy.uint8]], num_jitters: int = 0) -> _dlib_pybind11.vectors

Invoked with: <_dlib_pybind11.face_recognition_model_v1 object at 0x111dd6070>, array([[[ 97,  95,  91],
        [113, 111, 107],
        [120, 118, 114],
        ...,
        [ 67,  62,  55],
        [ 72,  67,  59],
        [ 74,  67,  60]],

       [[104, 102,  98],
        [117, 116, 111],
        [122, 121, 116],
        ...,
        [ 56,  52,  46],
        [ 58,  53,  47],
        [ 62,  56,  50]],

       [[106, 104, 100],
        [117, 116, 111],
        [119, 117, 113],
        ...,
        [ 51,  47,  42],
        [ 51,  47,  43],
        [ 55,  50,  46]],

       ...,

       [[ 95,  89,  76],
        [ 88,  80,  68],
        [ 82,  75,  62],
        ...,
        [180, 183, 178],
        [180, 182, 176],
        [178, 181, 175]],

       [[ 98,  91,  79],
        [ 88,  80,  68],
        [ 88,  80,  68],
        ...,
        [181, 183, 178],
        [179, 180, 175],
        [179, 180, 175]],

       [[108, 100,  88],
        [100,  92,  80],
        [ 95,  87,  75],
        ...,
        [180, 183, 178],
        [179, 180, 175],
        [178, 181, 175]]], shape=(576, 576, 3), dtype=uint8), <_dlib_pybind11.full_object_detection object at 0x1119395f0>, 1. Falling back to full frame.
2026-05-30 09:31:13 - EncodingCache - WARNING - Failed to generate encoding on crop: compute_face_descriptor(): incompatible function arguments. The following argument types are supported:
    1. (self: _dlib_pybind11.face_recognition_model_v1, img: numpy.ndarray[(rows,cols,3),numpy.uint8], face: _dlib_pybind11.full_object_detection, num_jitters: int = 0, padding: float = 0.25) -> _dlib_pybind11.vector
    2. (self: _dlib_pybind11.face_recognition_model_v1, img: numpy.ndarray[(rows,cols,3),numpy.uint8], num_jitters: int = 0) -> _dlib_pybind11.vector
    3. (self: _dlib_pybind11.face_recognition_model_v1, img: numpy.ndarray[(rows,cols,3),numpy.uint8], faces: _dlib_pybind11.full_object_detections, num_jitters: int = 0, padding: float = 0.25) -> _dlib_pybind11.vectors
    4. (self: _dlib_pybind11.face_recognition_model_v1, batch_img: list[numpy.ndarray[(rows,cols,3),numpy.uint8]], batch_faces: list[_dlib_pybind11.full_object_detections], num_jitters: int = 0, padding: float = 0.25) -> _dlib_pybind11.vectorss
    5. (self: _dlib_pybind11.face_recognition_model_v1, batch_img: list[numpy.ndarray[(rows,cols,3),numpy.uint8]], num_jitters: int = 0) -> _dlib_pybind11.vectors

Invoked with: <_dlib_pybind11.face_recognition_model_v1 object at 0x111dd6070>, array([[[184, 166, 138],
        [184, 166, 139],
        [184, 166, 140],
        ...,
        [167, 139, 102],
        [167, 139, 102],
        [167, 139, 102]],

       [[184, 166, 138],
        [184, 166, 139],
        [184, 166, 139],
        ...,
        [167, 139, 102],
        [167, 139, 102],
        [167, 139, 102]],

       [[184, 166, 138],
        [183, 165, 137],
        [183, 165, 137],
        ...,
        [167, 139, 102],
        [167, 139, 102],
        [167, 139, 101]],

       ...,

       [[ 19,  20,  19],
        [ 19,  20,  19],
        [ 18,  19,  18],
        ...,
        [193, 191, 185],
        [193, 191, 185],
        [193, 191, 185]],

       [[ 17,  17,  17],
        [ 17,  17,  17],
        [ 17,  17,  17],
        ...,
        [193, 191, 185],
        [193, 191, 185],
        [193, 191, 185]],

       [[ 17,  17,  17],
        [ 16,  16,  16],
        [ 16,  16,  16],
        ...,
        [193, 191, 185],
        [193, 191, 185],
        [193, 191, 185]]], shape=(576, 576, 3), dtype=uint8), <_dlib_pybind11.full_object_detection object at 0x1119580b0>, 1. Falling back to full frame.
2026-05-30 09:31:13 - AttendanceManager - INFO - ATTENDANCE VERIFIED: 1_Aayushi (ID: 1)
2026-05-30 09:31:13 - API_Connector - WARNING - Attendance transmission attempt 1/2 failed: HTTPConnectionPool(host='127.0.0.1', port=8000): Max retries exceeded with url: /api/v1/attendance/verify (Caused by NewConnectionError("HTTPConnection(host='127.0.0.1', port=8000): Failed to establish a new connection: [Errno 61] Connection refused"))
2026-05-30 09:31:14 - API_Connector - WARNING - Attendance transmission attempt 2/2 failed: HTTPConnectionPool(host='127.0.0.1', port=8000): Max retries exceeded with url: /api/v1/attendance/verify (Caused by NewConnectionError("HTTPConnection(host='127.0.0.1', port=8000): Failed to establish a new connection: [Errno 61] Connection refused"))
2026-05-30 09:31:14 - EncodingCache - WARNING - Failed to generate encoding on crop: compute_face_descriptor(): incompatible function arguments. The following argument types are supported:
    1. (self: _dlib_pybind11.face_recognition_model_v1, img: numpy.ndarray[(rows,cols,3),numpy.uint8], face: _dlib_pybind11.full_object_detection, num_jitters: int = 0, padding: float = 0.25) -> _dlib_pybind11.vector
    2. (self: _dlib_pybind11.face_recognition_model_v1, img: numpy.ndarray[(rows,cols,3),numpy.uint8], num_jitters: int = 0) -> _dlib_pybind11.vector
    3. (self: _dlib_pybind11.face_recognition_model_v1, img: numpy.ndarray[(rows,cols,3),numpy.uint8], faces: _dlib_pybind11.full_object_detections, num_jitters: int = 0, padding: float = 0.25) -> _dlib_pybind11.vectors
    4. (self: _dlib_pybind11.face_recognition_model_v1, batch_img: list[numpy.ndarray[(rows,cols,3),numpy.uint8]], batch_faces: list[_dlib_pybind11.full_object_detections], num_jitters: int = 0, padding: float = 0.25) -> _dlib_pybind11.vectorss
    5. (self: _dlib_pybind11.face_recognition_model_v1, batch_img: list[numpy.ndarray[(rows,cols,3),numpy.uint8]], num_jitters: int = 0) -> _dlib_pybind11.vectors

Invoked with: <_dlib_pybind11.face_recognition_model_v1 object at 0x111dd6070>, array([[[181, 171, 164],
        [181, 171, 164],
        [180, 170, 163],
        ...,
        [ 52,  18,  25],
        [ 54,  20,  27],
        [ 62,  28,  34]],

       [[181, 171, 164],
        [180, 170, 163],
        [179, 169, 162],
        ...,
        [ 51,  16,  24],
        [ 53,  19,  26],
        [ 59,  26,  32]],

       [[181, 171, 164],
        [181, 171, 164],
        [180, 170, 163],
        ...,
        [ 50,  15,  23],
        [ 53,  19,  26],
        [ 58,  25,  31]],

       ...,

       [[ 49,  57,  50],
        [ 49,  58,  51],
        [ 48,  58,  51],
        ...,
        [ 98,  80,  61],
        [ 98,  80,  62],
        [ 97,  78,  61]],

       [[ 49,  57,  50],
        [ 48,  57,  50],
        [ 48,  58,  51],
        ...,
        [ 98,  80,  62],
        [ 98,  79,  63],
        [ 96,  77,  61]],

       [[ 50,  58,  52],
        [ 50,  58,  52],
        [ 49,  58,  51],
        ...,
        [ 97,  80,  62],
        [ 96,  79,  62],
        [ 94,  76,  60]]], shape=(232, 232, 3), dtype=uint8), <_dlib_pybind11.full_object_detection object at 0x11211f830>, 1. Falling back to full frame.
2026-05-30 09:31:14 - EncodingCache - WARNING - Failed to generate encoding on crop: compute_face_descriptor(): incompatible function arguments. The following argument types are supported:
    1. (self: _dlib_pybind11.face_recognition_model_v1, img: numpy.ndarray[(rows,cols,3),numpy.uint8], face: _dlib_pybind11.full_object_detection, num_jitters: int = 0, padding: float = 0.25) -> _dlib_pybind11.vector
    2. (self: _dlib_pybind11.face_recognition_model_v1, img: numpy.ndarray[(rows,cols,3),numpy.uint8], num_jitters: int = 0) -> _dlib_pybind11.vector
    3. (self: _dlib_pybind11.face_recognition_model_v1, img: numpy.ndarray[(rows,cols,3),numpy.uint8], faces: _dlib_pybind11.full_object_detections, num_jitters: int = 0, padding: float = 0.25) -> _dlib_pybind11.vectors
    4. (self: _dlib_pybind11.face_recognition_model_v1, batch_img: list[numpy.ndarray[(rows,cols,3),numpy.uint8]], batch_faces: list[_dlib_pybind11.full_object_detections], num_jitters: int = 0, padding: float = 0.25) -> _dlib_pybind11.vectorss
    5. (self: _dlib_pybind11.face_recognition_model_v1, batch_img: list[numpy.ndarray[(rows,cols,3),numpy.uint8]], num_jitters: int = 0) -> _dlib_pybind11.vectors

Invoked with: <_dlib_pybind11.face_recognition_model_v1 object at 0x111dd6070>, array([[[183, 175, 168],
        [183, 175, 168],
        [182, 174, 166],
        ...,
        [ 52,  18,  24],
        [ 59,  25,  30],
        [ 72,  38,  41]],

       [[184, 176, 169],
        [183, 175, 168],
        [182, 174, 166],
        ...,
        [ 50,  17,  23],
        [ 57,  22,  29],
        [ 69,  35,  39]],

       [[184, 176, 169],
        [183, 175, 168],
        [182, 174, 166],
        ...,
        [ 48,  14,  22],
        [ 55,  21,  29],
        [ 68,  34,  38]],

       ...,

       [[ 40,  54,  51],
        [ 39,  53,  49],
        [ 39,  53,  48],
        ...,
        [ 95,  77,  60],
        [ 97,  78,  62],
        [ 96,  77,  61]],

       [[ 38,  52,  48],
        [ 37,  51,  46],
        [ 37,  51,  45],
        ...,
        [ 95,  78,  60],
        [ 96,  77,  61],
        [ 96,  77,  61]],

       [[ 35,  48,  45],
        [ 34,  47,  43],
        [ 33,  46,  40],
        ...,
        [ 92,  75,  58],
        [ 94,  76,  60],
        [ 95,  77,  61]]], shape=(232, 232, 3), dtype=uint8), <_dlib_pybind11.full_object_detection object at 0x11211f830>, 1. Falling back to full frame.
2026-05-30 09:31:14 - EncodingCache - WARNING - Failed to generate encoding on crop: compute_face_descriptor(): incompatible function arguments. The following argument types are supported:
    1. (self: _dlib_pybind11.face_recognition_model_v1, img: numpy.ndarray[(rows,cols,3),numpy.uint8], face: _dlib_pybind11.full_object_detection, num_jitters: int = 0, padding: float = 0.25) -> _dlib_pybind11.vector
    2. (self: _dlib_pybind11.face_recognition_model_v1, img: numpy.ndarray[(rows,cols,3),numpy.uint8], num_jitters: int = 0) -> _dlib_pybind11.vector
    3. (self: _dlib_pybind11.face_recognition_model_v1, img: numpy.ndarray[(rows,cols,3),numpy.uint8], faces: _dlib_pybind11.full_object_detections, num_jitters: int = 0, padding: float = 0.25) -> _dlib_pybind11.vectors
    4. (self: _dlib_pybind11.face_recognition_model_v1, batch_img: list[numpy.ndarray[(rows,cols,3),numpy.uint8]], batch_faces: list[_dlib_pybind11.full_object_detections], num_jitters: int = 0, padding: float = 0.25) -> _dlib_pybind11.vectorss
    5. (self: _dlib_pybind11.face_recognition_model_v1, batch_img: list[numpy.ndarray[(rows,cols,3),numpy.uint8]], num_jitters: int = 0) -> _dlib_pybind11.vectors

Invoked with: <_dlib_pybind11.face_recognition_model_v1 object at 0x111dd6070>, array([[[187, 179, 171],
        [185, 177, 170],
        [184, 176, 169],
        ...,
        [ 69,  31,  35],
        [ 79,  40,  42],
        [ 93,  54,  55]],

       [[187, 179, 171],
        [185, 177, 170],
        [184, 176, 169],
        ...,
        [ 70,  32,  35],
        [ 81,  43,  43],
        [ 93,  54,  54]],

       [[185, 177, 170],
        [184, 176, 169],
        [183, 175, 168],
        ...,
        [ 71,  34,  35],
        [ 85,  46,  46],
        [ 97,  59,  59]],

       ...,

       [[ 30,  42,  39],
        [ 30,  42,  38],
        [ 31,  43,  38],
        ...,
        [100,  82,  65],
        [ 98,  81,  64],
        [ 97,  78,  62]],

       [[ 29,  41,  38],
        [ 30,  42,  38],
        [ 30,  42,  37],
        ...,
        [103,  87,  70],
        [101,  85,  68],
        [ 98,  81,  65]],

       [[ 29,  41,  38],
        [ 29,  41,  37],
        [ 30,  42,  38],
        ...,
        [107,  90,  74],
        [104,  88,  72],
        [101,  84,  69]]], shape=(232, 232, 3), dtype=uint8), <_dlib_pybind11.full_object_detection object at 0x11211f830>, 1. Falling back to full frame.
2026-05-30 09:31:14 - EncodingCache - WARNING - Failed to generate encoding on crop: compute_face_descriptor(): incompatible function arguments. The following argument types are supported:
    1. (self: _dlib_pybind11.face_recognition_model_v1, img: numpy.ndarray[(rows,cols,3),numpy.uint8], face: _dlib_pybind11.full_object_detection, num_jitters: int = 0, padding: float = 0.25) -> _dlib_pybind11.vector
    2. (self: _dlib_pybind11.face_recognition_model_v1, img: numpy.ndarray[(rows,cols,3),numpy.uint8], num_jitters: int = 0) -> _dlib_pybind11.vector
    3. (self: _dlib_pybind11.face_recognition_model_v1, img: numpy.ndarray[(rows,cols,3),numpy.uint8], faces: _dlib_pybind11.full_object_detections, num_jitters: int = 0, padding: float = 0.25) -> _dlib_pybind11.vectors
    4. (self: _dlib_pybind11.face_recognition_model_v1, batch_img: list[numpy.ndarray[(rows,cols,3),numpy.uint8]], batch_faces: list[_dlib_pybind11.full_object_detections], num_jitters: int = 0, padding: float = 0.25) -> _dlib_pybind11.vectorss
    5. (self: _dlib_pybind11.face_recognition_model_v1, batch_img: list[numpy.ndarray[(rows,cols,3),numpy.uint8]], num_jitters: int = 0) -> _dlib_pybind11.vectors

Invoked with: <_dlib_pybind11.face_recognition_model_v1 object at 0x111dd6070>, array([[[152, 136, 117],
        [140, 124, 106],
        [133, 119, 101],
        ...,
        [186, 158, 115],
        [186, 158, 115],
        [187, 160, 116]],

       [[146, 130, 111],
        [135, 120, 101],
        [130, 117,  99],
        ...,
        [186, 158, 115],
        [187, 160, 116],
        [187, 160, 116]],

       [[142, 125, 106],
        [133, 118,  99],
        [130, 117,  99],
        ...,
        [186, 158, 115],
        [187, 160, 116],
        [187, 160, 116]],

       ...,

       [[185, 151, 127],
        [185, 151, 127],
        [186, 152, 128],
        ...,
        [195, 192, 188],
        [196, 192, 188],
        [196, 192, 188]],

       [[185, 151, 127],
        [185, 151, 127],
        [186, 152, 128],
        ...,
        [196, 192, 188],
        [196, 192, 188],
        [196, 192, 188]],

       [[185, 151, 127],
        [186, 152, 128],
        [187, 152, 128],
        ...,
        [196, 192, 188],
        [196, 192, 188],
        [196, 192, 188]]], shape=(576, 576, 3), dtype=uint8), <_dlib_pybind11.full_object_detection object at 0x11200c830>, 1. Falling back to full frame.
2026-05-30 09:31:14 - EncodingCache - WARNING - Failed to generate encoding on crop: compute_face_descriptor(): incompatible function arguments. The following argument types are supported:
    1. (self: _dlib_pybind11.face_recognition_model_v1, img: numpy.ndarray[(rows,cols,3),numpy.uint8], face: _dlib_pybind11.full_object_detection, num_jitters: int = 0, padding: float = 0.25) -> _dlib_pybind11.vector
    2. (self: _dlib_pybind11.face_recognition_model_v1, img: numpy.ndarray[(rows,cols,3),numpy.uint8], num_jitters: int = 0) -> _dlib_pybind11.vector
    3. (self: _dlib_pybind11.face_recognition_model_v1, img: numpy.ndarray[(rows,cols,3),numpy.uint8], faces: _dlib_pybind11.full_object_detections, num_jitters: int = 0, padding: float = 0.25) -> _dlib_pybind11.vectors
    4. (self: _dlib_pybind11.face_recognition_model_v1, batch_img: list[numpy.ndarray[(rows,cols,3),numpy.uint8]], batch_faces: list[_dlib_pybind11.full_object_detections], num_jitters: int = 0, padding: float = 0.25) -> _dlib_pybind11.vectorss
    5. (self: _dlib_pybind11.face_recognition_model_v1, batch_img: list[numpy.ndarray[(rows,cols,3),numpy.uint8]], num_jitters: int = 0) -> _dlib_pybind11.vectors

Invoked with: <_dlib_pybind11.face_recognition_model_v1 object at 0x111dd6070>, array([[[185, 179, 173],
        [184, 178, 172],
        [183, 177, 171],
        ...,
        [ 85,  48,  49],
        [100,  61,  61],
        [110,  72,  71]],

       [[185, 179, 173],
        [184, 178, 172],
        [183, 177, 171],
        ...,
        [ 83,  45,  47],
        [102,  62,  62],
        [113,  74,  74]],

       [[184, 178, 172],
        [183, 177, 171],
        [183, 177, 171],
        ...,
        [ 83,  44,  46],
        [ 96,  55,  55],
        [108,  68,  68]],

       ...,

       [[209, 180, 155],
        [208, 179, 153],
        [207, 178, 152],
        ...,
        [ 96,  81,  68],
        [ 99,  85,  72],
        [ 96,  81,  68]],

       [[210, 181, 156],
        [209, 180, 155],
        [208, 179, 153],
        ...,
        [ 99,  85,  72],
        [ 98,  84,  71],
        [ 97,  82,  70]],

       [[210, 181, 156],
        [210, 181, 156],
        [209, 180, 155],
        ...,
        [102,  87,  73],
        [ 99,  85,  71],
        [ 95,  80,  67]]], shape=(232, 232, 3), dtype=uint8), <_dlib_pybind11.full_object_detection object at 0x111932bf0>, 1. Falling back to full frame.
2026-05-30 09:31:14 - EncodingCache - WARNING - Failed to generate encoding on crop: compute_face_descriptor(): incompatible function arguments. The following argument types are supported:
    1. (self: _dlib_pybind11.face_recognition_model_v1, img: numpy.ndarray[(rows,cols,3),numpy.uint8], face: _dlib_pybind11.full_object_detection, num_jitters: int = 0, padding: float = 0.25) -> _dlib_pybind11.vector
    2. (self: _dlib_pybind11.face_recognition_model_v1, img: numpy.ndarray[(rows,cols,3),numpy.uint8], num_jitters: int = 0) -> _dlib_pybind11.vector
    3. (self: _dlib_pybind11.face_recognition_model_v1, img: numpy.ndarray[(rows,cols,3),numpy.uint8], faces: _dlib_pybind11.full_object_detections, num_jitters: int = 0, padding: float = 0.25) -> _dlib_pybind11.vectors
    4. (self: _dlib_pybind11.face_recognition_model_v1, batch_img: list[numpy.ndarray[(rows,cols,3),numpy.uint8]], batch_faces: list[_dlib_pybind11.full_object_detections], num_jitters: int = 0, padding: float = 0.25) -> _dlib_pybind11.vectorss
    5. (self: _dlib_pybind11.face_recognition_model_v1, batch_img: list[numpy.ndarray[(rows,cols,3),numpy.uint8]], num_jitters: int = 0) -> _dlib_pybind11.vectors

Invoked with: <_dlib_pybind11.face_recognition_model_v1 object at 0x111dd6070>, array([[[186, 154, 109],
        [186, 154, 109],
        [186, 154, 109],
        ...,
        [183, 147, 125],
        [183, 147, 125],
        [182, 147, 125]],

       [[185, 155, 108],
        [185, 155, 108],
        [185, 155, 108],
        ...,
        [182, 146, 124],
        [182, 146, 124],
        [183, 147, 125]],

       [[185, 156, 108],
        [185, 156, 108],
        [185, 156, 108],
        ...,
        [183, 145, 124],
        [181, 145, 123],
        [182, 146, 124]],

       ...,

       [[ 13,  28,  24],
        [ 12,  26,  24],
        [ 11,  25,  24],
        ...,
        [ 16,  15,  14],
        [ 16,  15,  15],
        [ 16,  15,  14]],

       [[ 15,  29,  25],
        [ 12,  26,  24],
        [ 12,  26,  25],
        ...,
        [ 16,  15,  14],
        [ 15,  15,  15],
        [ 17,  16,  15]],

       [[ 16,  30,  26],
        [ 14,  27,  25],
        [ 13,  26,  24],
        ...,
        [ 17,  16,  14],
        [ 15,  15,  14],
        [ 17,  16,  14]]], shape=(576, 576, 3), dtype=uint8), <_dlib_pybind11.full_object_detection object at 0x11192a030>, 1. Falling back to full frame.
2026-05-30 09:31:15 - EncodingCache - WARNING - Failed to generate encoding on crop: compute_face_descriptor(): incompatible function arguments. The following argument types are supported:
    1. (self: _dlib_pybind11.face_recognition_model_v1, img: numpy.ndarray[(rows,cols,3),numpy.uint8], face: _dlib_pybind11.full_object_detection, num_jitters: int = 0, padding: float = 0.25) -> _dlib_pybind11.vector
    2. (self: _dlib_pybind11.face_recognition_model_v1, img: numpy.ndarray[(rows,cols,3),numpy.uint8], num_jitters: int = 0) -> _dlib_pybind11.vector
    3. (self: _dlib_pybind11.face_recognition_model_v1, img: numpy.ndarray[(rows,cols,3),numpy.uint8], faces: _dlib_pybind11.full_object_detections, num_jitters: int = 0, padding: float = 0.25) -> _dlib_pybind11.vectors
    4. (self: _dlib_pybind11.face_recognition_model_v1, batch_img: list[numpy.ndarray[(rows,cols,3),numpy.uint8]], batch_faces: list[_dlib_pybind11.full_object_detections], num_jitters: int = 0, padding: float = 0.25) -> _dlib_pybind11.vectorss
    5. (self: _dlib_pybind11.face_recognition_model_v1, batch_img: list[numpy.ndarray[(rows,cols,3),numpy.uint8]], num_jitters: int = 0) -> _dlib_pybind11.vectors

Invoked with: <_dlib_pybind11.face_recognition_model_v1 object at 0x111dd6070>, array([[[187, 156, 108],
        [187, 155, 109],
        [187, 155, 110],
        ...,
        [ 26,   9,   8],
        [ 23,   7,   6],
        [ 21,   6,   5]],

       [[187, 156, 108],
        [187, 155, 109],
        [187, 155, 110],
        ...,
        [ 27,  12,  11],
        [ 25,  11,   9],
        [ 22,   9,   8]],

       [[187, 156, 108],
        [187, 155, 109],
        [187, 155, 110],
        ...,
        [ 29,  16,  14],
        [ 28,  15,  13],
        [ 25,  12,  12]],

       ...,

       [[ 15,  27,  24],
        [ 15,  27,  25],
        [ 15,  27,  25],
        ...,
        [ 17,  15,  15],
        [ 17,  15,  15],
        [ 18,  16,  15]],

       [[ 16,  28,  25],
        [ 16,  28,  25],
        [ 16,  28,  25],
        ...,
        [ 17,  15,  15],
        [ 18,  16,  16],
        [ 18,  16,  15]],

       [[ 17,  29,  27],
        [ 19,  30,  28],
        [ 17,  29,  26],
        ...,
        [ 18,  16,  16],
        [ 18,  16,  16],
        [ 19,  17,  16]]], shape=(576, 576, 3), dtype=uint8), <_dlib_pybind11.full_object_detection object at 0x11213c570>, 1. Falling back to full frame.
2026-05-30 09:31:15 - EncodingCache - WARNING - Failed to generate encoding on crop: compute_face_descriptor(): incompatible function arguments. The following argument types are supported:
    1. (self: _dlib_pybind11.face_recognition_model_v1, img: numpy.ndarray[(rows,cols,3),numpy.uint8], face: _dlib_pybind11.full_object_detection, num_jitters: int = 0, padding: float = 0.25) -> _dlib_pybind11.vector
    2. (self: _dlib_pybind11.face_recognition_model_v1, img: numpy.ndarray[(rows,cols,3),numpy.uint8], num_jitters: int = 0) -> _dlib_pybind11.vector
    3. (self: _dlib_pybind11.face_recognition_model_v1, img: numpy.ndarray[(rows,cols,3),numpy.uint8], faces: _dlib_pybind11.full_object_detections, num_jitters: int = 0, padding: float = 0.25) -> _dlib_pybind11.vectors
    4. (self: _dlib_pybind11.face_recognition_model_v1, batch_img: list[numpy.ndarray[(rows,cols,3),numpy.uint8]], batch_faces: list[_dlib_pybind11.full_object_detections], num_jitters: int = 0, padding: float = 0.25) -> _dlib_pybind11.vectorss
    5. (self: _dlib_pybind11.face_recognition_model_v1, batch_img: list[numpy.ndarray[(rows,cols,3),numpy.uint8]], num_jitters: int = 0) -> _dlib_pybind11.vectors

Invoked with: <_dlib_pybind11.face_recognition_model_v1 object at 0x111dd6070>, array([[[187, 157, 109],
        [187, 157, 109],
        [187, 157, 109],
        ...,
        [ 15,  11,   9],
        [  9,   5,   3],
        [  7,   3,   1]],

       [[187, 157, 109],
        [187, 157, 109],
        [187, 157, 109],
        ...,
        [ 18,  14,  13],
        [ 11,   7,   6],
        [  7,   3,   1]],

       [[187, 157, 109],
        [187, 157, 109],
        [187, 157, 109],
        ...,
        [ 23,  20,  18],
        [ 16,  12,  10],
        [ 10,   6,   5]],

       ...,

       [[ 35,  49,  50],
        [ 34,  49,  50],
        [ 34,  50,  50],
        ...,
        [ 38,  37,  32],
        [ 44,  43,  36],
        [ 47,  47,  40]],

       [[ 37,  50,  51],
        [ 36,  51,  51],
        [ 35,  51,  51],
        ...,
        [ 32,  32,  26],
        [ 38,  39,  32],
        [ 45,  46,  39]],

       [[ 37,  50,  51],
        [ 36,  51,  51],
        [ 35,  51,  51],
        ...,
        [ 25,  25,  19],
        [ 34,  35,  29],
        [ 45,  46,  39]]], shape=(576, 576, 3), dtype=uint8), <_dlib_pybind11.full_object_detection object at 0x11213c630>, 1. Falling back to full frame.
2026-05-30 09:31:15 - EncodingCache - WARNING - Failed to generate encoding on crop: compute_face_descriptor(): incompatible function arguments. The following argument types are supported:
    1. (self: _dlib_pybind11.face_recognition_model_v1, img: numpy.ndarray[(rows,cols,3),numpy.uint8], face: _dlib_pybind11.full_object_detection, num_jitters: int = 0, padding: float = 0.25) -> _dlib_pybind11.vector
    2. (self: _dlib_pybind11.face_recognition_model_v1, img: numpy.ndarray[(rows,cols,3),numpy.uint8], num_jitters: int = 0) -> _dlib_pybind11.vector
    3. (self: _dlib_pybind11.face_recognition_model_v1, img: numpy.ndarray[(rows,cols,3),numpy.uint8], faces: _dlib_pybind11.full_object_detections, num_jitters: int = 0, padding: float = 0.25) -> _dlib_pybind11.vectors
    4. (self: _dlib_pybind11.face_recognition_model_v1, batch_img: list[numpy.ndarray[(rows,cols,3),numpy.uint8]], batch_faces: list[_dlib_pybind11.full_object_detections], num_jitters: int = 0, padding: float = 0.25) -> _dlib_pybind11.vectorss
    5. (self: _dlib_pybind11.face_recognition_model_v1, batch_img: list[numpy.ndarray[(rows,cols,3),numpy.uint8]], num_jitters: int = 0) -> _dlib_pybind11.vectors

Invoked with: <_dlib_pybind11.face_recognition_model_v1 object at 0x111dd6070>, array([[[180, 163, 133],
        [180, 163, 134],
        [179, 162, 134],
        ...,
        [176, 146, 107],
        [176, 146, 107],
        [176, 146, 107]],

       [[180, 163, 133],
        [180, 163, 134],
        [179, 162, 134],
        ...,
        [176, 146, 107],
        [176, 146, 107],
        [176, 146, 107]],

       [[179, 162, 132],
        [179, 162, 133],
        [179, 162, 134],
        ...,
        [176, 146, 107],
        [176, 146, 107],
        [176, 146, 107]],

       ...,

       [[ 58,  76,  74],
        [ 59,  77,  74],
        [ 59,  77,  74],
        ...,
        [193, 185, 180],
        [192, 184, 179],
        [187, 181, 175]],

       [[ 58,  77,  75],
        [ 57,  76,  74],
        [ 57,  76,  74],
        ...,
        [181, 175, 171],
        [174, 168, 165],
        [167, 161, 158]],

       [[ 55,  75,  73],
        [ 56,  76,  74],
        [ 54,  74,  71],
        ...,
        [158, 154, 149],
        [145, 141, 137],
        [128, 125, 121]]], shape=(576, 576, 3), dtype=uint8), <_dlib_pybind11.full_object_detection object at 0x11213c7b0>, 1. Falling back to full frame.
2026-05-30 09:31:15 - EncodingCache - WARNING - Failed to generate encoding on crop: compute_face_descriptor(): incompatible function arguments. The following argument types are supported:
    1. (self: _dlib_pybind11.face_recognition_model_v1, img: numpy.ndarray[(rows,cols,3),numpy.uint8], face: _dlib_pybind11.full_object_detection, num_jitters: int = 0, padding: float = 0.25) -> _dlib_pybind11.vector
    2. (self: _dlib_pybind11.face_recognition_model_v1, img: numpy.ndarray[(rows,cols,3),numpy.uint8], num_jitters: int = 0) -> _dlib_pybind11.vector
    3. (self: _dlib_pybind11.face_recognition_model_v1, img: numpy.ndarray[(rows,cols,3),numpy.uint8], faces: _dlib_pybind11.full_object_detections, num_jitters: int = 0, padding: float = 0.25) -> _dlib_pybind11.vectors
    4. (self: _dlib_pybind11.face_recognition_model_v1, batch_img: list[numpy.ndarray[(rows,cols,3),numpy.uint8]], batch_faces: list[_dlib_pybind11.full_object_detections], num_jitters: int = 0, padding: float = 0.25) -> _dlib_pybind11.vectorss
    5. (self: _dlib_pybind11.face_recognition_model_v1, batch_img: list[numpy.ndarray[(rows,cols,3),numpy.uint8]], num_jitters: int = 0) -> _dlib_pybind11.vectors

Invoked with: <_dlib_pybind11.face_recognition_model_v1 object at 0x111dd6070>, array([[[116, 107,  91],
        [106,  98,  84],
        [101,  93,  81],
        ...,
        [176, 146, 105],
        [176, 146, 105],
        [176, 146, 105]],

       [[115, 106,  91],
        [104,  95,  82],
        [101,  93,  81],
        ...,
        [176, 146, 105],
        [176, 146, 105],
        [176, 146, 105]],

       [[112, 102,  88],
        [102,  93,  80],
        [ 98,  91,  79],
        ...,
        [176, 146, 105],
        [176, 146, 105],
        [176, 146, 105]],

       ...,

       [[ 38,  55,  53],
        [ 39,  56,  54],
        [ 41,  57,  55],
        ...,
        [ 26,  28,  25],
        [ 26,  29,  25],
        [ 26,  29,  25]],

       [[ 35,  51,  49],
        [ 35,  51,  49],
        [ 35,  51,  49],
        ...,
        [ 26,  29,  25],
        [ 26,  29,  25],
        [ 26,  29,  25]],

       [[ 32,  47,  46],
        [ 30,  45,  44],
        [ 29,  44,  42],
        ...,
        [ 26,  29,  25],
        [ 26,  29,  25],
        [ 25,  27,  24]]], shape=(576, 576, 3), dtype=uint8), <_dlib_pybind11.full_object_detection object at 0x11213c7b0>, 1. Falling back to full frame.
2026-05-30 09:31:16 - EncodingCache - WARNING - Failed to generate encoding on crop: compute_face_descriptor(): incompatible function arguments. The following argument types are supported:
    1. (self: _dlib_pybind11.face_recognition_model_v1, img: numpy.ndarray[(rows,cols,3),numpy.uint8], face: _dlib_pybind11.full_object_detection, num_jitters: int = 0, padding: float = 0.25) -> _dlib_pybind11.vector
    2. (self: _dlib_pybind11.face_recognition_model_v1, img: numpy.ndarray[(rows,cols,3),numpy.uint8], num_jitters: int = 0) -> _dlib_pybind11.vector
    3. (self: _dlib_pybind11.face_recognition_model_v1, img: numpy.ndarray[(rows,cols,3),numpy.uint8], faces: _dlib_pybind11.full_object_detections, num_jitters: int = 0, padding: float = 0.25) -> _dlib_pybind11.vectors
    4. (self: _dlib_pybind11.face_recognition_model_v1, batch_img: list[numpy.ndarray[(rows,cols,3),numpy.uint8]], batch_faces: list[_dlib_pybind11.full_object_detections], num_jitters: int = 0, padding: float = 0.25) -> _dlib_pybind11.vectorss
    5. (self: _dlib_pybind11.face_recognition_model_v1, batch_img: list[numpy.ndarray[(rows,cols,3),numpy.uint8]], num_jitters: int = 0) -> _dlib_pybind11.vectors

Invoked with: <_dlib_pybind11.face_recognition_model_v1 object at 0x111dd6070>, array([[[ 99,  89,  75],
        [ 91,  83,  69],
        [ 86,  78,  66],
        ...,
        [176, 146, 105],
        [176, 146, 105],
        [176, 146, 105]],

       [[ 99,  89,  75],
        [ 90,  81,  69],
        [ 82,  74,  63],
        ...,
        [176, 146, 105],
        [176, 146, 105],
        [176, 146, 105]],

       [[ 98,  88,  74],
        [ 89,  80,  68],
        [ 81,  73,  63],
        ...,
        [176, 146, 105],
        [176, 146, 105],
        [176, 146, 105]],

       ...,

       [[ 25,  38,  34],
        [ 25,  38,  34],
        [ 24,  37,  33],
        ...,
        [ 18,  19,  16],
        [ 18,  19,  16],
        [ 18,  19,  16]],

       [[ 26,  40,  37],
        [ 26,  40,  37],
        [ 25,  39,  36],
        ...,
        [ 18,  19,  16],
        [ 18,  19,  16],
        [ 18,  19,  16]],

       [[ 27,  41,  38],
        [ 27,  41,  38],
        [ 27,  41,  38],
        ...,
        [ 18,  19,  17],
        [ 18,  19,  16],
        [ 18,  19,  16]]], shape=(576, 576, 3), dtype=uint8), <_dlib_pybind11.full_object_detection object at 0x11194f130>, 1. Falling back to full frame.
2026-05-30 09:31:16 - EncodingCache - WARNING - Failed to generate encoding on crop: compute_face_descriptor(): incompatible function arguments. The following argument types are supported:
    1. (self: _dlib_pybind11.face_recognition_model_v1, img: numpy.ndarray[(rows,cols,3),numpy.uint8], face: _dlib_pybind11.full_object_detection, num_jitters: int = 0, padding: float = 0.25) -> _dlib_pybind11.vector
    2. (self: _dlib_pybind11.face_recognition_model_v1, img: numpy.ndarray[(rows,cols,3),numpy.uint8], num_jitters: int = 0) -> _dlib_pybind11.vector
    3. (self: _dlib_pybind11.face_recognition_model_v1, img: numpy.ndarray[(rows,cols,3),numpy.uint8], faces: _dlib_pybind11.full_object_detections, num_jitters: int = 0, padding: float = 0.25) -> _dlib_pybind11.vectors
    4. (self: _dlib_pybind11.face_recognition_model_v1, batch_img: list[numpy.ndarray[(rows,cols,3),numpy.uint8]], batch_faces: list[_dlib_pybind11.full_object_detections], num_jitters: int = 0, padding: float = 0.25) -> _dlib_pybind11.vectorss
    5. (self: _dlib_pybind11.face_recognition_model_v1, batch_img: list[numpy.ndarray[(rows,cols,3),numpy.uint8]], num_jitters: int = 0) -> _dlib_pybind11.vectors

Invoked with: <_dlib_pybind11.face_recognition_model_v1 object at 0x111dd6070>, array([[[183, 164, 132],
        [183, 164, 132],
        [183, 164, 132],
        ...,
        [172, 144, 103],
        [172, 144, 103],
        [173, 144, 104]],

       [[183, 164, 132],
        [183, 164, 132],
        [183, 164, 133],
        ...,
        [172, 144, 103],
        [173, 144, 103],
        [173, 144, 104]],

       [[183, 164, 132],
        [183, 164, 133],
        [183, 164, 134],
        ...,
        [173, 144, 103],
        [174, 144, 103],
        [175, 145, 105]],

       ...,

       [[ 43,  55,  52],
        [ 44,  57,  54],
        [ 45,  59,  55],
        ...,
        [169, 164, 159],
        [160, 155, 150],
        [152, 148, 143]],

       [[ 56,  70,  67],
        [ 55,  71,  67],
        [ 54,  71,  67],
        ...,
        [152, 148, 144],
        [135, 132, 128],
        [119, 115, 111]],

       [[ 61,  78,  74],
        [ 62,  79,  75],
        [ 61,  80,  75],
        ...,
        [119, 115, 112],
        [106, 102, 100],
        [ 98,  94,  92]]], shape=(576, 576, 3), dtype=uint8), <_dlib_pybind11.full_object_detection object at 0x11196cff0>, 1. Falling back to full frame.
2026-05-30 09:31:16 - EncodingCache - WARNING - Failed to generate encoding on crop: compute_face_descriptor(): incompatible function arguments. The following argument types are supported:
    1. (self: _dlib_pybind11.face_recognition_model_v1, img: numpy.ndarray[(rows,cols,3),numpy.uint8], face: _dlib_pybind11.full_object_detection, num_jitters: int = 0, padding: float = 0.25) -> _dlib_pybind11.vector
    2. (self: _dlib_pybind11.face_recognition_model_v1, img: numpy.ndarray[(rows,cols,3),numpy.uint8], num_jitters: int = 0) -> _dlib_pybind11.vector
    3. (self: _dlib_pybind11.face_recognition_model_v1, img: numpy.ndarray[(rows,cols,3),numpy.uint8], faces: _dlib_pybind11.full_object_detections, num_jitters: int = 0, padding: float = 0.25) -> _dlib_pybind11.vectors
    4. (self: _dlib_pybind11.face_recognition_model_v1, batch_img: list[numpy.ndarray[(rows,cols,3),numpy.uint8]], batch_faces: list[_dlib_pybind11.full_object_detections], num_jitters: int = 0, padding: float = 0.25) -> _dlib_pybind11.vectorss
    5. (self: _dlib_pybind11.face_recognition_model_v1, batch_img: list[numpy.ndarray[(rows,cols,3),numpy.uint8]], num_jitters: int = 0) -> _dlib_pybind11.vectors

Invoked with: <_dlib_pybind11.face_recognition_model_v1 object at 0x111dd6070>, array([[[189, 167, 137],
        [189, 167, 137],
        [189, 167, 137],
        ...,
        [169, 140, 105],
        [169, 140, 103],
        [169, 140, 103]],

       [[189, 167, 137],
        [189, 167, 137],
        [189, 167, 137],
        ...,
        [169, 140, 103],
        [169, 141, 102],
        [169, 141, 102]],

       [[189, 167, 137],
        [188, 166, 136],
        [188, 166, 136],
        ...,
        [169, 141, 102],
        [169, 141, 101],
        [169, 141, 101]],

       ...,

       [[ 18,  19,  17],
        [ 12,  13,  12],
        [  9,   9,   9],
        ...,
        [194, 188, 180],
        [193, 189, 180],
        [194, 188, 180]],

       [[ 18,  19,  16],
        [ 14,  14,  13],
        [ 10,  10,  10],
        ...,
        [194, 188, 180],
        [194, 188, 180],
        [194, 188, 180]],

       [[ 21,  21,  18],
        [ 15,  15,  13],
        [ 12,  13,  11],
        ...,
        [194, 188, 180],
        [194, 188, 180],
        [194, 188, 180]]], shape=(576, 576, 3), dtype=uint8), <_dlib_pybind11.full_object_detection object at 0x111931570>, 1. Falling back to full frame.
2026-05-30 09:31:16 - EncodingCache - WARNING - Failed to generate encoding on crop: compute_face_descriptor(): incompatible function arguments. The following argument types are supported:
    1. (self: _dlib_pybind11.face_recognition_model_v1, img: numpy.ndarray[(rows,cols,3),numpy.uint8], face: _dlib_pybind11.full_object_detection, num_jitters: int = 0, padding: float = 0.25) -> _dlib_pybind11.vector
    2. (self: _dlib_pybind11.face_recognition_model_v1, img: numpy.ndarray[(rows,cols,3),numpy.uint8], num_jitters: int = 0) -> _dlib_pybind11.vector
    3. (self: _dlib_pybind11.face_recognition_model_v1, img: numpy.ndarray[(rows,cols,3),numpy.uint8], faces: _dlib_pybind11.full_object_detections, num_jitters: int = 0, padding: float = 0.25) -> _dlib_pybind11.vectors
    4. (self: _dlib_pybind11.face_recognition_model_v1, batch_img: list[numpy.ndarray[(rows,cols,3),numpy.uint8]], batch_faces: list[_dlib_pybind11.full_object_detections], num_jitters: int = 0, padding: float = 0.25) -> _dlib_pybind11.vectorss
    5. (self: _dlib_pybind11.face_recognition_model_v1, batch_img: list[numpy.ndarray[(rows,cols,3),numpy.uint8]], num_jitters: int = 0) -> _dlib_pybind11.vectors

Invoked with: <_dlib_pybind11.face_recognition_model_v1 object at 0x111dd6070>, array([[[186, 166, 136],
        [187, 167, 137],
        [187, 167, 137],
        ...,
        [167, 141, 108],
        [168, 142, 109],
        [167, 141, 108]],

       [[187, 167, 137],
        [187, 167, 137],
        [187, 167, 137],
        ...,
        [168, 140, 106],
        [168, 140, 106],
        [168, 140, 106]],

       [[187, 167, 137],
        [187, 167, 137],
        [187, 167, 137],
        ...,
        [169, 140, 103],
        [169, 140, 103],
        [169, 140, 103]],

       ...,

       [[  4,   5,   4],
        [  3,   3,   3],
        [  4,   5,   4],
        ...,
        [193, 184, 182],
        [192, 182, 181],
        [193, 184, 182]],

       [[  6,   6,   5],
        [  4,   5,   4],
        [  6,   6,   5],
        ...,
        [194, 185, 184],
        [194, 185, 184],
        [194, 185, 183]],

       [[  8,   8,   7],
        [  7,   7,   6],
        [  7,   7,   7],
        ...,
        [194, 185, 184],
        [194, 185, 183],
        [194, 185, 183]]], shape=(576, 576, 3), dtype=uint8), <_dlib_pybind11.full_object_detection object at 0x11192b870>, 1. Falling back to full frame.
2026-05-30 09:31:17 - EncodingCache - WARNING - Failed to generate encoding on crop: compute_face_descriptor(): incompatible function arguments. The following argument types are supported:
    1. (self: _dlib_pybind11.face_recognition_model_v1, img: numpy.ndarray[(rows,cols,3),numpy.uint8], face: _dlib_pybind11.full_object_detection, num_jitters: int = 0, padding: float = 0.25) -> _dlib_pybind11.vector
    2. (self: _dlib_pybind11.face_recognition_model_v1, img: numpy.ndarray[(rows,cols,3),numpy.uint8], num_jitters: int = 0) -> _dlib_pybind11.vector
    3. (self: _dlib_pybind11.face_recognition_model_v1, img: numpy.ndarray[(rows,cols,3),numpy.uint8], faces: _dlib_pybind11.full_object_detections, num_jitters: int = 0, padding: float = 0.25) -> _dlib_pybind11.vectors
    4. (self: _dlib_pybind11.face_recognition_model_v1, batch_img: list[numpy.ndarray[(rows,cols,3),numpy.uint8]], batch_faces: list[_dlib_pybind11.full_object_detections], num_jitters: int = 0, padding: float = 0.25) -> _dlib_pybind11.vectorss
    5. (self: _dlib_pybind11.face_recognition_model_v1, batch_img: list[numpy.ndarray[(rows,cols,3),numpy.uint8]], num_jitters: int = 0) -> _dlib_pybind11.vectors

Invoked with: <_dlib_pybind11.face_recognition_model_v1 object at 0x111dd6070>, array([[[186, 166, 136],
        [186, 166, 136],
        [186, 166, 136],
        ...,
        [169, 143, 108],
        [169, 143, 108],
        [169, 143, 108]],

       [[186, 166, 136],
        [186, 166, 136],
        [186, 166, 136],
        ...,
        [170, 143, 107],
        [170, 143, 107],
        [170, 143, 107]],

       [[186, 166, 136],
        [186, 166, 136],
        [186, 166, 136],
        ...,
        [171, 143, 106],
        [171, 143, 106],
        [171, 143, 106]],

       ...,

       [[  6,   6,   5],
        [  6,   4,   4],
        [  6,   4,   4],
        ...,
        [191, 176, 166],
        [188, 176, 164],
        [179, 168, 157]],

       [[  6,   4,   4],
        [  6,   4,   4],
        [  5,   3,   3],
        ...,
        [188, 174, 163],
        [189, 177, 166],
        [183, 172, 162]],

       [[  8,   6,   7],
        [  6,   4,   4],
        [  6,   4,   4],
        ...,
        [185, 169, 159],
        [191, 178, 167],
        [186, 174, 165]]], shape=(576, 576, 3), dtype=uint8), <_dlib_pybind11.full_object_detection object at 0x11195aeb0>, 1. Falling back to full frame.
2026-05-30 09:31:17 - EncodingCache - WARNING - Failed to generate encoding on crop: compute_face_descriptor(): incompatible function arguments. The following argument types are supported:
    1. (self: _dlib_pybind11.face_recognition_model_v1, img: numpy.ndarray[(rows,cols,3),numpy.uint8], face: _dlib_pybind11.full_object_detection, num_jitters: int = 0, padding: float = 0.25) -> _dlib_pybind11.vector
    2. (self: _dlib_pybind11.face_recognition_model_v1, img: numpy.ndarray[(rows,cols,3),numpy.uint8], num_jitters: int = 0) -> _dlib_pybind11.vector
    3. (self: _dlib_pybind11.face_recognition_model_v1, img: numpy.ndarray[(rows,cols,3),numpy.uint8], faces: _dlib_pybind11.full_object_detections, num_jitters: int = 0, padding: float = 0.25) -> _dlib_pybind11.vectors
    4. (self: _dlib_pybind11.face_recognition_model_v1, batch_img: list[numpy.ndarray[(rows,cols,3),numpy.uint8]], batch_faces: list[_dlib_pybind11.full_object_detections], num_jitters: int = 0, padding: float = 0.25) -> _dlib_pybind11.vectorss
    5. (self: _dlib_pybind11.face_recognition_model_v1, batch_img: list[numpy.ndarray[(rows,cols,3),numpy.uint8]], num_jitters: int = 0) -> _dlib_pybind11.vectors

Invoked with: <_dlib_pybind11.face_recognition_model_v1 object at 0x111dd6070>, array([[[ 73,  40,  33],
        [ 72,  40,  33],
        [ 71,  40,  33],
        ...,
        [154, 122, 104],
        [154, 122, 104],
        [153, 122, 104]],

       [[ 72,  40,  34],
        [ 73,  41,  36],
        [ 72,  41,  36],
        ...,
        [154, 122, 104],
        [154, 122, 104],
        [153, 122, 104]],

       [[ 70,  39,  34],
        [ 71,  40,  36],
        [ 71,  40,  36],
        ...,
        [153, 121, 103],
        [154, 122, 104],
        [153, 122, 104]],

       ...,

       [[ 50,  50,  42],
        [ 49,  48,  40],
        [ 46,  44,  36],
        ...,
        [144, 119,  97],
        [144, 119,  97],
        [145, 120,  99]],

       [[ 47,  48,  41],
        [ 45,  46,  39],
        [ 44,  45,  37],
        ...,
        [143, 118,  96],
        [144, 119,  97],
        [145, 120,  99]],

       [[ 44,  46,  40],
        [ 43,  45,  38],
        [ 42,  44,  36],
        ...,
        [145, 119,  97],
        [145, 119,  97],
        [146, 120,  99]]], shape=(232, 232, 3), dtype=uint8), <_dlib_pybind11.full_object_detection object at 0x11213c530>, 1. Falling back to full frame.
2026-05-30 09:31:17 - EncodingCache - WARNING - Failed to generate encoding on crop: compute_face_descriptor(): incompatible function arguments. The following argument types are supported:
    1. (self: _dlib_pybind11.face_recognition_model_v1, img: numpy.ndarray[(rows,cols,3),numpy.uint8], face: _dlib_pybind11.full_object_detection, num_jitters: int = 0, padding: float = 0.25) -> _dlib_pybind11.vector
    2. (self: _dlib_pybind11.face_recognition_model_v1, img: numpy.ndarray[(rows,cols,3),numpy.uint8], num_jitters: int = 0) -> _dlib_pybind11.vector
    3. (self: _dlib_pybind11.face_recognition_model_v1, img: numpy.ndarray[(rows,cols,3),numpy.uint8], faces: _dlib_pybind11.full_object_detections, num_jitters: int = 0, padding: float = 0.25) -> _dlib_pybind11.vectors
    4. (self: _dlib_pybind11.face_recognition_model_v1, batch_img: list[numpy.ndarray[(rows,cols,3),numpy.uint8]], batch_faces: list[_dlib_pybind11.full_object_detections], num_jitters: int = 0, padding: float = 0.25) -> _dlib_pybind11.vectorss
    5. (self: _dlib_pybind11.face_recognition_model_v1, batch_img: list[numpy.ndarray[(rows,cols,3),numpy.uint8]], num_jitters: int = 0) -> _dlib_pybind11.vectors

Invoked with: <_dlib_pybind11.face_recognition_model_v1 object at 0x111dd6070>, array([[[174, 155, 134],
        [170, 153, 133],
        [166, 150, 131],
        ...,
        [169, 143, 108],
        [169, 143, 108],
        [169, 143, 108]],

       [[171, 154, 133],
        [167, 151, 131],
        [164, 149, 129],
        ...,
        [170, 143, 107],
        [170, 143, 107],
        [170, 143, 107]],

       [[168, 152, 131],
        [164, 149, 128],
        [158, 145, 125],
        ...,
        [171, 143, 106],
        [171, 143, 106],
        [171, 143, 106]],

       ...,

       [[ 21,  15,  12],
        [ 21,  15,  12],
        [ 21,  15,  12],
        ...,
        [195, 184, 177],
        [194, 182, 176],
        [194, 182, 176]],

       [[ 19,  13,   9],
        [ 20,  14,  11],
        [ 20,  14,  11],
        ...,
        [195, 185, 178],
        [194, 184, 177],
        [193, 181, 174]],

       [[ 18,  12,   8],
        [ 18,  12,   8],
        [ 19,  13,   9],
        ...,
        [195, 185, 178],
        [194, 184, 177],
        [193, 182, 176]]], shape=(576, 576, 3), dtype=uint8), <_dlib_pybind11.full_object_detection object at 0x11213c4b0>, 1. Falling back to full frame.
2026-05-30 09:31:17 - EncodingCache - WARNING - Failed to generate encoding on crop: compute_face_descriptor(): incompatible function arguments. The following argument types are supported:
    1. (self: _dlib_pybind11.face_recognition_model_v1, img: numpy.ndarray[(rows,cols,3),numpy.uint8], face: _dlib_pybind11.full_object_detection, num_jitters: int = 0, padding: float = 0.25) -> _dlib_pybind11.vector
    2. (self: _dlib_pybind11.face_recognition_model_v1, img: numpy.ndarray[(rows,cols,3),numpy.uint8], num_jitters: int = 0) -> _dlib_pybind11.vector
    3. (self: _dlib_pybind11.face_recognition_model_v1, img: numpy.ndarray[(rows,cols,3),numpy.uint8], faces: _dlib_pybind11.full_object_detections, num_jitters: int = 0, padding: float = 0.25) -> _dlib_pybind11.vectors
    4. (self: _dlib_pybind11.face_recognition_model_v1, batch_img: list[numpy.ndarray[(rows,cols,3),numpy.uint8]], batch_faces: list[_dlib_pybind11.full_object_detections], num_jitters: int = 0, padding: float = 0.25) -> _dlib_pybind11.vectorss
    5. (self: _dlib_pybind11.face_recognition_model_v1, batch_img: list[numpy.ndarray[(rows,cols,3),numpy.uint8]], num_jitters: int = 0) -> _dlib_pybind11.vectors

Invoked with: <_dlib_pybind11.face_recognition_model_v1 object at 0x111dd6070>, array([[[183, 172, 165],
        [183, 172, 165],
        [181, 171, 164],
        ...,
        [ 96,  60,  56],
        [ 72,  34,  31],
        [ 63,  24,  23]],

       [[183, 172, 165],
        [181, 171, 165],
        [181, 171, 165],
        ...,
        [105,  68,  65],
        [ 78,  40,  37],
        [ 66,  28,  26]],

       [[181, 171, 164],
        [181, 171, 165],
        [180, 170, 165],
        ...,
        [112,  75,  73],
        [ 87,  49,  46],
        [ 71,  33,  30]],

       ...,

       [[ 36,  44,  37],
        [ 38,  45,  38],
        [ 39,  46,  40],
        ...,
        [106,  88,  73],
        [111,  92,  78],
        [117,  98,  84]],

       [[ 36,  44,  37],
        [ 37,  45,  38],
        [ 40,  47,  41],
        ...,
        [105,  86,  72],
        [110,  91,  77],
        [113,  94,  80]],

       [[ 36,  45,  39],
        [ 39,  47,  41],
        [ 40,  49,  42],
        ...,
        [106,  87,  74],
        [109,  90,  77],
        [107,  89,  76]]], shape=(232, 232, 3), dtype=uint8), <_dlib_pybind11.full_object_detection object at 0x11213c6f0>, 1. Falling back to full frame.
2026-05-30 09:31:17 - EncodingCache - WARNING - Failed to generate encoding on crop: compute_face_descriptor(): incompatible function arguments. The following argument types are supported:
    1. (self: _dlib_pybind11.face_recognition_model_v1, img: numpy.ndarray[(rows,cols,3),numpy.uint8], face: _dlib_pybind11.full_object_detection, num_jitters: int = 0, padding: float = 0.25) -> _dlib_pybind11.vector
    2. (self: _dlib_pybind11.face_recognition_model_v1, img: numpy.ndarray[(rows,cols,3),numpy.uint8], num_jitters: int = 0) -> _dlib_pybind11.vector
    3. (self: _dlib_pybind11.face_recognition_model_v1, img: numpy.ndarray[(rows,cols,3),numpy.uint8], faces: _dlib_pybind11.full_object_detections, num_jitters: int = 0, padding: float = 0.25) -> _dlib_pybind11.vectors
    4. (self: _dlib_pybind11.face_recognition_model_v1, batch_img: list[numpy.ndarray[(rows,cols,3),numpy.uint8]], batch_faces: list[_dlib_pybind11.full_object_detections], num_jitters: int = 0, padding: float = 0.25) -> _dlib_pybind11.vectorss
    5. (self: _dlib_pybind11.face_recognition_model_v1, batch_img: list[numpy.ndarray[(rows,cols,3),numpy.uint8]], num_jitters: int = 0) -> _dlib_pybind11.vectors

Invoked with: <_dlib_pybind11.face_recognition_model_v1 object at 0x111dd6070>, array([[[184, 169, 145],
        [184, 169, 144],
        [186, 170, 144],
        ...,
        [183, 156, 128],
        [183, 156, 128],
        [182, 157, 128]],

       [[185, 169, 143],
        [185, 169, 142],
        [184, 169, 142],
        ...,
        [183, 156, 127],
        [183, 156, 127],
        [181, 155, 126]],

       [[186, 169, 141],
        [185, 169, 141],
        [184, 169, 141],
        ...,
        [182, 155, 125],
        [182, 155, 125],
        [181, 154, 124]],

       ...,

       [[ 59,   9,  11],
        [ 58,   9,  11],
        [ 58,  11,  12],
        ...,
        [243, 213, 141],
        [242, 213, 145],
        [248, 223, 157]],

       [[ 59,   9,  11],
        [ 59,  10,  12],
        [ 59,  12,  13],
        ...,
        [245, 215, 141],
        [243, 213, 143],
        [249, 223, 155]],

       [[ 59,  10,  12],
        [ 59,  12,  13],
        [ 58,  12,  13],
        ...,
        [244, 215, 140],
        [242, 212, 139],
        [246, 220, 150]]], shape=(576, 576, 3), dtype=uint8), <_dlib_pybind11.full_object_detection object at 0x11213c6b0>, 1. Falling back to full frame.
2026-05-30 09:31:17 - EncodingCache - WARNING - Failed to generate encoding on crop: compute_face_descriptor(): incompatible function arguments. The following argument types are supported:
    1. (self: _dlib_pybind11.face_recognition_model_v1, img: numpy.ndarray[(rows,cols,3),numpy.uint8], face: _dlib_pybind11.full_object_detection, num_jitters: int = 0, padding: float = 0.25) -> _dlib_pybind11.vector
    2. (self: _dlib_pybind11.face_recognition_model_v1, img: numpy.ndarray[(rows,cols,3),numpy.uint8], num_jitters: int = 0) -> _dlib_pybind11.vector
    3. (self: _dlib_pybind11.face_recognition_model_v1, img: numpy.ndarray[(rows,cols,3),numpy.uint8], faces: _dlib_pybind11.full_object_detections, num_jitters: int = 0, padding: float = 0.25) -> _dlib_pybind11.vectors
    4. (self: _dlib_pybind11.face_recognition_model_v1, batch_img: list[numpy.ndarray[(rows,cols,3),numpy.uint8]], batch_faces: list[_dlib_pybind11.full_object_detections], num_jitters: int = 0, padding: float = 0.25) -> _dlib_pybind11.vectorss
    5. (self: _dlib_pybind11.face_recognition_model_v1, batch_img: list[numpy.ndarray[(rows,cols,3),numpy.uint8]], num_jitters: int = 0) -> _dlib_pybind11.vectors

Invoked with: <_dlib_pybind11.face_recognition_model_v1 object at 0x111dd6070>, array([[[176, 170, 164],
        [162, 158, 153],
        [130, 129, 124],
        ...,
        [112,  67,  67],
        [113,  65,  65],
        [109,  62,  61]],

       [[170, 165, 159],
        [150, 147, 142],
        [113, 111, 107],
        ...,
        [107,  61,  61],
        [111,  64,  63],
        [111,  64,  63]],

       [[159, 155, 149],
        [133, 131, 125],
        [ 97,  95,  91],
        ...,
        [107,  61,  61],
        [114,  66,  66],
        [117,  70,  69]],

       ...,

       [[ 56,  71,  65],
        [ 59,  73,  68],
        [ 61,  75,  71],
        ...,
        [103,  85,  72],
        [ 90,  73,  58],
        [ 75,  58,  43]],

       [[ 57,  72,  66],
        [ 60,  74,  69],
        [ 61,  75,  72],
        ...,
        [101,  83,  70],
        [ 86,  69,  55],
        [ 73,  57,  42]],

       [[ 57,  72,  66],
        [ 59,  73,  68],
        [ 61,  75,  72],
        ...,
        [100,  82,  69],
        [ 84,  67,  52],
        [ 72,  55,  41]]], shape=(232, 232, 3), dtype=uint8), <_dlib_pybind11.full_object_detection object at 0x11213c6b0>, 1. Falling back to full frame.
2026-05-30 09:31:18 - EncodingCache - WARNING - Failed to generate encoding on crop: compute_face_descriptor(): incompatible function arguments. The following argument types are supported:
    1. (self: _dlib_pybind11.face_recognition_model_v1, img: numpy.ndarray[(rows,cols,3),numpy.uint8], face: _dlib_pybind11.full_object_detection, num_jitters: int = 0, padding: float = 0.25) -> _dlib_pybind11.vector
    2. (self: _dlib_pybind11.face_recognition_model_v1, img: numpy.ndarray[(rows,cols,3),numpy.uint8], num_jitters: int = 0) -> _dlib_pybind11.vector
    3. (self: _dlib_pybind11.face_recognition_model_v1, img: numpy.ndarray[(rows,cols,3),numpy.uint8], faces: _dlib_pybind11.full_object_detections, num_jitters: int = 0, padding: float = 0.25) -> _dlib_pybind11.vectors
    4. (self: _dlib_pybind11.face_recognition_model_v1, batch_img: list[numpy.ndarray[(rows,cols,3),numpy.uint8]], batch_faces: list[_dlib_pybind11.full_object_detections], num_jitters: int = 0, padding: float = 0.25) -> _dlib_pybind11.vectorss
    5. (self: _dlib_pybind11.face_recognition_model_v1, batch_img: list[numpy.ndarray[(rows,cols,3),numpy.uint8]], num_jitters: int = 0) -> _dlib_pybind11.vectors

Invoked with: <_dlib_pybind11.face_recognition_model_v1 object at 0x111dd6070>, array([[[184, 180, 176],
        [183, 179, 174],
        [182, 178, 172],
        ...,
        [ 63,  24,  27],
        [ 76,  38,  40],
        [ 88,  50,  50]],

       [[184, 180, 176],
        [183, 179, 174],
        [182, 178, 172],
        ...,
        [ 63,  25,  28],
        [ 71,  34,  35],
        [ 85,  48,  48]],

       [[184, 180, 176],
        [183, 179, 174],
        [182, 178, 172],
        ...,
        [ 63,  25,  28],
        [ 70,  34,  35],
        [ 81,  44,  44]],

       ...,

       [[104,  93,  75],
        [104,  91,  74],
        [ 99,  87,  69],
        ...,
        [111,  92,  76],
        [107,  89,  72],
        [106,  88,  71]],

       [[100,  86,  69],
        [102,  88,  70],
        [100,  86,  69],
        ...,
        [110,  91,  75],
        [107,  89,  72],
        [105,  86,  70]],

       [[ 99,  85,  67],
        [100,  87,  68],
        [101,  88,  69],
        ...,
        [108,  90,  74],
        [106,  88,  71],
        [105,  86,  70]]], shape=(232, 232, 3), dtype=uint8), <_dlib_pybind11.full_object_detection object at 0x1119439b0>, 1. Falling back to full frame.
2026-05-30 09:31:18 - EncodingCache - WARNING - Failed to generate encoding on crop: compute_face_descriptor(): incompatible function arguments. The following argument types are supported:
    1. (self: _dlib_pybind11.face_recognition_model_v1, img: numpy.ndarray[(rows,cols,3),numpy.uint8], face: _dlib_pybind11.full_object_detection, num_jitters: int = 0, padding: float = 0.25) -> _dlib_pybind11.vector
    2. (self: _dlib_pybind11.face_recognition_model_v1, img: numpy.ndarray[(rows,cols,3),numpy.uint8], num_jitters: int = 0) -> _dlib_pybind11.vector
    3. (self: _dlib_pybind11.face_recognition_model_v1, img: numpy.ndarray[(rows,cols,3),numpy.uint8], faces: _dlib_pybind11.full_object_detections, num_jitters: int = 0, padding: float = 0.25) -> _dlib_pybind11.vectors
    4. (self: _dlib_pybind11.face_recognition_model_v1, batch_img: list[numpy.ndarray[(rows,cols,3),numpy.uint8]], batch_faces: list[_dlib_pybind11.full_object_detections], num_jitters: int = 0, padding: float = 0.25) -> _dlib_pybind11.vectorss
    5. (self: _dlib_pybind11.face_recognition_model_v1, batch_img: list[numpy.ndarray[(rows,cols,3),numpy.uint8]], num_jitters: int = 0) -> _dlib_pybind11.vectors

Invoked with: <_dlib_pybind11.face_recognition_model_v1 object at 0x111dd6070>, array([[[184, 182, 180],
        [184, 182, 180],
        [182, 181, 178],
        ...,
        [190, 170, 167],
        [165, 145, 143],
        [135, 115, 113]],

       [[182, 181, 178],
        [182, 181, 178],
        [182, 181, 178],
        ...,
        [187, 166, 164],
        [167, 146, 144],
        [138, 118, 115]],

       [[182, 181, 178],
        [182, 181, 178],
        [182, 181, 178],
        ...,
        [185, 162, 160],
        [168, 146, 144],
        [142, 121, 119]],

       ...,

       [[109,  92,  70],
        [109,  92,  70],
        [108,  91,  69],
        ...,
        [ 94,  85,  72],
        [108,  99,  85],
        [117, 107,  92]],

       [[109,  93,  72],
        [110,  94,  73],
        [109,  93,  72],
        ...,
        [ 88,  79,  66],
        [104,  94,  80],
        [113, 102,  87]],

       [[110,  94,  73],
        [110,  94,  73],
        [108,  92,  70],
        ...,
        [ 80,  71,  58],
        [ 93,  84,  70],
        [109,  98,  84]]], shape=(232, 236, 3), dtype=uint8), <_dlib_pybind11.full_object_detection object at 0x1119439b0>, 1. Falling back to full frame.
2026-05-30 09:31:19 - EncodingCache - WARNING - Failed to generate encoding on crop: compute_face_descriptor(): incompatible function arguments. The following argument types are supported:
    1. (self: _dlib_pybind11.face_recognition_model_v1, img: numpy.ndarray[(rows,cols,3),numpy.uint8], face: _dlib_pybind11.full_object_detection, num_jitters: int = 0, padding: float = 0.25) -> _dlib_pybind11.vector
    2. (self: _dlib_pybind11.face_recognition_model_v1, img: numpy.ndarray[(rows,cols,3),numpy.uint8], num_jitters: int = 0) -> _dlib_pybind11.vector
    3. (self: _dlib_pybind11.face_recognition_model_v1, img: numpy.ndarray[(rows,cols,3),numpy.uint8], faces: _dlib_pybind11.full_object_detections, num_jitters: int = 0, padding: float = 0.25) -> _dlib_pybind11.vectors
    4. (self: _dlib_pybind11.face_recognition_model_v1, batch_img: list[numpy.ndarray[(rows,cols,3),numpy.uint8]], batch_faces: list[_dlib_pybind11.full_object_detections], num_jitters: int = 0, padding: float = 0.25) -> _dlib_pybind11.vectorss
    5. (self: _dlib_pybind11.face_recognition_model_v1, batch_img: list[numpy.ndarray[(rows,cols,3),numpy.uint8]], num_jitters: int = 0) -> _dlib_pybind11.vectors

Invoked with: <_dlib_pybind11.face_recognition_model_v1 object at 0x111dd6070>, array([[[253, 253, 250],
        [252, 253, 250],
        [251, 254, 250],
        ...,
        [235, 213, 184],
        [234, 212, 183],
        [233, 212, 184]],

       [[253, 253, 250],
        [251, 253, 251],
        [251, 255, 253],
        ...,
        [233, 212, 183],
        [233, 212, 184],
        [233, 212, 184]],

       [[253, 253, 250],
        [252, 255, 253],
        [250, 255, 254],
        ...,
        [234, 213, 185],
        [232, 212, 185],
        [232, 212, 185]],

       ...,

       [[169, 133, 111],
        [168, 132, 110],
        [168, 132, 110],
        ...,
        [149,  84,  96],
        [147,  83,  95],
        [148,  84,  95]],

       [[168, 132, 110],
        [168, 132, 110],
        [168, 132, 110],
        ...,
        [149,  84,  96],
        [148,  84,  96],
        [148,  84,  95]],

       [[168, 132, 110],
        [167, 131, 109],
        [168, 132, 110],
        ...,
        [149,  85,  97],
        [146,  83,  95],
        [146,  83,  94]]], shape=(492, 492, 3), dtype=uint8), <_dlib_pybind11.full_object_detection object at 0x11213c670>, 1. Falling back to full frame.
2026-05-30 09:31:20 - EncodingCache - WARNING - Failed to generate encoding on crop: compute_face_descriptor(): incompatible function arguments. The following argument types are supported:
    1. (self: _dlib_pybind11.face_recognition_model_v1, img: numpy.ndarray[(rows,cols,3),numpy.uint8], face: _dlib_pybind11.full_object_detection, num_jitters: int = 0, padding: float = 0.25) -> _dlib_pybind11.vector
    2. (self: _dlib_pybind11.face_recognition_model_v1, img: numpy.ndarray[(rows,cols,3),numpy.uint8], num_jitters: int = 0) -> _dlib_pybind11.vector
    3. (self: _dlib_pybind11.face_recognition_model_v1, img: numpy.ndarray[(rows,cols,3),numpy.uint8], faces: _dlib_pybind11.full_object_detections, num_jitters: int = 0, padding: float = 0.25) -> _dlib_pybind11.vectors
    4. (self: _dlib_pybind11.face_recognition_model_v1, batch_img: list[numpy.ndarray[(rows,cols,3),numpy.uint8]], batch_faces: list[_dlib_pybind11.full_object_detections], num_jitters: int = 0, padding: float = 0.25) -> _dlib_pybind11.vectorss
    5. (self: _dlib_pybind11.face_recognition_model_v1, batch_img: list[numpy.ndarray[(rows,cols,3),numpy.uint8]], num_jitters: int = 0) -> _dlib_pybind11.vectors

Invoked with: <_dlib_pybind11.face_recognition_model_v1 object at 0x111dd6070>, array([[[253, 253, 250],
        [253, 253, 250],
        [253, 253, 250],
        ...,
        [234, 195, 130],
        [235, 196, 132],
        [236, 198, 135]],

       [[253, 253, 250],
        [253, 253, 250],
        [253, 253, 250],
        ...,
        [237, 197, 132],
        [237, 198, 135],
        [239, 200, 139]],

       [[253, 253, 250],
        [253, 253, 250],
        [253, 253, 250],
        ...,
        [238, 198, 134],
        [240, 200, 139],
        [241, 203, 142]],

       ...,

       [[230, 161, 183],
        [226, 158, 179],
        [222, 155, 174],
        ...,
        [184, 120, 133],
        [183, 119, 132],
        [179, 115, 129]],

       [[229, 161, 183],
        [225, 158, 180],
        [222, 154, 176],
        ...,
        [175, 110, 125],
        [174, 109, 124],
        [173, 108, 123]],

       [[230, 161, 186],
        [226, 158, 181],
        [222, 154, 176],
        ...,
        [168, 103, 118],
        [167, 102, 117],
        [165, 101, 115]]], shape=(488, 488, 3), dtype=uint8), <_dlib_pybind11.full_object_detection object at 0x11211fb70>, 1. Falling back to full frame.
2026-05-30 09:31:20 - EncodingCache - WARNING - Failed to generate encoding on crop: compute_face_descriptor(): incompatible function arguments. The following argument types are supported:
    1. (self: _dlib_pybind11.face_recognition_model_v1, img: numpy.ndarray[(rows,cols,3),numpy.uint8], face: _dlib_pybind11.full_object_detection, num_jitters: int = 0, padding: float = 0.25) -> _dlib_pybind11.vector
    2. (self: _dlib_pybind11.face_recognition_model_v1, img: numpy.ndarray[(rows,cols,3),numpy.uint8], num_jitters: int = 0) -> _dlib_pybind11.vector
    3. (self: _dlib_pybind11.face_recognition_model_v1, img: numpy.ndarray[(rows,cols,3),numpy.uint8], faces: _dlib_pybind11.full_object_detections, num_jitters: int = 0, padding: float = 0.25) -> _dlib_pybind11.vectors
    4. (self: _dlib_pybind11.face_recognition_model_v1, batch_img: list[numpy.ndarray[(rows,cols,3),numpy.uint8]], batch_faces: list[_dlib_pybind11.full_object_detections], num_jitters: int = 0, padding: float = 0.25) -> _dlib_pybind11.vectorss
    5. (self: _dlib_pybind11.face_recognition_model_v1, batch_img: list[numpy.ndarray[(rows,cols,3),numpy.uint8]], num_jitters: int = 0) -> _dlib_pybind11.vectors

Invoked with: <_dlib_pybind11.face_recognition_model_v1 object at 0x111dd6070>, array([[[215, 220, 223],
        [215, 220, 223],
        [215, 220, 223],
        ...,
        [194, 157, 136],
        [194, 157, 136],
        [194, 159, 137]],

       [[215, 220, 223],
        [215, 220, 223],
        [215, 220, 223],
        ...,
        [193, 157, 136],
        [194, 157, 136],
        [194, 159, 137]],

       [[215, 220, 223],
        [215, 220, 223],
        [215, 220, 223],
        ...,
        [193, 158, 136],
        [194, 157, 136],
        [194, 159, 137]],

       ...,

       [[211, 218, 223],
        [211, 218, 223],
        [211, 218, 223],
        ...,
        [217, 216, 221],
        [220, 217, 220],
        [223, 217, 218]],

       [[211, 218, 223],
        [211, 218, 223],
        [211, 218, 223],
        ...,
        [217, 216, 221],
        [218, 216, 219],
        [221, 215, 218]],

       [[211, 218, 222],
        [211, 218, 222],
        [211, 218, 223],
        ...,
        [217, 216, 221],
        [219, 216, 219],
        [219, 213, 215]]], shape=(232, 232, 3), dtype=uint8), <_dlib_pybind11.full_object_detection object at 0x11196f6f0>, 1. Falling back to full frame.
2026-05-30 09:31:20 - EncodingCache - WARNING - Failed to generate encoding on crop: compute_face_descriptor(): incompatible function arguments. The following argument types are supported:
    1. (self: _dlib_pybind11.face_recognition_model_v1, img: numpy.ndarray[(rows,cols,3),numpy.uint8], face: _dlib_pybind11.full_object_detection, num_jitters: int = 0, padding: float = 0.25) -> _dlib_pybind11.vector
    2. (self: _dlib_pybind11.face_recognition_model_v1, img: numpy.ndarray[(rows,cols,3),numpy.uint8], num_jitters: int = 0) -> _dlib_pybind11.vector
    3. (self: _dlib_pybind11.face_recognition_model_v1, img: numpy.ndarray[(rows,cols,3),numpy.uint8], faces: _dlib_pybind11.full_object_detections, num_jitters: int = 0, padding: float = 0.25) -> _dlib_pybind11.vectors
    4. (self: _dlib_pybind11.face_recognition_model_v1, batch_img: list[numpy.ndarray[(rows,cols,3),numpy.uint8]], batch_faces: list[_dlib_pybind11.full_object_detections], num_jitters: int = 0, padding: float = 0.25) -> _dlib_pybind11.vectorss
    5. (self: _dlib_pybind11.face_recognition_model_v1, batch_img: list[numpy.ndarray[(rows,cols,3),numpy.uint8]], num_jitters: int = 0) -> _dlib_pybind11.vectors

Invoked with: <_dlib_pybind11.face_recognition_model_v1 object at 0x111dd6070>, array([[[185, 157, 149],
        [183, 154, 147],
        [179, 151, 144],
        ...,
        [243, 210, 163],
        [242, 213, 167],
        [242, 214, 171]],

       [[184, 156, 148],
        [182, 153, 146],
        [179, 151, 144],
        ...,
        [241, 209, 162],
        [241, 211, 166],
        [242, 214, 171]],

       [[182, 153, 146],
        [181, 152, 145],
        [178, 150, 142],
        ...,
        [240, 207, 161],
        [241, 211, 166],
        [242, 214, 171]],

       ...,

       [[153, 109,  93],
        [157, 114,  97],
        [165, 122, 104],
        ...,
        [181, 118, 129],
        [184, 120, 131],
        [185, 121, 133]],

       [[151, 108,  90],
        [157, 114,  96],
        [164, 121, 103],
        ...,
        [177, 113, 124],
        [180, 115, 125],
        [181, 117, 127]],

       [[151, 108,  90],
        [157, 114,  96],
        [164, 121, 103],
        ...,
        [173, 110, 121],
        [174, 111, 121],
        [176, 113, 123]]], shape=(420, 420, 3), dtype=uint8), <_dlib_pybind11.full_object_detection object at 0x111933470>, 1. Falling back to full frame.
2026-05-30 09:31:20 - EncodingCache - WARNING - Failed to generate encoding on crop: compute_face_descriptor(): incompatible function arguments. The following argument types are supported:
    1. (self: _dlib_pybind11.face_recognition_model_v1, img: numpy.ndarray[(rows,cols,3),numpy.uint8], face: _dlib_pybind11.full_object_detection, num_jitters: int = 0, padding: float = 0.25) -> _dlib_pybind11.vector
    2. (self: _dlib_pybind11.face_recognition_model_v1, img: numpy.ndarray[(rows,cols,3),numpy.uint8], num_jitters: int = 0) -> _dlib_pybind11.vector
    3. (self: _dlib_pybind11.face_recognition_model_v1, img: numpy.ndarray[(rows,cols,3),numpy.uint8], faces: _dlib_pybind11.full_object_detections, num_jitters: int = 0, padding: float = 0.25) -> _dlib_pybind11.vectors
    4. (self: _dlib_pybind11.face_recognition_model_v1, batch_img: list[numpy.ndarray[(rows,cols,3),numpy.uint8]], batch_faces: list[_dlib_pybind11.full_object_detections], num_jitters: int = 0, padding: float = 0.25) -> _dlib_pybind11.vectorss
    5. (self: _dlib_pybind11.face_recognition_model_v1, batch_img: list[numpy.ndarray[(rows,cols,3),numpy.uint8]], num_jitters: int = 0) -> _dlib_pybind11.vectors

Invoked with: <_dlib_pybind11.face_recognition_model_v1 object at 0x111dd6070>, array([[[216, 221, 222],
        [216, 221, 222],
        [216, 221, 222],
        ...,
        [191, 157, 135],
        [191, 157, 135],
        [192, 156, 135]],

       [[216, 221, 222],
        [216, 221, 222],
        [216, 221, 222],
        ...,
        [191, 157, 135],
        [191, 157, 135],
        [191, 157, 135]],

       [[216, 221, 222],
        [216, 221, 222],
        [216, 221, 222],
        ...,
        [191, 157, 135],
        [191, 157, 135],
        [191, 157, 135]],

       ...,

       [[214, 219, 222],
        [214, 219, 222],
        [214, 219, 222],
        ...,
        [203, 186, 180],
        [189, 168, 159],
        [183, 158, 146]],

       [[214, 219, 222],
        [214, 219, 222],
        [214, 219, 222],
        ...,
        [203, 186, 180],
        [192, 170, 161],
        [186, 160, 148]],

       [[214, 219, 222],
        [214, 219, 222],
        [214, 219, 222],
        ...,
        [203, 187, 181],
        [191, 170, 161],
        [185, 160, 148]]], shape=(232, 236, 3), dtype=uint8), <_dlib_pybind11.full_object_detection object at 0x11211f8b0>, 1. Falling back to full frame.
2026-05-30 09:31:20 - EncodingCache - WARNING - Failed to generate encoding on crop: compute_face_descriptor(): incompatible function arguments. The following argument types are supported:
    1. (self: _dlib_pybind11.face_recognition_model_v1, img: numpy.ndarray[(rows,cols,3),numpy.uint8], face: _dlib_pybind11.full_object_detection, num_jitters: int = 0, padding: float = 0.25) -> _dlib_pybind11.vector
    2. (self: _dlib_pybind11.face_recognition_model_v1, img: numpy.ndarray[(rows,cols,3),numpy.uint8], num_jitters: int = 0) -> _dlib_pybind11.vector
    3. (self: _dlib_pybind11.face_recognition_model_v1, img: numpy.ndarray[(rows,cols,3),numpy.uint8], faces: _dlib_pybind11.full_object_detections, num_jitters: int = 0, padding: float = 0.25) -> _dlib_pybind11.vectors
    4. (self: _dlib_pybind11.face_recognition_model_v1, batch_img: list[numpy.ndarray[(rows,cols,3),numpy.uint8]], batch_faces: list[_dlib_pybind11.full_object_detections], num_jitters: int = 0, padding: float = 0.25) -> _dlib_pybind11.vectorss
    5. (self: _dlib_pybind11.face_recognition_model_v1, batch_img: list[numpy.ndarray[(rows,cols,3),numpy.uint8]], num_jitters: int = 0) -> _dlib_pybind11.vectors

Invoked with: <_dlib_pybind11.face_recognition_model_v1 object at 0x111dd6070>, array([[[253, 253, 250],
        [253, 253, 250],
        [253, 253, 250],
        ...,
        [220, 206, 183],
        [220, 206, 182],
        [220, 206, 183]],

       [[253, 253, 250],
        [253, 253, 250],
        [253, 253, 250],
        ...,
        [220, 206, 183],
        [220, 206, 183],
        [220, 206, 184]],

       [[253, 253, 250],
        [253, 253, 250],
        [253, 253, 250],
        ...,
        [220, 206, 183],
        [220, 206, 184],
        [220, 206, 184]],

       ...,

       [[192, 149, 123],
        [192, 149, 122],
        [193, 151, 123],
        ...,
        [192, 126, 134],
        [192, 126, 133],
        [191, 126, 133]],

       [[192, 149, 123],
        [192, 149, 123],
        [192, 149, 123],
        ...,
        [192, 126, 133],
        [192, 126, 132],
        [191, 126, 133]],

       [[192, 149, 123],
        [192, 149, 123],
        [192, 149, 123],
        ...,
        [192, 126, 133],
        [192, 126, 132],
        [190, 126, 132]]], shape=(420, 420, 3), dtype=uint8), <_dlib_pybind11.full_object_detection object at 0x1119322f0>, 1. Falling back to full frame.
2026-05-30 09:31:20 - EncodingCache - WARNING - Failed to generate encoding on crop: compute_face_descriptor(): incompatible function arguments. The following argument types are supported:
    1. (self: _dlib_pybind11.face_recognition_model_v1, img: numpy.ndarray[(rows,cols,3),numpy.uint8], face: _dlib_pybind11.full_object_detection, num_jitters: int = 0, padding: float = 0.25) -> _dlib_pybind11.vector
    2. (self: _dlib_pybind11.face_recognition_model_v1, img: numpy.ndarray[(rows,cols,3),numpy.uint8], num_jitters: int = 0) -> _dlib_pybind11.vector
    3. (self: _dlib_pybind11.face_recognition_model_v1, img: numpy.ndarray[(rows,cols,3),numpy.uint8], faces: _dlib_pybind11.full_object_detections, num_jitters: int = 0, padding: float = 0.25) -> _dlib_pybind11.vectors
    4. (self: _dlib_pybind11.face_recognition_model_v1, batch_img: list[numpy.ndarray[(rows,cols,3),numpy.uint8]], batch_faces: list[_dlib_pybind11.full_object_detections], num_jitters: int = 0, padding: float = 0.25) -> _dlib_pybind11.vectorss
    5. (self: _dlib_pybind11.face_recognition_model_v1, batch_img: list[numpy.ndarray[(rows,cols,3),numpy.uint8]], num_jitters: int = 0) -> _dlib_pybind11.vectors

Invoked with: <_dlib_pybind11.face_recognition_model_v1 object at 0x111dd6070>, array([[[197, 181, 166],
        [198, 180, 166],
        [200, 181, 167],
        ...,
        [225, 179, 116],
        [226, 180, 116],
        [226, 180, 115]],

       [[197, 181, 166],
        [198, 180, 166],
        [200, 181, 167],
        ...,
        [224, 178, 115],
        [225, 179, 115],
        [225, 179, 114]],

       [[197, 181, 166],
        [198, 180, 166],
        [200, 181, 167],
        ...,
        [224, 176, 114],
        [224, 178, 113],
        [225, 179, 115]],

       ...,

       [[228, 204, 167],
        [228, 204, 167],
        [228, 204, 167],
        ...,
        [206, 160, 120],
        [205, 159, 118],
        [204, 159, 119]],

       [[229, 204, 166],
        [228, 204, 166],
        [228, 204, 166],
        ...,
        [208, 160, 119],
        [208, 160, 118],
        [207, 160, 119]],

       [[229, 204, 166],
        [228, 204, 166],
        [228, 204, 166],
        ...,
        [207, 158, 119],
        [208, 160, 119],
        [207, 160, 120]]], shape=(576, 576, 3), dtype=uint8), <_dlib_pybind11.full_object_detection object at 0x11193bb70>, 1. Falling back to full frame.
2026-05-30 09:31:20 - EncodingCache - WARNING - Failed to generate encoding on crop: compute_face_descriptor(): incompatible function arguments. The following argument types are supported:
    1. (self: _dlib_pybind11.face_recognition_model_v1, img: numpy.ndarray[(rows,cols,3),numpy.uint8], face: _dlib_pybind11.full_object_detection, num_jitters: int = 0, padding: float = 0.25) -> _dlib_pybind11.vector
    2. (self: _dlib_pybind11.face_recognition_model_v1, img: numpy.ndarray[(rows,cols,3),numpy.uint8], num_jitters: int = 0) -> _dlib_pybind11.vector
    3. (self: _dlib_pybind11.face_recognition_model_v1, img: numpy.ndarray[(rows,cols,3),numpy.uint8], faces: _dlib_pybind11.full_object_detections, num_jitters: int = 0, padding: float = 0.25) -> _dlib_pybind11.vectors
    4. (self: _dlib_pybind11.face_recognition_model_v1, batch_img: list[numpy.ndarray[(rows,cols,3),numpy.uint8]], batch_faces: list[_dlib_pybind11.full_object_detections], num_jitters: int = 0, padding: float = 0.25) -> _dlib_pybind11.vectorss
    5. (self: _dlib_pybind11.face_recognition_model_v1, batch_img: list[numpy.ndarray[(rows,cols,3),numpy.uint8]], num_jitters: int = 0) -> _dlib_pybind11.vectors

Invoked with: <_dlib_pybind11.face_recognition_model_v1 object at 0x111dd6070>, array([[[223, 225, 227],
        [223, 225, 227],
        [222, 224, 226],
        ...,
        [196, 158, 140],
        [197, 158, 139],
        [197, 158, 138]],

       [[223, 225, 227],
        [223, 225, 227],
        [222, 224, 226],
        ...,
        [194, 157, 139],
        [197, 158, 139],
        [197, 158, 138]],

       [[223, 225, 227],
        [223, 225, 227],
        [222, 224, 226],
        ...,
        [194, 157, 139],
        [195, 157, 138],
        [197, 158, 138]],

       ...,

       [[218, 220, 224],
        [218, 220, 224],
        [218, 220, 224],
        ...,
        [207, 216, 224],
        [208, 217, 225],
        [209, 218, 226]],

       [[218, 220, 224],
        [218, 220, 224],
        [218, 220, 224],
        ...,
        [211, 219, 226],
        [212, 220, 227],
        [213, 222, 228]],

       [[218, 220, 224],
        [218, 220, 224],
        [218, 220, 224],
        ...,
        [213, 222, 228],
        [214, 223, 230],
        [215, 224, 231]]], shape=(204, 204, 3), dtype=uint8), <_dlib_pybind11.full_object_detection object at 0x11213c4f0>, 1. Falling back to full frame.
2026-05-30 09:31:20 - EncodingCache - WARNING - Failed to generate encoding on crop: compute_face_descriptor(): incompatible function arguments. The following argument types are supported:
    1. (self: _dlib_pybind11.face_recognition_model_v1, img: numpy.ndarray[(rows,cols,3),numpy.uint8], face: _dlib_pybind11.full_object_detection, num_jitters: int = 0, padding: float = 0.25) -> _dlib_pybind11.vector
    2. (self: _dlib_pybind11.face_recognition_model_v1, img: numpy.ndarray[(rows,cols,3),numpy.uint8], num_jitters: int = 0) -> _dlib_pybind11.vector
    3. (self: _dlib_pybind11.face_recognition_model_v1, img: numpy.ndarray[(rows,cols,3),numpy.uint8], faces: _dlib_pybind11.full_object_detections, num_jitters: int = 0, padding: float = 0.25) -> _dlib_pybind11.vectors
    4. (self: _dlib_pybind11.face_recognition_model_v1, batch_img: list[numpy.ndarray[(rows,cols,3),numpy.uint8]], batch_faces: list[_dlib_pybind11.full_object_detections], num_jitters: int = 0, padding: float = 0.25) -> _dlib_pybind11.vectorss
    5. (self: _dlib_pybind11.face_recognition_model_v1, batch_img: list[numpy.ndarray[(rows,cols,3),numpy.uint8]], num_jitters: int = 0) -> _dlib_pybind11.vectors

Invoked with: <_dlib_pybind11.face_recognition_model_v1 object at 0x111dd6070>, array([[[253, 253, 250],
        [253, 253, 250],
        [253, 253, 250],
        ...,
        [220, 205, 183],
        [222, 206, 184],
        [222, 206, 184]],

       [[253, 253, 250],
        [253, 253, 250],
        [253, 253, 250],
        ...,
        [222, 206, 184],
        [222, 206, 184],
        [222, 206, 184]],

       [[253, 253, 250],
        [253, 253, 250],
        [253, 253, 250],
        ...,
        [222, 206, 184],
        [222, 206, 184],
        [222, 206, 184]],

       ...,

       [[175, 131, 109],
        [177, 132, 111],
        [181, 137, 116],
        ...,
        [171, 123, 126],
        [172, 129, 131],
        [156, 120, 121]],

       [[175, 130, 108],
        [178, 132, 112],
        [181, 135, 116],
        ...,
        [173, 128, 130],
        [160, 122, 123],
        [134, 102, 102]],

       [[173, 129, 107],
        [176, 131, 110],
        [180, 134, 115],
        ...,
        [176, 135, 137],
        [141, 107, 109],
        [112,  85,  85]]], shape=(420, 420, 3), dtype=uint8), <_dlib_pybind11.full_object_detection object at 0x11213c4f0>, 1. Falling back to full frame.
2026-05-30 09:31:20 - EncodingCache - WARNING - Failed to generate encoding on crop: compute_face_descriptor(): incompatible function arguments. The following argument types are supported:
    1. (self: _dlib_pybind11.face_recognition_model_v1, img: numpy.ndarray[(rows,cols,3),numpy.uint8], face: _dlib_pybind11.full_object_detection, num_jitters: int = 0, padding: float = 0.25) -> _dlib_pybind11.vector
    2. (self: _dlib_pybind11.face_recognition_model_v1, img: numpy.ndarray[(rows,cols,3),numpy.uint8], num_jitters: int = 0) -> _dlib_pybind11.vector
    3. (self: _dlib_pybind11.face_recognition_model_v1, img: numpy.ndarray[(rows,cols,3),numpy.uint8], faces: _dlib_pybind11.full_object_detections, num_jitters: int = 0, padding: float = 0.25) -> _dlib_pybind11.vectors
    4. (self: _dlib_pybind11.face_recognition_model_v1, batch_img: list[numpy.ndarray[(rows,cols,3),numpy.uint8]], batch_faces: list[_dlib_pybind11.full_object_detections], num_jitters: int = 0, padding: float = 0.25) -> _dlib_pybind11.vectorss
    5. (self: _dlib_pybind11.face_recognition_model_v1, batch_img: list[numpy.ndarray[(rows,cols,3),numpy.uint8]], num_jitters: int = 0) -> _dlib_pybind11.vectors

Invoked with: <_dlib_pybind11.face_recognition_model_v1 object at 0x111dd6070>, array([[[207, 193, 180],
        [207, 193, 180],
        [207, 193, 180],
        ...,
        [217, 166, 108],
        [222, 171, 112],
        [223, 173, 113]],

       [[208, 194, 181],
        [208, 194, 181],
        [208, 194, 181],
        ...,
        [216, 165, 107],
        [219, 169, 110],
        [223, 174, 113]],

       [[209, 195, 182],
        [209, 195, 182],
        [209, 195, 182],
        ...,
        [214, 164, 106],
        [218, 169, 110],
        [221, 173, 112]],

       ...,

       [[214, 202, 182],
        [209, 197, 178],
        [206, 195, 177],
        ...,
        [215, 170, 139],
        [215, 170, 139],
        [214, 170, 139]],

       [[185, 175, 159],
        [171, 163, 147],
        [156, 149, 135],
        ...,
        [213, 169, 138],
        [215, 170, 139],
        [214, 170, 139]],

       [[141, 135, 123],
        [131, 126, 115],
        [119, 116, 105],
        ...,
        [213, 169, 138],
        [215, 170, 139],
        [214, 170, 139]]], shape=(576, 576, 3), dtype=uint8), <_dlib_pybind11.full_object_detection object at 0x11194df70>, 1. Falling back to full frame.
2026-05-30 09:31:21 - EncodingCache - WARNING - Failed to generate encoding on crop: compute_face_descriptor(): incompatible function arguments. The following argument types are supported:
    1. (self: _dlib_pybind11.face_recognition_model_v1, img: numpy.ndarray[(rows,cols,3),numpy.uint8], face: _dlib_pybind11.full_object_detection, num_jitters: int = 0, padding: float = 0.25) -> _dlib_pybind11.vector
    2. (self: _dlib_pybind11.face_recognition_model_v1, img: numpy.ndarray[(rows,cols,3),numpy.uint8], num_jitters: int = 0) -> _dlib_pybind11.vector
    3. (self: _dlib_pybind11.face_recognition_model_v1, img: numpy.ndarray[(rows,cols,3),numpy.uint8], faces: _dlib_pybind11.full_object_detections, num_jitters: int = 0, padding: float = 0.25) -> _dlib_pybind11.vectors
    4. (self: _dlib_pybind11.face_recognition_model_v1, batch_img: list[numpy.ndarray[(rows,cols,3),numpy.uint8]], batch_faces: list[_dlib_pybind11.full_object_detections], num_jitters: int = 0, padding: float = 0.25) -> _dlib_pybind11.vectorss
    5. (self: _dlib_pybind11.face_recognition_model_v1, batch_img: list[numpy.ndarray[(rows,cols,3),numpy.uint8]], num_jitters: int = 0) -> _dlib_pybind11.vectors

Invoked with: <_dlib_pybind11.face_recognition_model_v1 object at 0x111dd6070>, array([[[253, 253, 252],
        [253, 253, 251],
        [253, 253, 250],
        ...,
        [222, 206, 184],
        [222, 206, 184],
        [222, 206, 184]],

       [[253, 253, 252],
        [253, 253, 251],
        [253, 253, 250],
        ...,
        [222, 206, 184],
        [223, 207, 185],
        [223, 207, 185]],

       [[253, 253, 252],
        [253, 253, 251],
        [253, 253, 250],
        ...,
        [222, 206, 184],
        [223, 207, 185],
        [223, 207, 185]],

       ...,

       [[161, 105, 104],
        [143,  90,  87],
        [136,  86,  81],
        ...,
        [ 44,  53,  51],
        [ 44,  53,  51],
        [ 43,  53,  51]],

       [[156, 102, 101],
        [143,  91,  88],
        [135,  86,  81],
        ...,
        [ 45,  54,  52],
        [ 44,  53,  51],
        [ 43,  53,  51]],

       [[154, 100,  98],
        [139,  88,  85],
        [135,  86,  81],
        ...,
        [ 44,  55,  52],
        [ 43,  53,  51],
        [ 42,  54,  51]]], shape=(420, 420, 3), dtype=uint8), <_dlib_pybind11.full_object_detection object at 0x1119813b0>, 1. Falling back to full frame.
2026-05-30 09:31:21 - EncodingCache - WARNING - Failed to generate encoding on crop: compute_face_descriptor(): incompatible function arguments. The following argument types are supported:
    1. (self: _dlib_pybind11.face_recognition_model_v1, img: numpy.ndarray[(rows,cols,3),numpy.uint8], face: _dlib_pybind11.full_object_detection, num_jitters: int = 0, padding: float = 0.25) -> _dlib_pybind11.vector
    2. (self: _dlib_pybind11.face_recognition_model_v1, img: numpy.ndarray[(rows,cols,3),numpy.uint8], num_jitters: int = 0) -> _dlib_pybind11.vector
    3. (self: _dlib_pybind11.face_recognition_model_v1, img: numpy.ndarray[(rows,cols,3),numpy.uint8], faces: _dlib_pybind11.full_object_detections, num_jitters: int = 0, padding: float = 0.25) -> _dlib_pybind11.vectors
    4. (self: _dlib_pybind11.face_recognition_model_v1, batch_img: list[numpy.ndarray[(rows,cols,3),numpy.uint8]], batch_faces: list[_dlib_pybind11.full_object_detections], num_jitters: int = 0, padding: float = 0.25) -> _dlib_pybind11.vectorss
    5. (self: _dlib_pybind11.face_recognition_model_v1, batch_img: list[numpy.ndarray[(rows,cols,3),numpy.uint8]], num_jitters: int = 0) -> _dlib_pybind11.vectors

Invoked with: <_dlib_pybind11.face_recognition_model_v1 object at 0x111dd6070>, array([[[211, 196, 181],
        [210, 195, 180],
        [212, 196, 181],
        ...,
        [234, 184, 120],
        [232, 183, 121],
        [232, 183, 121]],

       [[210, 195, 181],
        [211, 195, 181],
        [212, 194, 180],
        ...,
        [233, 183, 119],
        [231, 182, 120],
        [229, 179, 118]],

       [[211, 194, 182],
        [211, 193, 180],
        [212, 193, 179],
        ...,
        [233, 183, 119],
        [232, 181, 120],
        [229, 179, 119]],

       ...,

       [[ 54,  65,  58],
        [ 55,  67,  60],
        [ 56,  68,  63],
        ...,
        [207, 162, 133],
        [208, 163, 134],
        [208, 163, 134]],

       [[ 51,  61,  53],
        [ 52,  63,  57],
        [ 53,  66,  60],
        ...,
        [207, 162, 133],
        [208, 163, 134],
        [208, 163, 134]],

       [[ 46,  56,  49],
        [ 48,  58,  52],
        [ 50,  61,  56],
        ...,
        [207, 162, 133],
        [207, 162, 133],
        [207, 162, 133]]], shape=(576, 576, 3), dtype=uint8), <_dlib_pybind11.full_object_detection object at 0x11194df70>, 1. Falling back to full frame.
2026-05-30 09:31:21 - EncodingCache - WARNING - Failed to generate encoding on crop: compute_face_descriptor(): incompatible function arguments. The following argument types are supported:
    1. (self: _dlib_pybind11.face_recognition_model_v1, img: numpy.ndarray[(rows,cols,3),numpy.uint8], face: _dlib_pybind11.full_object_detection, num_jitters: int = 0, padding: float = 0.25) -> _dlib_pybind11.vector
    2. (self: _dlib_pybind11.face_recognition_model_v1, img: numpy.ndarray[(rows,cols,3),numpy.uint8], num_jitters: int = 0) -> _dlib_pybind11.vector
    3. (self: _dlib_pybind11.face_recognition_model_v1, img: numpy.ndarray[(rows,cols,3),numpy.uint8], faces: _dlib_pybind11.full_object_detections, num_jitters: int = 0, padding: float = 0.25) -> _dlib_pybind11.vectors
    4. (self: _dlib_pybind11.face_recognition_model_v1, batch_img: list[numpy.ndarray[(rows,cols,3),numpy.uint8]], batch_faces: list[_dlib_pybind11.full_object_detections], num_jitters: int = 0, padding: float = 0.25) -> _dlib_pybind11.vectorss
    5. (self: _dlib_pybind11.face_recognition_model_v1, batch_img: list[numpy.ndarray[(rows,cols,3),numpy.uint8]], num_jitters: int = 0) -> _dlib_pybind11.vectors

Invoked with: <_dlib_pybind11.face_recognition_model_v1 object at 0x111dd6070>, array([[[196, 179, 169],
        [196, 179, 169],
        [197, 180, 170],
        ...,
        [202, 155, 104],
        [200, 151,  98],
        [201, 150,  94]],

       [[196, 179, 169],
        [197, 180, 170],
        [198, 181, 171],
        ...,
        [201, 153, 104],
        [199, 150,  97],
        [208, 157, 101]],

       [[197, 180, 170],
        [197, 180, 170],
        [198, 181, 171],
        ...,
        [199, 151, 103],
        [204, 154, 102],
        [211, 160, 105]],

       ...,

       [[ 65,  65,  59],
        [ 66,  68,  63],
        [ 77,  81,  77],
        ...,
        [216, 171, 142],
        [215, 170, 141],
        [215, 170, 141]],

       [[ 66,  70,  62],
        [ 77,  81,  75],
        [116, 121, 117],
        ...,
        [215, 170, 141],
        [215, 170, 141],
        [215, 170, 141]],

       [[ 65,  70,  63],
        [103, 108, 103],
        [176, 181, 177],
        ...,
        [215, 170, 141],
        [215, 170, 141],
        [215, 170, 141]]], shape=(576, 576, 3), dtype=uint8), <_dlib_pybind11.full_object_detection object at 0x111980930>, 1. Falling back to full frame.
2026-05-30 09:31:21 - EncodingCache - WARNING - Failed to generate encoding on crop: compute_face_descriptor(): incompatible function arguments. The following argument types are supported:
    1. (self: _dlib_pybind11.face_recognition_model_v1, img: numpy.ndarray[(rows,cols,3),numpy.uint8], face: _dlib_pybind11.full_object_detection, num_jitters: int = 0, padding: float = 0.25) -> _dlib_pybind11.vector
    2. (self: _dlib_pybind11.face_recognition_model_v1, img: numpy.ndarray[(rows,cols,3),numpy.uint8], num_jitters: int = 0) -> _dlib_pybind11.vector
    3. (self: _dlib_pybind11.face_recognition_model_v1, img: numpy.ndarray[(rows,cols,3),numpy.uint8], faces: _dlib_pybind11.full_object_detections, num_jitters: int = 0, padding: float = 0.25) -> _dlib_pybind11.vectors
    4. (self: _dlib_pybind11.face_recognition_model_v1, batch_img: list[numpy.ndarray[(rows,cols,3),numpy.uint8]], batch_faces: list[_dlib_pybind11.full_object_detections], num_jitters: int = 0, padding: float = 0.25) -> _dlib_pybind11.vectorss
    5. (self: _dlib_pybind11.face_recognition_model_v1, batch_img: list[numpy.ndarray[(rows,cols,3),numpy.uint8]], num_jitters: int = 0) -> _dlib_pybind11.vectors

Invoked with: <_dlib_pybind11.face_recognition_model_v1 object at 0x111dd6070>, array([[[253, 253, 250],
        [253, 253, 250],
        [253, 253, 250],
        ...,
        [223, 207, 183],
        [223, 207, 183],
        [223, 207, 183]],

       [[253, 253, 250],
        [253, 253, 250],
        [253, 253, 250],
        ...,
        [223, 207, 183],
        [223, 207, 183],
        [223, 207, 183]],

       [[253, 253, 250],
        [253, 253, 250],
        [253, 253, 250],
        ...,
        [223, 207, 183],
        [223, 207, 183],
        [223, 207, 183]],

       ...,

       [[193, 111, 126],
        [196, 114, 128],
        [197, 115, 129],
        ...,
        [ 42,  54,  51],
        [ 42,  54,  52],
        [ 41,  52,  51]],

       [[195, 112, 129],
        [196, 113, 129],
        [197, 115, 129],
        ...,
        [ 42,  54,  51],
        [ 42,  54,  51],
        [ 41,  52,  51]],

       [[195, 112, 129],
        [196, 113, 129],
        [199, 116, 131],
        ...,
        [ 42,  54,  51],
        [ 41,  53,  50],
        [ 41,  52,  51]]], shape=(420, 420, 3), dtype=uint8), <_dlib_pybind11.full_object_detection object at 0x111983f30>, 1. Falling back to full frame.
2026-05-30 09:31:21 - EncodingCache - WARNING - Failed to generate encoding on crop: compute_face_descriptor(): incompatible function arguments. The following argument types are supported:
    1. (self: _dlib_pybind11.face_recognition_model_v1, img: numpy.ndarray[(rows,cols,3),numpy.uint8], face: _dlib_pybind11.full_object_detection, num_jitters: int = 0, padding: float = 0.25) -> _dlib_pybind11.vector
    2. (self: _dlib_pybind11.face_recognition_model_v1, img: numpy.ndarray[(rows,cols,3),numpy.uint8], num_jitters: int = 0) -> _dlib_pybind11.vector
    3. (self: _dlib_pybind11.face_recognition_model_v1, img: numpy.ndarray[(rows,cols,3),numpy.uint8], faces: _dlib_pybind11.full_object_detections, num_jitters: int = 0, padding: float = 0.25) -> _dlib_pybind11.vectors
    4. (self: _dlib_pybind11.face_recognition_model_v1, batch_img: list[numpy.ndarray[(rows,cols,3),numpy.uint8]], batch_faces: list[_dlib_pybind11.full_object_detections], num_jitters: int = 0, padding: float = 0.25) -> _dlib_pybind11.vectorss
    5. (self: _dlib_pybind11.face_recognition_model_v1, batch_img: list[numpy.ndarray[(rows,cols,3),numpy.uint8]], num_jitters: int = 0) -> _dlib_pybind11.vectors

Invoked with: <_dlib_pybind11.face_recognition_model_v1 object at 0x111dd6070>, array([[[217, 220, 221],
        [216, 220, 221],
        [215, 220, 221],
        ...,
        [207, 212, 210],
        [206, 211, 210],
        [207, 212, 211]],

       [[217, 220, 221],
        [215, 219, 220],
        [214, 219, 220],
        ...,
        [206, 211, 209],
        [206, 211, 210],
        [207, 212, 211]],

       [[217, 220, 221],
        [215, 219, 220],
        [214, 219, 220],
        ...,
        [207, 211, 209],
        [206, 211, 210],
        [206, 211, 210]],

       ...,

       [[214, 219, 220],
        [214, 219, 220],
        [214, 219, 220],
        ...,
        [200, 207, 215],
        [202, 210, 217],
        [206, 213, 220]],

       [[214, 219, 220],
        [214, 219, 220],
        [214, 219, 220],
        ...,
        [211, 219, 226],
        [214, 223, 230],
        [215, 224, 231]],

       [[213, 218, 219],
        [213, 218, 219],
        [214, 219, 220],
        ...,
        [216, 225, 232],
        [217, 227, 233],
        [217, 226, 234]]], shape=(204, 204, 3), dtype=uint8), <_dlib_pybind11.full_object_detection object at 0x111983f30>, 1. Falling back to full frame.
2026-05-30 09:31:21 - EncodingCache - WARNING - Failed to generate encoding on crop: compute_face_descriptor(): incompatible function arguments. The following argument types are supported:
    1. (self: _dlib_pybind11.face_recognition_model_v1, img: numpy.ndarray[(rows,cols,3),numpy.uint8], face: _dlib_pybind11.full_object_detection, num_jitters: int = 0, padding: float = 0.25) -> _dlib_pybind11.vector
    2. (self: _dlib_pybind11.face_recognition_model_v1, img: numpy.ndarray[(rows,cols,3),numpy.uint8], num_jitters: int = 0) -> _dlib_pybind11.vector
    3. (self: _dlib_pybind11.face_recognition_model_v1, img: numpy.ndarray[(rows,cols,3),numpy.uint8], faces: _dlib_pybind11.full_object_detections, num_jitters: int = 0, padding: float = 0.25) -> _dlib_pybind11.vectors
    4. (self: _dlib_pybind11.face_recognition_model_v1, batch_img: list[numpy.ndarray[(rows,cols,3),numpy.uint8]], batch_faces: list[_dlib_pybind11.full_object_detections], num_jitters: int = 0, padding: float = 0.25) -> _dlib_pybind11.vectorss
    5. (self: _dlib_pybind11.face_recognition_model_v1, batch_img: list[numpy.ndarray[(rows,cols,3),numpy.uint8]], num_jitters: int = 0) -> _dlib_pybind11.vectors

Invoked with: <_dlib_pybind11.face_recognition_model_v1 object at 0x111dd6070>, array([[[255, 217, 130],
        [254, 216, 134],
        [252, 214, 137],
        ...,
        [224, 208, 184],
        [224, 208, 184],
        [223, 207, 183]],

       [[255, 217, 132],
        [254, 216, 134],
        [252, 214, 137],
        ...,
        [223, 207, 183],
        [224, 208, 184],
        [223, 207, 183]],

       [[255, 217, 133],
        [255, 217, 136],
        [253, 216, 138],
        ...,
        [223, 207, 183],
        [224, 208, 184],
        [223, 207, 183]],

       ...,

       [[178, 100, 113],
        [178,  99, 113],
        [177,  98, 112],
        ...,
        [ 44,  54,  54],
        [ 46,  55,  55],
        [ 46,  57,  56]],

       [[178, 100, 113],
        [177,  98, 111],
        [178,  98, 111],
        ...,
        [ 44,  54,  54],
        [ 45,  54,  54],
        [ 45,  56,  55]],

       [[178, 100, 113],
        [177,  98, 111],
        [177,  97, 110],
        ...,
        [ 43,  55,  54],
        [ 43,  53,  53],
        [ 43,  55,  54]]], shape=(356, 360, 3), dtype=uint8), <_dlib_pybind11.full_object_detection object at 0x111980930>, 1. Falling back to full frame.
2026-05-30 09:31:21 - EncodingCache - WARNING - Failed to generate encoding on crop: compute_face_descriptor(): incompatible function arguments. The following argument types are supported:
    1. (self: _dlib_pybind11.face_recognition_model_v1, img: numpy.ndarray[(rows,cols,3),numpy.uint8], face: _dlib_pybind11.full_object_detection, num_jitters: int = 0, padding: float = 0.25) -> _dlib_pybind11.vector
    2. (self: _dlib_pybind11.face_recognition_model_v1, img: numpy.ndarray[(rows,cols,3),numpy.uint8], num_jitters: int = 0) -> _dlib_pybind11.vector
    3. (self: _dlib_pybind11.face_recognition_model_v1, img: numpy.ndarray[(rows,cols,3),numpy.uint8], faces: _dlib_pybind11.full_object_detections, num_jitters: int = 0, padding: float = 0.25) -> _dlib_pybind11.vectors
    4. (self: _dlib_pybind11.face_recognition_model_v1, batch_img: list[numpy.ndarray[(rows,cols,3),numpy.uint8]], batch_faces: list[_dlib_pybind11.full_object_detections], num_jitters: int = 0, padding: float = 0.25) -> _dlib_pybind11.vectorss
    5. (self: _dlib_pybind11.face_recognition_model_v1, batch_img: list[numpy.ndarray[(rows,cols,3),numpy.uint8]], num_jitters: int = 0) -> _dlib_pybind11.vectors

Invoked with: <_dlib_pybind11.face_recognition_model_v1 object at 0x111dd6070>, array([[[196, 179, 169],
        [196, 179, 169],
        [197, 180, 170],
        ...,
        [181, 148, 115],
        [187, 152, 114],
        [190, 153, 111]],

       [[196, 179, 169],
        [197, 180, 170],
        [198, 181, 171],
        ...,
        [179, 147, 116],
        [182, 148, 113],
        [187, 150, 111]],

       [[197, 180, 170],
        [197, 180, 170],
        [198, 181, 171],
        ...,
        [173, 142, 112],
        [178, 145, 111],
        [179, 143, 106]],

       ...,

       [[ 62,  72,  66],
        [ 91, 101,  95],
        [105, 115, 108],
        ...,
        [216, 171, 140],
        [215, 170, 139],
        [215, 170, 139]],

       [[ 59,  68,  64],
        [ 66,  75,  71],
        [ 85,  95,  90],
        ...,
        [216, 171, 140],
        [215, 170, 139],
        [215, 170, 139]],

       [[ 49,  59,  54],
        [ 63,  73,  68],
        [ 75,  85,  80],
        ...,
        [215, 170, 139],
        [215, 170, 139],
        [215, 170, 139]]], shape=(576, 576, 3), dtype=uint8), <_dlib_pybind11.full_object_detection object at 0x111983030>, 1. Falling back to full frame.
2026-05-30 09:31:22 - EncodingCache - WARNING - Failed to generate encoding on crop: compute_face_descriptor(): incompatible function arguments. The following argument types are supported:
    1. (self: _dlib_pybind11.face_recognition_model_v1, img: numpy.ndarray[(rows,cols,3),numpy.uint8], face: _dlib_pybind11.full_object_detection, num_jitters: int = 0, padding: float = 0.25) -> _dlib_pybind11.vector
    2. (self: _dlib_pybind11.face_recognition_model_v1, img: numpy.ndarray[(rows,cols,3),numpy.uint8], num_jitters: int = 0) -> _dlib_pybind11.vector
    3. (self: _dlib_pybind11.face_recognition_model_v1, img: numpy.ndarray[(rows,cols,3),numpy.uint8], faces: _dlib_pybind11.full_object_detections, num_jitters: int = 0, padding: float = 0.25) -> _dlib_pybind11.vectors
    4. (self: _dlib_pybind11.face_recognition_model_v1, batch_img: list[numpy.ndarray[(rows,cols,3),numpy.uint8]], batch_faces: list[_dlib_pybind11.full_object_detections], num_jitters: int = 0, padding: float = 0.25) -> _dlib_pybind11.vectorss
    5. (self: _dlib_pybind11.face_recognition_model_v1, batch_img: list[numpy.ndarray[(rows,cols,3),numpy.uint8]], num_jitters: int = 0) -> _dlib_pybind11.vectors

Invoked with: <_dlib_pybind11.face_recognition_model_v1 object at 0x111dd6070>, array([[[196, 179, 169],
        [196, 179, 168],
        [197, 181, 168],
        ...,
        [174, 140,  94],
        [172, 138,  91],
        [172, 138,  89]],

       [[196, 179, 169],
        [197, 180, 169],
        [197, 181, 168],
        ...,
        [170, 136,  93],
        [170, 136,  92],
        [172, 137,  90]],

       [[197, 180, 170],
        [197, 180, 169],
        [197, 181, 168],
        ...,
        [169, 136,  95],
        [169, 135,  93],
        [169, 135,  89]],

       ...,

       [[ 93, 102,  91],
        [ 89,  99,  89],
        [ 86,  97,  87],
        ...,
        [215, 168, 138],
        [215, 168, 138],
        [215, 168, 139]],

       [[ 90, 100,  89],
        [ 88,  99,  89],
        [ 86,  98,  88],
        ...,
        [215, 168, 138],
        [215, 168, 138],
        [215, 168, 139]],

       [[ 84,  96,  84],
        [ 84,  96,  85],
        [ 83,  96,  86],
        ...,
        [215, 168, 139],
        [215, 168, 139],
        [215, 168, 140]]], shape=(576, 576, 3), dtype=uint8), <_dlib_pybind11.full_object_detection object at 0x1119803f0>, 1. Falling back to full frame.
2026-05-30 09:31:22 - EncodingCache - WARNING - Failed to generate encoding on crop: compute_face_descriptor(): incompatible function arguments. The following argument types are supported:
    1. (self: _dlib_pybind11.face_recognition_model_v1, img: numpy.ndarray[(rows,cols,3),numpy.uint8], face: _dlib_pybind11.full_object_detection, num_jitters: int = 0, padding: float = 0.25) -> _dlib_pybind11.vector
    2. (self: _dlib_pybind11.face_recognition_model_v1, img: numpy.ndarray[(rows,cols,3),numpy.uint8], num_jitters: int = 0) -> _dlib_pybind11.vector
    3. (self: _dlib_pybind11.face_recognition_model_v1, img: numpy.ndarray[(rows,cols,3),numpy.uint8], faces: _dlib_pybind11.full_object_detections, num_jitters: int = 0, padding: float = 0.25) -> _dlib_pybind11.vectors
    4. (self: _dlib_pybind11.face_recognition_model_v1, batch_img: list[numpy.ndarray[(rows,cols,3),numpy.uint8]], batch_faces: list[_dlib_pybind11.full_object_detections], num_jitters: int = 0, padding: float = 0.25) -> _dlib_pybind11.vectorss
    5. (self: _dlib_pybind11.face_recognition_model_v1, batch_img: list[numpy.ndarray[(rows,cols,3),numpy.uint8]], num_jitters: int = 0) -> _dlib_pybind11.vectors

Invoked with: <_dlib_pybind11.face_recognition_model_v1 object at 0x111dd6070>, array([[[211, 190, 143],
        [212, 187, 139],
        [210, 180, 132],
        ...,
        [131, 118, 103],
        [172, 158, 143],
        [201, 187, 171]],

       [[210, 189, 143],
        [215, 189, 143],
        [214, 184, 137],
        ...,
        [141, 129, 115],
        [193, 180, 165],
        [212, 199, 183]],

       [[211, 190, 145],
        [216, 190, 145],
        [215, 183, 138],
        ...,
        [167, 156, 142],
        [205, 193, 178],
        [217, 204, 188]],

       ...,

       [[219, 146, 160],
        [218, 148, 160],
        [215, 149, 159],
        ...,
        [ 52,  69,  65],
        [ 52,  69,  65],
        [ 53,  70,  66]],

       [[220, 147, 161],
        [218, 148, 160],
        [216, 150, 160],
        ...,
        [ 51,  68,  63],
        [ 52,  69,  65],
        [ 52,  69,  65]],

       [[221, 148, 162],
        [218, 149, 161],
        [218, 152, 162],
        ...,
        [ 51,  68,  63],
        [ 51,  68,  63],
        [ 52,  69,  65]]], shape=(308, 308, 3), dtype=uint8), <_dlib_pybind11.full_object_detection object at 0x1119306b0>, 1. Falling back to full frame.
2026-05-30 09:31:22 - EncodingCache - WARNING - Failed to generate encoding on crop: compute_face_descriptor(): incompatible function arguments. The following argument types are supported:
    1. (self: _dlib_pybind11.face_recognition_model_v1, img: numpy.ndarray[(rows,cols,3),numpy.uint8], face: _dlib_pybind11.full_object_detection, num_jitters: int = 0, padding: float = 0.25) -> _dlib_pybind11.vector
    2. (self: _dlib_pybind11.face_recognition_model_v1, img: numpy.ndarray[(rows,cols,3),numpy.uint8], num_jitters: int = 0) -> _dlib_pybind11.vector
    3. (self: _dlib_pybind11.face_recognition_model_v1, img: numpy.ndarray[(rows,cols,3),numpy.uint8], faces: _dlib_pybind11.full_object_detections, num_jitters: int = 0, padding: float = 0.25) -> _dlib_pybind11.vectors
    4. (self: _dlib_pybind11.face_recognition_model_v1, batch_img: list[numpy.ndarray[(rows,cols,3),numpy.uint8]], batch_faces: list[_dlib_pybind11.full_object_detections], num_jitters: int = 0, padding: float = 0.25) -> _dlib_pybind11.vectorss
    5. (self: _dlib_pybind11.face_recognition_model_v1, batch_img: list[numpy.ndarray[(rows,cols,3),numpy.uint8]], num_jitters: int = 0) -> _dlib_pybind11.vectors

Invoked with: <_dlib_pybind11.face_recognition_model_v1 object at 0x111dd6070>, array([[[216, 218, 220],
        [215, 219, 220],
        [214, 219, 220],
        ...,
        [202, 209, 207],
        [202, 209, 207],
        [203, 210, 208]],

       [[216, 218, 220],
        [215, 219, 220],
        [214, 219, 220],
        ...,
        [202, 209, 207],
        [202, 209, 207],
        [202, 209, 207]],

       [[216, 218, 220],
        [215, 219, 220],
        [214, 219, 220],
        ...,
        [202, 208, 206],
        [202, 209, 207],
        [203, 209, 207]],

       ...,

       [[210, 214, 215],
        [210, 214, 215],
        [210, 214, 215],
        ...,
        [211, 222, 231],
        [210, 221, 229],
        [209, 220, 228]],

       [[210, 214, 215],
        [210, 214, 215],
        [210, 214, 215],
        ...,
        [210, 221, 229],
        [210, 221, 229],
        [210, 219, 228]],

       [[210, 214, 215],
        [210, 214, 215],
        [210, 214, 215],
        ...,
        [210, 221, 229],
        [209, 220, 228],
        [210, 219, 228]]], shape=(204, 204, 3), dtype=uint8), <_dlib_pybind11.full_object_detection object at 0x1119582f0>, 1. Falling back to full frame.
2026-05-30 09:31:22 - EncodingCache - WARNING - Failed to generate encoding on crop: compute_face_descriptor(): incompatible function arguments. The following argument types are supported:
    1. (self: _dlib_pybind11.face_recognition_model_v1, img: numpy.ndarray[(rows,cols,3),numpy.uint8], face: _dlib_pybind11.full_object_detection, num_jitters: int = 0, padding: float = 0.25) -> _dlib_pybind11.vector
    2. (self: _dlib_pybind11.face_recognition_model_v1, img: numpy.ndarray[(rows,cols,3),numpy.uint8], num_jitters: int = 0) -> _dlib_pybind11.vector
    3. (self: _dlib_pybind11.face_recognition_model_v1, img: numpy.ndarray[(rows,cols,3),numpy.uint8], faces: _dlib_pybind11.full_object_detections, num_jitters: int = 0, padding: float = 0.25) -> _dlib_pybind11.vectors
    4. (self: _dlib_pybind11.face_recognition_model_v1, batch_img: list[numpy.ndarray[(rows,cols,3),numpy.uint8]], batch_faces: list[_dlib_pybind11.full_object_detections], num_jitters: int = 0, padding: float = 0.25) -> _dlib_pybind11.vectorss
    5. (self: _dlib_pybind11.face_recognition_model_v1, batch_img: list[numpy.ndarray[(rows,cols,3),numpy.uint8]], num_jitters: int = 0) -> _dlib_pybind11.vectors

Invoked with: <_dlib_pybind11.face_recognition_model_v1 object at 0x111dd6070>, array([[[253, 253, 250],
        [253, 253, 251],
        [253, 253, 252],
        ...,
        [220, 202, 176],
        [220, 202, 176],
        [220, 202, 176]],

       [[253, 253, 251],
        [253, 253, 251],
        [253, 253, 251],
        ...,
        [220, 202, 176],
        [220, 202, 176],
        [220, 202, 176]],

       [[253, 253, 252],
        [253, 253, 251],
        [253, 253, 250],
        ...,
        [220, 202, 176],
        [220, 202, 176],
        [220, 202, 176]],

       ...,

       [[228, 159, 179],
        [225, 155, 174],
        [223, 153, 171],
        ...,
        [181, 114, 124],
        [182, 115, 125],
        [184, 116, 127]],

       [[225, 155, 176],
        [225, 154, 173],
        [222, 150, 169],
        ...,
        [174, 108, 118],
        [176, 109, 120],
        [179, 111, 122]],

       [[223, 153, 172],
        [223, 153, 172],
        [221, 149, 168],
        ...,
        [171, 105, 115],
        [173, 107, 117],
        [176, 109, 120]]], shape=(360, 356, 3), dtype=uint8), <_dlib_pybind11.full_object_detection object at 0x11192a530>, 1. Falling back to full frame.
2026-05-30 09:31:22 - EncodingCache - WARNING - Failed to generate encoding on crop: compute_face_descriptor(): incompatible function arguments. The following argument types are supported:
    1. (self: _dlib_pybind11.face_recognition_model_v1, img: numpy.ndarray[(rows,cols,3),numpy.uint8], face: _dlib_pybind11.full_object_detection, num_jitters: int = 0, padding: float = 0.25) -> _dlib_pybind11.vector
    2. (self: _dlib_pybind11.face_recognition_model_v1, img: numpy.ndarray[(rows,cols,3),numpy.uint8], num_jitters: int = 0) -> _dlib_pybind11.vector
    3. (self: _dlib_pybind11.face_recognition_model_v1, img: numpy.ndarray[(rows,cols,3),numpy.uint8], faces: _dlib_pybind11.full_object_detections, num_jitters: int = 0, padding: float = 0.25) -> _dlib_pybind11.vectors
    4. (self: _dlib_pybind11.face_recognition_model_v1, batch_img: list[numpy.ndarray[(rows,cols,3),numpy.uint8]], batch_faces: list[_dlib_pybind11.full_object_detections], num_jitters: int = 0, padding: float = 0.25) -> _dlib_pybind11.vectorss
    5. (self: _dlib_pybind11.face_recognition_model_v1, batch_img: list[numpy.ndarray[(rows,cols,3),numpy.uint8]], num_jitters: int = 0) -> _dlib_pybind11.vectors

Invoked with: <_dlib_pybind11.face_recognition_model_v1 object at 0x111dd6070>, array([[[203, 168, 126],
        [203, 168, 126],
        [202, 167, 125],
        ...,
        [ 95,  81,  69],
        [ 97,  82,  70],
        [101,  84,  70]],

       [[203, 169, 125],
        [203, 169, 125],
        [203, 169, 124],
        ...,
        [ 96,  83,  70],
        [ 98,  84,  71],
        [102,  86,  71]],

       [[203, 169, 124],
        [203, 169, 123],
        [203, 169, 122],
        ...,
        [ 97,  82,  70],
        [ 98,  84,  71],
        [101,  86,  71]],

       ...,

       [[227, 228, 225],
        [227, 228, 225],
        [225, 225, 223],
        ...,
        [214, 168, 135],
        [213, 168, 135],
        [213, 168, 135]],

       [[226, 229, 228],
        [228, 230, 229],
        [229, 231, 230],
        ...,
        [213, 168, 135],
        [212, 168, 135],
        [212, 168, 135]],

       [[225, 229, 228],
        [224, 228, 226],
        [224, 228, 226],
        ...,
        [213, 168, 135],
        [212, 168, 135],
        [212, 168, 135]]], shape=(492, 492, 3), dtype=uint8), <_dlib_pybind11.full_object_detection object at 0x11196c7b0>, 1. Falling back to full frame.
2026-05-30 09:31:22 - EncodingCache - WARNING - Failed to generate encoding on crop: compute_face_descriptor(): incompatible function arguments. The following argument types are supported:
    1. (self: _dlib_pybind11.face_recognition_model_v1, img: numpy.ndarray[(rows,cols,3),numpy.uint8], face: _dlib_pybind11.full_object_detection, num_jitters: int = 0, padding: float = 0.25) -> _dlib_pybind11.vector
    2. (self: _dlib_pybind11.face_recognition_model_v1, img: numpy.ndarray[(rows,cols,3),numpy.uint8], num_jitters: int = 0) -> _dlib_pybind11.vector
    3. (self: _dlib_pybind11.face_recognition_model_v1, img: numpy.ndarray[(rows,cols,3),numpy.uint8], faces: _dlib_pybind11.full_object_detections, num_jitters: int = 0, padding: float = 0.25) -> _dlib_pybind11.vectors
    4. (self: _dlib_pybind11.face_recognition_model_v1, batch_img: list[numpy.ndarray[(rows,cols,3),numpy.uint8]], batch_faces: list[_dlib_pybind11.full_object_detections], num_jitters: int = 0, padding: float = 0.25) -> _dlib_pybind11.vectorss
    5. (self: _dlib_pybind11.face_recognition_model_v1, batch_img: list[numpy.ndarray[(rows,cols,3),numpy.uint8]], num_jitters: int = 0) -> _dlib_pybind11.vectors

Invoked with: <_dlib_pybind11.face_recognition_model_v1 object at 0x111dd6070>, array([[[216, 218, 220],
        [216, 218, 220],
        [210, 213, 214],
        ...,
        [193, 194, 191],
        [200, 201, 198],
        [203, 203, 201]],

       [[215, 217, 219],
        [214, 216, 217],
        [209, 211, 213],
        ...,
        [195, 195, 192],
        [200, 201, 198],
        [204, 204, 202]],

       [[216, 218, 220],
        [211, 214, 215],
        [201, 203, 205],
        ...,
        [195, 195, 192],
        [200, 201, 198],
        [204, 204, 202]],

       ...,

       [[214, 214, 216],
        [212, 212, 213],
        [207, 208, 208],
        ...,
        [197, 210, 217],
        [197, 209, 218],
        [199, 211, 219]],

       [[214, 214, 216],
        [212, 212, 213],
        [206, 206, 206],
        ...,
        [198, 209, 217],
        [198, 209, 218],
        [197, 208, 217]],

       [[214, 214, 215],
        [211, 211, 211],
        [207, 208, 207],
        ...,
        [197, 208, 216],
        [197, 208, 217],
        [197, 208, 217]]], shape=(204, 204, 3), dtype=uint8), <_dlib_pybind11.full_object_detection object at 0x1030a3db0>, 1. Falling back to full frame.
2026-05-30 09:31:23 - EncodingCache - WARNING - Failed to generate encoding on crop: compute_face_descriptor(): incompatible function arguments. The following argument types are supported:
    1. (self: _dlib_pybind11.face_recognition_model_v1, img: numpy.ndarray[(rows,cols,3),numpy.uint8], face: _dlib_pybind11.full_object_detection, num_jitters: int = 0, padding: float = 0.25) -> _dlib_pybind11.vector
    2. (self: _dlib_pybind11.face_recognition_model_v1, img: numpy.ndarray[(rows,cols,3),numpy.uint8], num_jitters: int = 0) -> _dlib_pybind11.vector
    3. (self: _dlib_pybind11.face_recognition_model_v1, img: numpy.ndarray[(rows,cols,3),numpy.uint8], faces: _dlib_pybind11.full_object_detections, num_jitters: int = 0, padding: float = 0.25) -> _dlib_pybind11.vectors
    4. (self: _dlib_pybind11.face_recognition_model_v1, batch_img: list[numpy.ndarray[(rows,cols,3),numpy.uint8]], batch_faces: list[_dlib_pybind11.full_object_detections], num_jitters: int = 0, padding: float = 0.25) -> _dlib_pybind11.vectorss
    5. (self: _dlib_pybind11.face_recognition_model_v1, batch_img: list[numpy.ndarray[(rows,cols,3),numpy.uint8]], num_jitters: int = 0) -> _dlib_pybind11.vectors

Invoked with: <_dlib_pybind11.face_recognition_model_v1 object at 0x111dd6070>, array([[[254, 254, 252],
        [254, 254, 253],
        [254, 254, 254],
        ...,
        [225, 207, 181],
        [225, 207, 181],
        [225, 207, 181]],

       [[254, 254, 252],
        [254, 254, 252],
        [254, 254, 253],
        ...,
        [225, 206, 181],
        [225, 206, 181],
        [225, 206, 181]],

       [[254, 254, 252],
        [254, 254, 252],
        [253, 253, 250],
        ...,
        [226, 206, 181],
        [226, 206, 181],
        [226, 206, 181]],

       ...,

       [[176, 102, 119],
        [178, 103, 120],
        [182, 105, 123],
        ...,
        [123,  87,  93],
        [100,  73,  76],
        [ 77,  58,  61]],

       [[177, 104, 120],
        [180, 105, 121],
        [183, 107, 124],
        ...,
        [108,  78,  82],
        [ 85,  62,  65],
        [ 68,  55,  57]],

       [[178, 103, 120],
        [181, 106, 123],
        [183, 107, 124],
        ...,
        [ 94,  68,  72],
        [ 74,  56,  58],
        [ 64,  55,  55]]], shape=(356, 356, 3), dtype=uint8), <_dlib_pybind11.full_object_detection object at 0x111980930>, 1. Falling back to full frame.
2026-05-30 09:31:23 - EncodingCache - WARNING - Failed to generate encoding on crop: compute_face_descriptor(): incompatible function arguments. The following argument types are supported:
    1. (self: _dlib_pybind11.face_recognition_model_v1, img: numpy.ndarray[(rows,cols,3),numpy.uint8], face: _dlib_pybind11.full_object_detection, num_jitters: int = 0, padding: float = 0.25) -> _dlib_pybind11.vector
    2. (self: _dlib_pybind11.face_recognition_model_v1, img: numpy.ndarray[(rows,cols,3),numpy.uint8], num_jitters: int = 0) -> _dlib_pybind11.vector
    3. (self: _dlib_pybind11.face_recognition_model_v1, img: numpy.ndarray[(rows,cols,3),numpy.uint8], faces: _dlib_pybind11.full_object_detections, num_jitters: int = 0, padding: float = 0.25) -> _dlib_pybind11.vectors
    4. (self: _dlib_pybind11.face_recognition_model_v1, batch_img: list[numpy.ndarray[(rows,cols,3),numpy.uint8]], batch_faces: list[_dlib_pybind11.full_object_detections], num_jitters: int = 0, padding: float = 0.25) -> _dlib_pybind11.vectorss
    5. (self: _dlib_pybind11.face_recognition_model_v1, batch_img: list[numpy.ndarray[(rows,cols,3),numpy.uint8]], num_jitters: int = 0) -> _dlib_pybind11.vectors

Invoked with: <_dlib_pybind11.face_recognition_model_v1 object at 0x111dd6070>, array([[[ 89,  81,  76],
        [ 89,  81,  76],
        [ 90,  82,  77],
        ...,
        [164, 118, 101],
        [165, 119, 102],
        [167, 121, 103]],

       [[ 88,  80,  75],
        [ 89,  81,  76],
        [ 89,  81,  76],
        ...,
        [161, 115,  99],
        [164, 118, 101],
        [165, 119, 101]],

       [[ 88,  80,  75],
        [ 88,  80,  75],
        [ 89,  81,  76],
        ...,
        [159, 113,  97],
        [162, 117, 100],
        [165, 119, 101]],

       ...,

       [[ 10,  10,  10],
        [  9,   9,   9],
        [ 10,  10,  10],
        ...,
        [ 85,  58,  53],
        [ 86,  60,  54],
        [ 86,  60,  54]],

       [[ 10,  10,  10],
        [  9,   9,   9],
        [ 10,  10,  10],
        ...,
        [ 76,  52,  50],
        [ 76,  52,  50],
        [ 75,  52,  50]],

       [[  9,  11,  10],
        [  9,   9,   9],
        [ 10,  10,  10],
        ...,
        [ 69,  45,  43],
        [ 69,  45,  43],
        [ 68,  44,  43]]], shape=(420, 420, 3), dtype=uint8), <_dlib_pybind11.full_object_detection object at 0x1030f3c30>, 1. Falling back to full frame.
2026-05-30 09:31:24 - EncodingCache - WARNING - Failed to generate encoding on crop: compute_face_descriptor(): incompatible function arguments. The following argument types are supported:
    1. (self: _dlib_pybind11.face_recognition_model_v1, img: numpy.ndarray[(rows,cols,3),numpy.uint8], face: _dlib_pybind11.full_object_detection, num_jitters: int = 0, padding: float = 0.25) -> _dlib_pybind11.vector
    2. (self: _dlib_pybind11.face_recognition_model_v1, img: numpy.ndarray[(rows,cols,3),numpy.uint8], num_jitters: int = 0) -> _dlib_pybind11.vector
    3. (self: _dlib_pybind11.face_recognition_model_v1, img: numpy.ndarray[(rows,cols,3),numpy.uint8], faces: _dlib_pybind11.full_object_detections, num_jitters: int = 0, padding: float = 0.25) -> _dlib_pybind11.vectors
    4. (self: _dlib_pybind11.face_recognition_model_v1, batch_img: list[numpy.ndarray[(rows,cols,3),numpy.uint8]], batch_faces: list[_dlib_pybind11.full_object_detections], num_jitters: int = 0, padding: float = 0.25) -> _dlib_pybind11.vectorss
    5. (self: _dlib_pybind11.face_recognition_model_v1, batch_img: list[numpy.ndarray[(rows,cols,3),numpy.uint8]], num_jitters: int = 0) -> _dlib_pybind11.vectors

Invoked with: <_dlib_pybind11.face_recognition_model_v1 object at 0x111dd6070>, array([[[253, 253, 250],
        [253, 253, 251],
        [253, 253, 252],
        ...,
        [220, 202, 179],
        [220, 202, 179],
        [220, 202, 179]],

       [[253, 253, 251],
        [253, 253, 251],
        [253, 253, 251],
        ...,
        [220, 202, 179],
        [220, 202, 179],
        [220, 202, 179]],

       [[253, 253, 252],
        [253, 253, 251],
        [253, 253, 250],
        ...,
        [220, 202, 179],
        [220, 202, 179],
        [220, 202, 179]],

       ...,

       [[218, 145, 164],
        [211, 138, 153],
        [199, 126, 138],
        ...,
        [154,  91, 100],
        [158,  93, 103],
        [159,  96, 106]],

       [[212, 138, 157],
        [204, 131, 145],
        [194, 121, 130],
        ...,
        [158,  95, 104],
        [161,  97, 107],
        [162, 100, 109]],

       [[206, 133, 149],
        [198, 125, 138],
        [189, 116, 126],
        ...,
        [160,  99, 108],
        [162, 100, 109],
        [163, 102, 111]]], shape=(360, 356, 3), dtype=uint8), <_dlib_pybind11.full_object_detection object at 0x111943eb0>, 1. Falling back to full frame.
2026-05-30 09:31:24 - EncodingCache - WARNING - Failed to generate encoding on crop: compute_face_descriptor(): incompatible function arguments. The following argument types are supported:
    1. (self: _dlib_pybind11.face_recognition_model_v1, img: numpy.ndarray[(rows,cols,3),numpy.uint8], face: _dlib_pybind11.full_object_detection, num_jitters: int = 0, padding: float = 0.25) -> _dlib_pybind11.vector
    2. (self: _dlib_pybind11.face_recognition_model_v1, img: numpy.ndarray[(rows,cols,3),numpy.uint8], num_jitters: int = 0) -> _dlib_pybind11.vector
    3. (self: _dlib_pybind11.face_recognition_model_v1, img: numpy.ndarray[(rows,cols,3),numpy.uint8], faces: _dlib_pybind11.full_object_detections, num_jitters: int = 0, padding: float = 0.25) -> _dlib_pybind11.vectors
    4. (self: _dlib_pybind11.face_recognition_model_v1, batch_img: list[numpy.ndarray[(rows,cols,3),numpy.uint8]], batch_faces: list[_dlib_pybind11.full_object_detections], num_jitters: int = 0, padding: float = 0.25) -> _dlib_pybind11.vectorss
    5. (self: _dlib_pybind11.face_recognition_model_v1, batch_img: list[numpy.ndarray[(rows,cols,3),numpy.uint8]], num_jitters: int = 0) -> _dlib_pybind11.vectors

Invoked with: <_dlib_pybind11.face_recognition_model_v1 object at 0x111dd6070>, array([[[207, 210, 206],
        [207, 210, 206],
        [207, 210, 206],
        ...,
        [253, 253, 250],
        [253, 253, 250],
        [253, 253, 250]],

       [[206, 210, 206],
        [206, 210, 206],
        [206, 210, 206],
        ...,
        [253, 253, 250],
        [253, 253, 250],
        [253, 253, 250]],

       [[205, 210, 206],
        [205, 210, 206],
        [205, 210, 206],
        ...,
        [253, 253, 250],
        [253, 253, 250],
        [253, 253, 250]],

       ...,

       [[204, 211, 216],
        [204, 211, 216],
        [204, 211, 216],
        ...,
        [219, 151, 169],
        [218, 151, 169],
        [218, 152, 168]],

       [[203, 210, 215],
        [203, 210, 215],
        [203, 210, 215],
        ...,
        [218, 150, 168],
        [217, 150, 168],
        [218, 152, 168]],

       [[203, 210, 215],
        [203, 210, 215],
        [203, 210, 216],
        ...,
        [219, 150, 168],
        [218, 150, 168],
        [218, 152, 168]]], shape=(204, 204, 3), dtype=uint8), <_dlib_pybind11.full_object_detection object at 0x11195baf0>, 1. Falling back to full frame.
2026-05-30 09:31:24 - EncodingCache - WARNING - Failed to generate encoding on crop: compute_face_descriptor(): incompatible function arguments. The following argument types are supported:
    1. (self: _dlib_pybind11.face_recognition_model_v1, img: numpy.ndarray[(rows,cols,3),numpy.uint8], face: _dlib_pybind11.full_object_detection, num_jitters: int = 0, padding: float = 0.25) -> _dlib_pybind11.vector
    2. (self: _dlib_pybind11.face_recognition_model_v1, img: numpy.ndarray[(rows,cols,3),numpy.uint8], num_jitters: int = 0) -> _dlib_pybind11.vector
    3. (self: _dlib_pybind11.face_recognition_model_v1, img: numpy.ndarray[(rows,cols,3),numpy.uint8], faces: _dlib_pybind11.full_object_detections, num_jitters: int = 0, padding: float = 0.25) -> _dlib_pybind11.vectors
    4. (self: _dlib_pybind11.face_recognition_model_v1, batch_img: list[numpy.ndarray[(rows,cols,3),numpy.uint8]], batch_faces: list[_dlib_pybind11.full_object_detections], num_jitters: int = 0, padding: float = 0.25) -> _dlib_pybind11.vectorss
    5. (self: _dlib_pybind11.face_recognition_model_v1, batch_img: list[numpy.ndarray[(rows,cols,3),numpy.uint8]], num_jitters: int = 0) -> _dlib_pybind11.vectors

Invoked with: <_dlib_pybind11.face_recognition_model_v1 object at 0x111dd6070>, array([[[253, 253, 250],
        [253, 253, 251],
        [253, 253, 252],
        ...,
        [219, 201, 177],
        [219, 201, 177],
        [219, 201, 177]],

       [[253, 253, 251],
        [253, 253, 251],
        [253, 253, 251],
        ...,
        [219, 201, 177],
        [219, 201, 177],
        [219, 201, 177]],

       [[253, 253, 252],
        [253, 253, 251],
        [253, 253, 250],
        ...,
        [219, 201, 177],
        [219, 201, 177],
        [219, 201, 177]],

       ...,

       [[222, 148, 163],
        [211, 137, 152],
        [203, 129, 143],
        ...,
        [164, 101, 111],
        [163,  99, 109],
        [164, 101, 110]],

       [[219, 146, 160],
        [208, 134, 147],
        [199, 126, 138],
        ...,
        [159,  96, 107],
        [160,  96, 106],
        [159,  95, 103]],

       [[215, 141, 155],
        [201, 129, 141],
        [193, 121, 131],
        ...,
        [154,  90, 100],
        [154,  90,  99],
        [155,  91,  99]]], shape=(360, 356, 3), dtype=uint8), <_dlib_pybind11.full_object_detection object at 0x11196f6b0>, 1. Falling back to full frame.
2026-05-30 09:31:24 - EncodingCache - WARNING - Failed to generate encoding on crop: compute_face_descriptor(): incompatible function arguments. The following argument types are supported:
    1. (self: _dlib_pybind11.face_recognition_model_v1, img: numpy.ndarray[(rows,cols,3),numpy.uint8], face: _dlib_pybind11.full_object_detection, num_jitters: int = 0, padding: float = 0.25) -> _dlib_pybind11.vector
    2. (self: _dlib_pybind11.face_recognition_model_v1, img: numpy.ndarray[(rows,cols,3),numpy.uint8], num_jitters: int = 0) -> _dlib_pybind11.vector
    3. (self: _dlib_pybind11.face_recognition_model_v1, img: numpy.ndarray[(rows,cols,3),numpy.uint8], faces: _dlib_pybind11.full_object_detections, num_jitters: int = 0, padding: float = 0.25) -> _dlib_pybind11.vectors
    4. (self: _dlib_pybind11.face_recognition_model_v1, batch_img: list[numpy.ndarray[(rows,cols,3),numpy.uint8]], batch_faces: list[_dlib_pybind11.full_object_detections], num_jitters: int = 0, padding: float = 0.25) -> _dlib_pybind11.vectorss
    5. (self: _dlib_pybind11.face_recognition_model_v1, batch_img: list[numpy.ndarray[(rows,cols,3),numpy.uint8]], num_jitters: int = 0) -> _dlib_pybind11.vectors

Invoked with: <_dlib_pybind11.face_recognition_model_v1 object at 0x111dd6070>, array([[[101,  99,  97],
        [ 99,  99,  95],
        [101, 101,  96],
        ...,
        [182, 148, 119],
        [183, 147, 119],
        [183, 147, 119]],

       [[102, 101,  98],
        [103, 102,  99],
        [104, 105, 100],
        ...,
        [181, 147, 118],
        [182, 148, 120],
        [183, 149, 121]],

       [[106, 104, 102],
        [106, 106, 102],
        [108, 108, 103],
        ...,
        [181, 148, 120],
        [183, 149, 122],
        [183, 149, 122]],

       ...,

       [[206, 176, 155],
        [206, 176, 155],
        [206, 176, 155],
        ...,
        [239, 225, 164],
        [219, 204, 144],
        [214, 200, 139]],

       [[204, 175, 154],
        [204, 175, 154],
        [204, 175, 154],
        ...,
        [236, 222, 159],
        [223, 209, 146],
        [219, 204, 142]],

       [[206, 176, 155],
        [205, 176, 155],
        [204, 175, 154],
        ...,
        [229, 215, 152],
        [230, 216, 153],
        [223, 209, 146]]], shape=(420, 414, 3), dtype=uint8), <_dlib_pybind11.full_object_detection object at 0x111930e70>, 1. Falling back to full frame.
2026-05-30 09:31:24 - EncodingCache - WARNING - Failed to generate encoding on crop: compute_face_descriptor(): incompatible function arguments. The following argument types are supported:
    1. (self: _dlib_pybind11.face_recognition_model_v1, img: numpy.ndarray[(rows,cols,3),numpy.uint8], face: _dlib_pybind11.full_object_detection, num_jitters: int = 0, padding: float = 0.25) -> _dlib_pybind11.vector
    2. (self: _dlib_pybind11.face_recognition_model_v1, img: numpy.ndarray[(rows,cols,3),numpy.uint8], num_jitters: int = 0) -> _dlib_pybind11.vector
    3. (self: _dlib_pybind11.face_recognition_model_v1, img: numpy.ndarray[(rows,cols,3),numpy.uint8], faces: _dlib_pybind11.full_object_detections, num_jitters: int = 0, padding: float = 0.25) -> _dlib_pybind11.vectors
    4. (self: _dlib_pybind11.face_recognition_model_v1, batch_img: list[numpy.ndarray[(rows,cols,3),numpy.uint8]], batch_faces: list[_dlib_pybind11.full_object_detections], num_jitters: int = 0, padding: float = 0.25) -> _dlib_pybind11.vectorss
    5. (self: _dlib_pybind11.face_recognition_model_v1, batch_img: list[numpy.ndarray[(rows,cols,3),numpy.uint8]], num_jitters: int = 0) -> _dlib_pybind11.vectors

Invoked with: <_dlib_pybind11.face_recognition_model_v1 object at 0x111dd6070>, array([[[253, 253, 250],
        [253, 253, 251],
        [253, 253, 252],
        ...,
        [219, 201, 177],
        [219, 201, 177],
        [219, 201, 177]],

       [[253, 253, 251],
        [253, 253, 251],
        [253, 253, 251],
        ...,
        [219, 201, 177],
        [219, 201, 177],
        [219, 201, 177]],

       [[253, 253, 252],
        [253, 253, 251],
        [253, 253, 250],
        ...,
        [219, 201, 177],
        [219, 201, 177],
        [219, 201, 177]],

       ...,

       [[228, 158, 174],
        [222, 151, 166],
        [213, 140, 154],
        ...,
        [163,  99, 111],
        [163,  99, 110],
        [163,  99, 109]],

       [[229, 158, 174],
        [218, 146, 160],
        [208, 134, 146],
        ...,
        [160,  96, 107],
        [158,  93, 103],
        [156,  92, 101]],

       [[223, 151, 165],
        [211, 138, 150],
        [201, 127, 138],
        ...,
        [155,  91, 101],
        [155,  91, 100],
        [154,  90,  98]]], shape=(360, 356, 3), dtype=uint8), <_dlib_pybind11.full_object_detection object at 0x1119830b0>, 1. Falling back to full frame.
2026-05-30 09:31:24 - EncodingCache - WARNING - Failed to generate encoding on crop: compute_face_descriptor(): incompatible function arguments. The following argument types are supported:
    1. (self: _dlib_pybind11.face_recognition_model_v1, img: numpy.ndarray[(rows,cols,3),numpy.uint8], face: _dlib_pybind11.full_object_detection, num_jitters: int = 0, padding: float = 0.25) -> _dlib_pybind11.vector
    2. (self: _dlib_pybind11.face_recognition_model_v1, img: numpy.ndarray[(rows,cols,3),numpy.uint8], num_jitters: int = 0) -> _dlib_pybind11.vector
    3. (self: _dlib_pybind11.face_recognition_model_v1, img: numpy.ndarray[(rows,cols,3),numpy.uint8], faces: _dlib_pybind11.full_object_detections, num_jitters: int = 0, padding: float = 0.25) -> _dlib_pybind11.vectors
    4. (self: _dlib_pybind11.face_recognition_model_v1, batch_img: list[numpy.ndarray[(rows,cols,3),numpy.uint8]], batch_faces: list[_dlib_pybind11.full_object_detections], num_jitters: int = 0, padding: float = 0.25) -> _dlib_pybind11.vectorss
    5. (self: _dlib_pybind11.face_recognition_model_v1, batch_img: list[numpy.ndarray[(rows,cols,3),numpy.uint8]], num_jitters: int = 0) -> _dlib_pybind11.vectors

Invoked with: <_dlib_pybind11.face_recognition_model_v1 object at 0x111dd6070>, array([[[190, 193, 192],
        [188, 191, 190],
        [189, 192, 191],
        ...,
        [253, 253, 250],
        [253, 253, 250],
        [253, 253, 250]],

       [[185, 187, 186],
        [186, 188, 188],
        [187, 190, 189],
        ...,
        [253, 253, 250],
        [253, 253, 250],
        [253, 253, 250]],

       [[187, 190, 189],
        [188, 191, 190],
        [188, 191, 190],
        ...,
        [253, 253, 250],
        [253, 253, 250],
        [253, 253, 250]],

       ...,

       [[207, 212, 216],
        [207, 212, 217],
        [207, 212, 217],
        ...,
        [228, 160, 182],
        [229, 161, 183],
        [231, 164, 186]],

       [[207, 212, 217],
        [207, 212, 217],
        [207, 212, 217],
        ...,
        [229, 161, 183],
        [230, 163, 185],
        [231, 164, 186]],

       [[207, 212, 217],
        [207, 212, 217],
        [207, 212, 217],
        ...,
        [230, 163, 185],
        [231, 164, 186],
        [231, 164, 186]]], shape=(204, 204, 3), dtype=uint8), <_dlib_pybind11.full_object_detection object at 0x1119830b0>, 1. Falling back to full frame.
2026-05-30 09:31:25 - EncodingCache - WARNING - Failed to generate encoding on crop: compute_face_descriptor(): incompatible function arguments. The following argument types are supported:
    1. (self: _dlib_pybind11.face_recognition_model_v1, img: numpy.ndarray[(rows,cols,3),numpy.uint8], face: _dlib_pybind11.full_object_detection, num_jitters: int = 0, padding: float = 0.25) -> _dlib_pybind11.vector
    2. (self: _dlib_pybind11.face_recognition_model_v1, img: numpy.ndarray[(rows,cols,3),numpy.uint8], num_jitters: int = 0) -> _dlib_pybind11.vector
    3. (self: _dlib_pybind11.face_recognition_model_v1, img: numpy.ndarray[(rows,cols,3),numpy.uint8], faces: _dlib_pybind11.full_object_detections, num_jitters: int = 0, padding: float = 0.25) -> _dlib_pybind11.vectors
    4. (self: _dlib_pybind11.face_recognition_model_v1, batch_img: list[numpy.ndarray[(rows,cols,3),numpy.uint8]], batch_faces: list[_dlib_pybind11.full_object_detections], num_jitters: int = 0, padding: float = 0.25) -> _dlib_pybind11.vectorss
    5. (self: _dlib_pybind11.face_recognition_model_v1, batch_img: list[numpy.ndarray[(rows,cols,3),numpy.uint8]], num_jitters: int = 0) -> _dlib_pybind11.vectors

Invoked with: <_dlib_pybind11.face_recognition_model_v1 object at 0x111dd6070>, array([[[253, 253, 250],
        [253, 253, 251],
        [253, 253, 252],
        ...,
        [219, 201, 177],
        [219, 201, 177],
        [219, 201, 177]],

       [[253, 253, 251],
        [253, 253, 251],
        [253, 253, 251],
        ...,
        [219, 201, 177],
        [219, 201, 177],
        [219, 201, 177]],

       [[253, 253, 252],
        [253, 253, 251],
        [253, 253, 250],
        ...,
        [219, 201, 177],
        [219, 201, 177],
        [219, 201, 177]],

       ...,

       [[230, 160, 176],
        [227, 155, 171],
        [221, 148, 163],
        ...,
        [161,  97, 105],
        [162,  97, 105],
        [164,  99, 107]],

       [[231, 160, 176],
        [224, 152, 167],
        [216, 142, 156],
        ...,
        [155,  91,  99],
        [155,  91,  99],
        [155,  91,  99]],

       [[229, 156, 172],
        [219, 146, 160],
        [210, 137, 149],
        ...,
        [153,  90,  99],
        [152,  89,  98],
        [152,  89,  98]]], shape=(360, 356, 3), dtype=uint8), <_dlib_pybind11.full_object_detection object at 0x1030838b0>, 1. Falling back to full frame.
2026-05-30 09:31:25 - EncodingCache - WARNING - Failed to generate encoding on crop: compute_face_descriptor(): incompatible function arguments. The following argument types are supported:
    1. (self: _dlib_pybind11.face_recognition_model_v1, img: numpy.ndarray[(rows,cols,3),numpy.uint8], face: _dlib_pybind11.full_object_detection, num_jitters: int = 0, padding: float = 0.25) -> _dlib_pybind11.vector
    2. (self: _dlib_pybind11.face_recognition_model_v1, img: numpy.ndarray[(rows,cols,3),numpy.uint8], num_jitters: int = 0) -> _dlib_pybind11.vector
    3. (self: _dlib_pybind11.face_recognition_model_v1, img: numpy.ndarray[(rows,cols,3),numpy.uint8], faces: _dlib_pybind11.full_object_detections, num_jitters: int = 0, padding: float = 0.25) -> _dlib_pybind11.vectors
    4. (self: _dlib_pybind11.face_recognition_model_v1, batch_img: list[numpy.ndarray[(rows,cols,3),numpy.uint8]], batch_faces: list[_dlib_pybind11.full_object_detections], num_jitters: int = 0, padding: float = 0.25) -> _dlib_pybind11.vectorss
    5. (self: _dlib_pybind11.face_recognition_model_v1, batch_img: list[numpy.ndarray[(rows,cols,3),numpy.uint8]], num_jitters: int = 0) -> _dlib_pybind11.vectors

Invoked with: <_dlib_pybind11.face_recognition_model_v1 object at 0x111dd6070>, array([[[203, 165, 108],
        [203, 165, 108],
        [203, 165, 108],
        ...,
        [184, 148, 122],
        [185, 150, 124],
        [187, 151, 125]],

       [[203, 165, 108],
        [203, 165, 108],
        [203, 165, 108],
        ...,
        [182, 146, 121],
        [184, 148, 122],
        [184, 148, 122]],

       [[203, 165, 108],
        [203, 165, 108],
        [203, 165, 108],
        ...,
        [179, 144, 119],
        [182, 146, 120],
        [182, 146, 120]],

       ...,

       [[ 33,  28,  30],
        [ 37,  33,  33],
        [ 43,  39,  37],
        ...,
        [158, 117,  91],
        [157, 116,  89],
        [155, 115,  88]],

       [[ 36,  30,  31],
        [ 38,  32,  32],
        [ 43,  39,  37],
        ...,
        [155, 115,  89],
        [155, 115,  88],
        [154, 114,  87]],

       [[ 37,  29,  31],
        [ 38,  32,  32],
        [ 45,  41,  39],
        ...,
        [154, 114,  87],
        [154, 114,  87],
        [153, 113,  86]]], shape=(420, 420, 3), dtype=uint8), <_dlib_pybind11.full_object_detection object at 0x1119834f0>, 1. Falling back to full frame.
2026-05-30 09:31:25 - EncodingCache - WARNING - Failed to generate encoding on crop: compute_face_descriptor(): incompatible function arguments. The following argument types are supported:
    1. (self: _dlib_pybind11.face_recognition_model_v1, img: numpy.ndarray[(rows,cols,3),numpy.uint8], face: _dlib_pybind11.full_object_detection, num_jitters: int = 0, padding: float = 0.25) -> _dlib_pybind11.vector
    2. (self: _dlib_pybind11.face_recognition_model_v1, img: numpy.ndarray[(rows,cols,3),numpy.uint8], num_jitters: int = 0) -> _dlib_pybind11.vector
    3. (self: _dlib_pybind11.face_recognition_model_v1, img: numpy.ndarray[(rows,cols,3),numpy.uint8], faces: _dlib_pybind11.full_object_detections, num_jitters: int = 0, padding: float = 0.25) -> _dlib_pybind11.vectors
    4. (self: _dlib_pybind11.face_recognition_model_v1, batch_img: list[numpy.ndarray[(rows,cols,3),numpy.uint8]], batch_faces: list[_dlib_pybind11.full_object_detections], num_jitters: int = 0, padding: float = 0.25) -> _dlib_pybind11.vectorss
    5. (self: _dlib_pybind11.face_recognition_model_v1, batch_img: list[numpy.ndarray[(rows,cols,3),numpy.uint8]], num_jitters: int = 0) -> _dlib_pybind11.vectors

Invoked with: <_dlib_pybind11.face_recognition_model_v1 object at 0x111dd6070>, array([[[253, 253, 250],
        [253, 253, 251],
        [253, 253, 252],
        ...,
        [219, 201, 177],
        [219, 201, 177],
        [219, 201, 177]],

       [[253, 253, 251],
        [253, 253, 251],
        [253, 253, 251],
        ...,
        [219, 201, 177],
        [219, 201, 177],
        [219, 201, 177]],

       [[253, 253, 252],
        [253, 253, 251],
        [253, 253, 250],
        ...,
        [219, 201, 177],
        [219, 201, 177],
        [219, 201, 177]],

       ...,

       [[237, 167, 183],
        [233, 161, 177],
        [228, 155, 171],
        ...,
        [159,  95, 102],
        [158,  93, 100],
        [159,  93, 100]],

       [[235, 163, 179],
        [229, 156, 172],
        [222, 148, 164],
        ...,
        [153,  89,  96],
        [152,  88,  93],
        [151,  87,  92]],

       [[231, 158, 175],
        [226, 153, 168],
        [217, 143, 158],
        ...,
        [151,  87,  95],
        [151,  87,  94],
        [150,  85,  93]]], shape=(360, 356, 3), dtype=uint8), <_dlib_pybind11.full_object_detection object at 0x11193b870>, 1. Falling back to full frame.
2026-05-30 09:31:25 - EncodingCache - WARNING - Failed to generate encoding on crop: compute_face_descriptor(): incompatible function arguments. The following argument types are supported:
    1. (self: _dlib_pybind11.face_recognition_model_v1, img: numpy.ndarray[(rows,cols,3),numpy.uint8], face: _dlib_pybind11.full_object_detection, num_jitters: int = 0, padding: float = 0.25) -> _dlib_pybind11.vector
    2. (self: _dlib_pybind11.face_recognition_model_v1, img: numpy.ndarray[(rows,cols,3),numpy.uint8], num_jitters: int = 0) -> _dlib_pybind11.vector
    3. (self: _dlib_pybind11.face_recognition_model_v1, img: numpy.ndarray[(rows,cols,3),numpy.uint8], faces: _dlib_pybind11.full_object_detections, num_jitters: int = 0, padding: float = 0.25) -> _dlib_pybind11.vectors
    4. (self: _dlib_pybind11.face_recognition_model_v1, batch_img: list[numpy.ndarray[(rows,cols,3),numpy.uint8]], batch_faces: list[_dlib_pybind11.full_object_detections], num_jitters: int = 0, padding: float = 0.25) -> _dlib_pybind11.vectorss
    5. (self: _dlib_pybind11.face_recognition_model_v1, batch_img: list[numpy.ndarray[(rows,cols,3),numpy.uint8]], num_jitters: int = 0) -> _dlib_pybind11.vectors

Invoked with: <_dlib_pybind11.face_recognition_model_v1 object at 0x111dd6070>, array([[[202, 163, 106],
        [202, 162, 107],
        [202, 162, 108],
        ...,
        [107,  72,  60],
        [106,  71,  58],
        [106,  70,  56]],

       [[202, 163, 106],
        [202, 162, 107],
        [202, 162, 108],
        ...,
        [106,  71,  58],
        [105,  70,  56],
        [104,  69,  55]],

       [[202, 163, 106],
        [202, 162, 107],
        [202, 162, 108],
        ...,
        [106,  71,  57],
        [105,  70,  55],
        [104,  69,  54]],

       ...,

       [[ 82,  43,  37],
        [ 75,  35,  26],
        [ 98,  57,  46],
        ...,
        [169, 130, 111],
        [163, 123, 104],
        [154, 115,  97]],

       [[ 81,  40,  36],
        [ 76,  35,  28],
        [ 87,  45,  36],
        ...,
        [158, 119, 103],
        [149, 110,  94],
        [139, 101,  85]],

       [[ 80,  39,  35],
        [ 76,  34,  28],
        [ 80,  38,  30],
        ...,
        [143, 104,  89],
        [134,  95,  81],
        [125,  87,  74]]], shape=(420, 420, 3), dtype=uint8), <_dlib_pybind11.full_object_detection object at 0x11193b870>, 1. Falling back to full frame.
2026-05-30 09:31:25 - EncodingCache - WARNING - Failed to generate encoding on crop: compute_face_descriptor(): incompatible function arguments. The following argument types are supported:
    1. (self: _dlib_pybind11.face_recognition_model_v1, img: numpy.ndarray[(rows,cols,3),numpy.uint8], face: _dlib_pybind11.full_object_detection, num_jitters: int = 0, padding: float = 0.25) -> _dlib_pybind11.vector
    2. (self: _dlib_pybind11.face_recognition_model_v1, img: numpy.ndarray[(rows,cols,3),numpy.uint8], num_jitters: int = 0) -> _dlib_pybind11.vector
    3. (self: _dlib_pybind11.face_recognition_model_v1, img: numpy.ndarray[(rows,cols,3),numpy.uint8], faces: _dlib_pybind11.full_object_detections, num_jitters: int = 0, padding: float = 0.25) -> _dlib_pybind11.vectors
    4. (self: _dlib_pybind11.face_recognition_model_v1, batch_img: list[numpy.ndarray[(rows,cols,3),numpy.uint8]], batch_faces: list[_dlib_pybind11.full_object_detections], num_jitters: int = 0, padding: float = 0.25) -> _dlib_pybind11.vectorss
    5. (self: _dlib_pybind11.face_recognition_model_v1, batch_img: list[numpy.ndarray[(rows,cols,3),numpy.uint8]], num_jitters: int = 0) -> _dlib_pybind11.vectors

Invoked with: <_dlib_pybind11.face_recognition_model_v1 object at 0x111dd6070>, array([[[253, 253, 250],
        [253, 253, 251],
        [253, 253, 252],
        ...,
        [219, 201, 177],
        [219, 201, 177],
        [219, 201, 177]],

       [[253, 253, 251],
        [253, 253, 251],
        [253, 253, 251],
        ...,
        [219, 201, 177],
        [219, 201, 177],
        [219, 201, 177]],

       [[253, 253, 252],
        [253, 253, 251],
        [253, 253, 250],
        ...,
        [219, 201, 177],
        [219, 201, 177],
        [219, 201, 177]],

       ...,

       [[237, 167, 183],
        [236, 163, 179],
        [233, 158, 174],
        ...,
        [156,  92, 100],
        [156,  92, 100],
        [157,  92,  99]],

       [[233, 161, 177],
        [233, 159, 175],
        [227, 151, 166],
        ...,
        [152,  88,  95],
        [151,  87,  94],
        [149,  84,  91]],

       [[230, 157, 174],
        [228, 153, 169],
        [220, 144, 159],
        ...,
        [149,  85,  94],
        [149,  85,  94],
        [149,  84,  92]]], shape=(360, 356, 3), dtype=uint8), <_dlib_pybind11.full_object_detection object at 0x1119478f0>, 1. Falling back to full frame.
2026-05-30 09:31:25 - EncodingCache - WARNING - Failed to generate encoding on crop: compute_face_descriptor(): incompatible function arguments. The following argument types are supported:
    1. (self: _dlib_pybind11.face_recognition_model_v1, img: numpy.ndarray[(rows,cols,3),numpy.uint8], face: _dlib_pybind11.full_object_detection, num_jitters: int = 0, padding: float = 0.25) -> _dlib_pybind11.vector
    2. (self: _dlib_pybind11.face_recognition_model_v1, img: numpy.ndarray[(rows,cols,3),numpy.uint8], num_jitters: int = 0) -> _dlib_pybind11.vector
    3. (self: _dlib_pybind11.face_recognition_model_v1, img: numpy.ndarray[(rows,cols,3),numpy.uint8], faces: _dlib_pybind11.full_object_detections, num_jitters: int = 0, padding: float = 0.25) -> _dlib_pybind11.vectors
    4. (self: _dlib_pybind11.face_recognition_model_v1, batch_img: list[numpy.ndarray[(rows,cols,3),numpy.uint8]], batch_faces: list[_dlib_pybind11.full_object_detections], num_jitters: int = 0, padding: float = 0.25) -> _dlib_pybind11.vectorss
    5. (self: _dlib_pybind11.face_recognition_model_v1, batch_img: list[numpy.ndarray[(rows,cols,3),numpy.uint8]], num_jitters: int = 0) -> _dlib_pybind11.vectors

Invoked with: <_dlib_pybind11.face_recognition_model_v1 object at 0x111dd6070>, array([[[195, 157, 104],
        [195, 157, 103],
        [195, 157, 102],
        ...,
        [ 30,  18,  16],
        [ 28,  18,  15],
        [ 28,  17,  16]],

       [[195, 157, 103],
        [195, 157, 102],
        [195, 157, 102],
        ...,
        [ 31,  18,  17],
        [ 29,  17,  16],
        [ 30,  18,  18]],

       [[194, 156, 101],
        [195, 157, 102],
        [195, 157, 102],
        ...,
        [ 31,  18,  17],
        [ 31,  18,  18],
        [ 30,  18,  18]],

       ...,

       [[ 81,  94,  82],
        [ 81,  93,  81],
        [ 79,  90,  79],
        ...,
        [198, 158, 121],
        [197, 158, 120],
        [196, 157, 119]],

       [[ 81,  94,  82],
        [ 79,  92,  80],
        [ 79,  91,  81],
        ...,
        [197, 158, 120],
        [197, 158, 119],
        [196, 157, 118]],

       [[ 82,  95,  83],
        [ 82,  95,  84],
        [ 80,  94,  84],
        ...,
        [197, 158, 121],
        [196, 157, 119],
        [196, 157, 118]]], shape=(492, 492, 3), dtype=uint8), <_dlib_pybind11.full_object_detection object at 0x1119478f0>, 1. Falling back to full frame.
2026-05-30 09:31:25 - EncodingCache - WARNING - Failed to generate encoding on crop: compute_face_descriptor(): incompatible function arguments. The following argument types are supported:
    1. (self: _dlib_pybind11.face_recognition_model_v1, img: numpy.ndarray[(rows,cols,3),numpy.uint8], face: _dlib_pybind11.full_object_detection, num_jitters: int = 0, padding: float = 0.25) -> _dlib_pybind11.vector
    2. (self: _dlib_pybind11.face_recognition_model_v1, img: numpy.ndarray[(rows,cols,3),numpy.uint8], num_jitters: int = 0) -> _dlib_pybind11.vector
    3. (self: _dlib_pybind11.face_recognition_model_v1, img: numpy.ndarray[(rows,cols,3),numpy.uint8], faces: _dlib_pybind11.full_object_detections, num_jitters: int = 0, padding: float = 0.25) -> _dlib_pybind11.vectors
    4. (self: _dlib_pybind11.face_recognition_model_v1, batch_img: list[numpy.ndarray[(rows,cols,3),numpy.uint8]], batch_faces: list[_dlib_pybind11.full_object_detections], num_jitters: int = 0, padding: float = 0.25) -> _dlib_pybind11.vectorss
    5. (self: _dlib_pybind11.face_recognition_model_v1, batch_img: list[numpy.ndarray[(rows,cols,3),numpy.uint8]], num_jitters: int = 0) -> _dlib_pybind11.vectors

Invoked with: <_dlib_pybind11.face_recognition_model_v1 object at 0x111dd6070>, array([[[206, 208, 205],
        [207, 210, 206],
        [207, 210, 206],
        ...,
        [253, 253, 250],
        [253, 253, 250],
        [253, 253, 250]],

       [[205, 209, 206],
        [206, 210, 207],
        [206, 210, 207],
        ...,
        [253, 253, 250],
        [253, 253, 250],
        [253, 253, 250]],

       [[205, 210, 208],
        [205, 210, 208],
        [205, 210, 208],
        ...,
        [253, 253, 250],
        [253, 253, 250],
        [253, 253, 250]],

       ...,

       [[207, 212, 217],
        [207, 212, 217],
        [207, 212, 217],
        ...,
        [222, 152, 172],
        [222, 152, 171],
        [222, 150, 170]],

       [[207, 212, 217],
        [207, 212, 217],
        [207, 212, 217],
        ...,
        [222, 150, 170],
        [222, 150, 169],
        [221, 149, 168]],

       [[206, 212, 218],
        [206, 212, 218],
        [206, 212, 218],
        ...,
        [221, 149, 168],
        [221, 149, 168],
        [219, 148, 166]]], shape=(204, 204, 3), dtype=uint8), <_dlib_pybind11.full_object_detection object at 0x111938db0>, 1. Falling back to full frame.
2026-05-30 09:31:25 - EncodingCache - WARNING - Failed to generate encoding on crop: compute_face_descriptor(): incompatible function arguments. The following argument types are supported:
    1. (self: _dlib_pybind11.face_recognition_model_v1, img: numpy.ndarray[(rows,cols,3),numpy.uint8], face: _dlib_pybind11.full_object_detection, num_jitters: int = 0, padding: float = 0.25) -> _dlib_pybind11.vector
    2. (self: _dlib_pybind11.face_recognition_model_v1, img: numpy.ndarray[(rows,cols,3),numpy.uint8], num_jitters: int = 0) -> _dlib_pybind11.vector
    3. (self: _dlib_pybind11.face_recognition_model_v1, img: numpy.ndarray[(rows,cols,3),numpy.uint8], faces: _dlib_pybind11.full_object_detections, num_jitters: int = 0, padding: float = 0.25) -> _dlib_pybind11.vectors
    4. (self: _dlib_pybind11.face_recognition_model_v1, batch_img: list[numpy.ndarray[(rows,cols,3),numpy.uint8]], batch_faces: list[_dlib_pybind11.full_object_detections], num_jitters: int = 0, padding: float = 0.25) -> _dlib_pybind11.vectorss
    5. (self: _dlib_pybind11.face_recognition_model_v1, batch_img: list[numpy.ndarray[(rows,cols,3),numpy.uint8]], num_jitters: int = 0) -> _dlib_pybind11.vectors

Invoked with: <_dlib_pybind11.face_recognition_model_v1 object at 0x111dd6070>, array([[[253, 253, 250],
        [253, 253, 251],
        [253, 253, 252],
        ...,
        [219, 201, 177],
        [219, 201, 177],
        [219, 201, 177]],

       [[253, 253, 251],
        [253, 253, 251],
        [253, 253, 251],
        ...,
        [219, 201, 177],
        [219, 201, 177],
        [219, 201, 177]],

       [[253, 253, 252],
        [253, 253, 251],
        [253, 253, 250],
        ...,
        [219, 201, 177],
        [219, 201, 177],
        [219, 201, 177]],

       ...,

       [[237, 167, 183],
        [235, 165, 181],
        [231, 160, 176],
        ...,
        [152,  92,  99],
        [152,  92,  99],
        [151,  93,  99]],

       [[235, 166, 182],
        [232, 161, 177],
        [227, 155, 171],
        ...,
        [151,  91,  99],
        [149,  90,  97],
        [147,  89,  95]],

       [[233, 162, 178],
        [231, 160, 175],
        [222, 151, 166],
        ...,
        [151,  90,  98],
        [149,  89,  96],
        [147,  88,  95]]], shape=(360, 356, 3), dtype=uint8), <_dlib_pybind11.full_object_detection object at 0x11195abb0>, 1. Falling back to full frame.
2026-05-30 09:31:25 - EncodingCache - WARNING - Failed to generate encoding on crop: compute_face_descriptor(): incompatible function arguments. The following argument types are supported:
    1. (self: _dlib_pybind11.face_recognition_model_v1, img: numpy.ndarray[(rows,cols,3),numpy.uint8], face: _dlib_pybind11.full_object_detection, num_jitters: int = 0, padding: float = 0.25) -> _dlib_pybind11.vector
    2. (self: _dlib_pybind11.face_recognition_model_v1, img: numpy.ndarray[(rows,cols,3),numpy.uint8], num_jitters: int = 0) -> _dlib_pybind11.vector
    3. (self: _dlib_pybind11.face_recognition_model_v1, img: numpy.ndarray[(rows,cols,3),numpy.uint8], faces: _dlib_pybind11.full_object_detections, num_jitters: int = 0, padding: float = 0.25) -> _dlib_pybind11.vectors
    4. (self: _dlib_pybind11.face_recognition_model_v1, batch_img: list[numpy.ndarray[(rows,cols,3),numpy.uint8]], batch_faces: list[_dlib_pybind11.full_object_detections], num_jitters: int = 0, padding: float = 0.25) -> _dlib_pybind11.vectorss
    5. (self: _dlib_pybind11.face_recognition_model_v1, batch_img: list[numpy.ndarray[(rows,cols,3),numpy.uint8]], num_jitters: int = 0) -> _dlib_pybind11.vectors

Invoked with: <_dlib_pybind11.face_recognition_model_v1 object at 0x111dd6070>, array([[[200, 160, 103],
        [201, 161, 104],
        [201, 161, 104],
        ...,
        [ 80,  74,  74],
        [ 79,  73,  74],
        [ 80,  74,  74]],

       [[200, 160, 103],
        [201, 161, 104],
        [201, 161, 104],
        ...,
        [ 78,  72,  72],
        [ 79,  73,  74],
        [ 79,  73,  73]],

       [[201, 161, 104],
        [201, 161, 104],
        [201, 161, 104],
        ...,
        [ 77,  70,  72],
        [ 78,  71,  73],
        [ 78,  71,  73]],

       ...,

       [[ 69,  21,  23],
        [ 70,  22,  23],
        [ 71,  24,  23],
        ...,
        [244, 222, 178],
        [223, 201, 161],
        [186, 162, 124]],

       [[ 69,  21,  23],
        [ 70,  22,  23],
        [ 72,  25,  24],
        ...,
        [234, 211, 162],
        [225, 202, 160],
        [195, 169, 128]],

       [[ 68,  21,  23],
        [ 72,  25,  25],
        [ 72,  25,  24],
        ...,
        [227, 203, 150],
        [226, 202, 155],
        [216, 190, 146]]], shape=(420, 420, 3), dtype=uint8), <_dlib_pybind11.full_object_detection object at 0x1119412f0>, 1. Falling back to full frame.
2026-05-30 09:31:25 - EncodingCache - WARNING - Failed to generate encoding on crop: compute_face_descriptor(): incompatible function arguments. The following argument types are supported:
    1. (self: _dlib_pybind11.face_recognition_model_v1, img: numpy.ndarray[(rows,cols,3),numpy.uint8], face: _dlib_pybind11.full_object_detection, num_jitters: int = 0, padding: float = 0.25) -> _dlib_pybind11.vector
    2. (self: _dlib_pybind11.face_recognition_model_v1, img: numpy.ndarray[(rows,cols,3),numpy.uint8], num_jitters: int = 0) -> _dlib_pybind11.vector
    3. (self: _dlib_pybind11.face_recognition_model_v1, img: numpy.ndarray[(rows,cols,3),numpy.uint8], faces: _dlib_pybind11.full_object_detections, num_jitters: int = 0, padding: float = 0.25) -> _dlib_pybind11.vectors
    4. (self: _dlib_pybind11.face_recognition_model_v1, batch_img: list[numpy.ndarray[(rows,cols,3),numpy.uint8]], batch_faces: list[_dlib_pybind11.full_object_detections], num_jitters: int = 0, padding: float = 0.25) -> _dlib_pybind11.vectorss
    5. (self: _dlib_pybind11.face_recognition_model_v1, batch_img: list[numpy.ndarray[(rows,cols,3),numpy.uint8]], num_jitters: int = 0) -> _dlib_pybind11.vectors

Invoked with: <_dlib_pybind11.face_recognition_model_v1 object at 0x111dd6070>, array([[[253, 253, 250],
        [253, 253, 251],
        [253, 253, 252],
        ...,
        [219, 201, 177],
        [219, 201, 177],
        [219, 201, 177]],

       [[253, 253, 251],
        [253, 253, 251],
        [253, 253, 251],
        ...,
        [219, 201, 177],
        [219, 201, 177],
        [219, 201, 177]],

       [[253, 253, 252],
        [253, 253, 251],
        [253, 253, 250],
        ...,
        [219, 201, 177],
        [219, 201, 177],
        [219, 201, 177]],

       ...,

       [[235, 166, 180],
        [236, 166, 180],
        [234, 164, 178],
        ...,
        [152,  91,  96],
        [153,  92,  97],
        [153,  92,  97]],

       [[233, 164, 177],
        [232, 161, 175],
        [229, 158, 172],
        ...,
        [155,  92,  97],
        [155,  92,  97],
        [153,  91,  96]],

       [[234, 164, 177],
        [231, 160, 174],
        [223, 152, 166],
        ...,
        [154,  90,  97],
        [152,  89,  96],
        [150,  88,  94]]], shape=(360, 356, 3), dtype=uint8), <_dlib_pybind11.full_object_detection object at 0x11193b870>, 1. Falling back to full frame.
2026-05-30 09:31:25 - EncodingCache - WARNING - Failed to generate encoding on crop: compute_face_descriptor(): incompatible function arguments. The following argument types are supported:
    1. (self: _dlib_pybind11.face_recognition_model_v1, img: numpy.ndarray[(rows,cols,3),numpy.uint8], face: _dlib_pybind11.full_object_detection, num_jitters: int = 0, padding: float = 0.25) -> _dlib_pybind11.vector
    2. (self: _dlib_pybind11.face_recognition_model_v1, img: numpy.ndarray[(rows,cols,3),numpy.uint8], num_jitters: int = 0) -> _dlib_pybind11.vector
    3. (self: _dlib_pybind11.face_recognition_model_v1, img: numpy.ndarray[(rows,cols,3),numpy.uint8], faces: _dlib_pybind11.full_object_detections, num_jitters: int = 0, padding: float = 0.25) -> _dlib_pybind11.vectors
    4. (self: _dlib_pybind11.face_recognition_model_v1, batch_img: list[numpy.ndarray[(rows,cols,3),numpy.uint8]], batch_faces: list[_dlib_pybind11.full_object_detections], num_jitters: int = 0, padding: float = 0.25) -> _dlib_pybind11.vectorss
    5. (self: _dlib_pybind11.face_recognition_model_v1, batch_img: list[numpy.ndarray[(rows,cols,3),numpy.uint8]], num_jitters: int = 0) -> _dlib_pybind11.vectors

Invoked with: <_dlib_pybind11.face_recognition_model_v1 object at 0x111dd6070>, array([[[202, 163, 106],
        [204, 164, 107],
        [204, 164, 107],
        ...,
        [ 94,  86,  79],
        [ 93,  85,  77],
        [ 94,  84,  76]],

       [[202, 163, 106],
        [202, 163, 106],
        [204, 164, 107],
        ...,
        [ 94,  87,  81],
        [ 92,  85,  78],
        [ 90,  82,  75]],

       [[202, 163, 106],
        [202, 163, 106],
        [204, 164, 107],
        ...,
        [ 93,  87,  81],
        [ 90,  84,  78],
        [ 86,  80,  75]],

       ...,

       [[ 59,  18,  18],
        [ 62,  20,  19],
        [ 65,  22,  20],
        ...,
        [167, 140,  98],
        [132, 100,  63],
        [126,  91,  59]],

       [[ 59,  16,  17],
        [ 63,  20,  19],
        [ 65,  22,  20],
        ...,
        [182, 156, 108],
        [144, 114,  71],
        [129,  95,  59]],

       [[ 59,  16,  17],
        [ 63,  20,  19],
        [ 66,  22,  20],
        ...,
        [197, 171, 118],
        [170, 141,  93],
        [144, 111,  69]]], shape=(420, 420, 3), dtype=uint8), <_dlib_pybind11.full_object_detection object at 0x111933470>, 1. Falling back to full frame.
2026-05-30 09:31:26 - EncodingCache - WARNING - Failed to generate encoding on crop: compute_face_descriptor(): incompatible function arguments. The following argument types are supported:
    1. (self: _dlib_pybind11.face_recognition_model_v1, img: numpy.ndarray[(rows,cols,3),numpy.uint8], face: _dlib_pybind11.full_object_detection, num_jitters: int = 0, padding: float = 0.25) -> _dlib_pybind11.vector
    2. (self: _dlib_pybind11.face_recognition_model_v1, img: numpy.ndarray[(rows,cols,3),numpy.uint8], num_jitters: int = 0) -> _dlib_pybind11.vector
    3. (self: _dlib_pybind11.face_recognition_model_v1, img: numpy.ndarray[(rows,cols,3),numpy.uint8], faces: _dlib_pybind11.full_object_detections, num_jitters: int = 0, padding: float = 0.25) -> _dlib_pybind11.vectors
    4. (self: _dlib_pybind11.face_recognition_model_v1, batch_img: list[numpy.ndarray[(rows,cols,3),numpy.uint8]], batch_faces: list[_dlib_pybind11.full_object_detections], num_jitters: int = 0, padding: float = 0.25) -> _dlib_pybind11.vectorss
    5. (self: _dlib_pybind11.face_recognition_model_v1, batch_img: list[numpy.ndarray[(rows,cols,3),numpy.uint8]], num_jitters: int = 0) -> _dlib_pybind11.vectors

Invoked with: <_dlib_pybind11.face_recognition_model_v1 object at 0x111dd6070>, array([[[243, 241, 219],
        [247, 239, 211],
        [250, 237, 204],
        ...,
        [219, 202, 179],
        [221, 203, 180],
        [221, 203, 180]],

       [[246, 243, 221],
        [249, 240, 211],
        [244, 229, 194],
        ...,
        [221, 203, 180],
        [221, 203, 180],
        [221, 203, 180]],

       [[245, 242, 220],
        [251, 241, 211],
        [238, 222, 184],
        ...,
        [221, 203, 180],
        [221, 203, 180],
        [221, 203, 180]],

       ...,

       [[178, 103, 112],
        [179, 104, 112],
        [182, 108, 115],
        ...,
        [148,  83,  91],
        [149,  83,  91],
        [150,  84,  91]],

       [[180, 105, 115],
        [183, 109, 118],
        [183, 110, 118],
        ...,
        [148,  83,  91],
        [149,  83,  91],
        [149,  83,  90]],

       [[184, 108, 119],
        [186, 111, 120],
        [189, 115, 122],
        ...,
        [148,  83,  91],
        [148,  83,  91],
        [148,  83,  90]]], shape=(308, 308, 3), dtype=uint8), <_dlib_pybind11.full_object_detection object at 0x11192a3b0>, 1. Falling back to full frame.
2026-05-30 09:31:26 - EncodingCache - WARNING - Failed to generate encoding on crop: compute_face_descriptor(): incompatible function arguments. The following argument types are supported:
    1. (self: _dlib_pybind11.face_recognition_model_v1, img: numpy.ndarray[(rows,cols,3),numpy.uint8], face: _dlib_pybind11.full_object_detection, num_jitters: int = 0, padding: float = 0.25) -> _dlib_pybind11.vector
    2. (self: _dlib_pybind11.face_recognition_model_v1, img: numpy.ndarray[(rows,cols,3),numpy.uint8], num_jitters: int = 0) -> _dlib_pybind11.vector
    3. (self: _dlib_pybind11.face_recognition_model_v1, img: numpy.ndarray[(rows,cols,3),numpy.uint8], faces: _dlib_pybind11.full_object_detections, num_jitters: int = 0, padding: float = 0.25) -> _dlib_pybind11.vectors
    4. (self: _dlib_pybind11.face_recognition_model_v1, batch_img: list[numpy.ndarray[(rows,cols,3),numpy.uint8]], batch_faces: list[_dlib_pybind11.full_object_detections], num_jitters: int = 0, padding: float = 0.25) -> _dlib_pybind11.vectorss
    5. (self: _dlib_pybind11.face_recognition_model_v1, batch_img: list[numpy.ndarray[(rows,cols,3),numpy.uint8]], num_jitters: int = 0) -> _dlib_pybind11.vectors

Invoked with: <_dlib_pybind11.face_recognition_model_v1 object at 0x111dd6070>, array([[[207, 209, 208],
        [207, 209, 208],
        [207, 209, 208],
        ...,
        [255, 254, 252],
        [255, 254, 252],
        [255, 254, 252]],

       [[208, 210, 210],
        [208, 210, 210],
        [207, 209, 208],
        ...,
        [255, 254, 252],
        [255, 254, 252],
        [255, 254, 252]],

       [[208, 210, 210],
        [208, 210, 210],
        [207, 209, 208],
        ...,
        [255, 254, 252],
        [255, 254, 252],
        [255, 254, 252]],

       ...,

       [[189, 200, 209],
        [186, 196, 205],
        [186, 196, 205],
        ...,
        [185, 113, 122],
        [193, 121, 130],
        [199, 128, 139]],

       [[187, 198, 206],
        [187, 198, 206],
        [187, 198, 206],
        ...,
        [188, 115, 124],
        [195, 122, 131],
        [202, 131, 143]],

       [[187, 198, 207],
        [187, 198, 207],
        [190, 201, 211],
        ...,
        [189, 116, 126],
        [196, 124, 135],
        [205, 135, 147]]], shape=(204, 204, 3), dtype=uint8), <_dlib_pybind11.full_object_detection object at 0x11193b870>, 1. Falling back to full frame.
2026-05-30 09:31:26 - EncodingCache - WARNING - Failed to generate encoding on crop: compute_face_descriptor(): incompatible function arguments. The following argument types are supported:
    1. (self: _dlib_pybind11.face_recognition_model_v1, img: numpy.ndarray[(rows,cols,3),numpy.uint8], face: _dlib_pybind11.full_object_detection, num_jitters: int = 0, padding: float = 0.25) -> _dlib_pybind11.vector
    2. (self: _dlib_pybind11.face_recognition_model_v1, img: numpy.ndarray[(rows,cols,3),numpy.uint8], num_jitters: int = 0) -> _dlib_pybind11.vector
    3. (self: _dlib_pybind11.face_recognition_model_v1, img: numpy.ndarray[(rows,cols,3),numpy.uint8], faces: _dlib_pybind11.full_object_detections, num_jitters: int = 0, padding: float = 0.25) -> _dlib_pybind11.vectors
    4. (self: _dlib_pybind11.face_recognition_model_v1, batch_img: list[numpy.ndarray[(rows,cols,3),numpy.uint8]], batch_faces: list[_dlib_pybind11.full_object_detections], num_jitters: int = 0, padding: float = 0.25) -> _dlib_pybind11.vectorss
    5. (self: _dlib_pybind11.face_recognition_model_v1, batch_img: list[numpy.ndarray[(rows,cols,3),numpy.uint8]], num_jitters: int = 0) -> _dlib_pybind11.vectors

Invoked with: <_dlib_pybind11.face_recognition_model_v1 object at 0x111dd6070>, array([[[207, 167, 110],
        [207, 167, 110],
        [207, 167, 110],
        ...,
        [207, 169, 141],
        [207, 169, 141],
        [208, 169, 141]],

       [[207, 167, 110],
        [207, 167, 110],
        [207, 167, 110],
        ...,
        [210, 172, 145],
        [210, 172, 146],
        [211, 172, 145]],

       [[207, 167, 110],
        [207, 167, 110],
        [208, 168, 111],
        ...,
        [214, 176, 149],
        [213, 175, 149],
        [213, 175, 148]],

       ...,

       [[231, 191, 170],
        [228, 188, 167],
        [228, 186, 167],
        ...,
        [116,  77,  63],
        [115,  76,  62],
        [115,  76,  63]],

       [[223, 189, 167],
        [213, 175, 155],
        [203, 162, 144],
        ...,
        [114,  75,  61],
        [115,  76,  62],
        [115,  76,  63]],

       [[213, 180, 161],
        [193, 157, 139],
        [173, 134, 117],
        ...,
        [113,  74,  60],
        [113,  74,  61],
        [115,  76,  64]]], shape=(420, 420, 3), dtype=uint8), <_dlib_pybind11.full_object_detection object at 0x111939bf0>, 1. Falling back to full frame.
2026-05-30 09:31:27 - EncodingCache - WARNING - Failed to generate encoding on crop: compute_face_descriptor(): incompatible function arguments. The following argument types are supported:
    1. (self: _dlib_pybind11.face_recognition_model_v1, img: numpy.ndarray[(rows,cols,3),numpy.uint8], face: _dlib_pybind11.full_object_detection, num_jitters: int = 0, padding: float = 0.25) -> _dlib_pybind11.vector
    2. (self: _dlib_pybind11.face_recognition_model_v1, img: numpy.ndarray[(rows,cols,3),numpy.uint8], num_jitters: int = 0) -> _dlib_pybind11.vector
    3. (self: _dlib_pybind11.face_recognition_model_v1, img: numpy.ndarray[(rows,cols,3),numpy.uint8], faces: _dlib_pybind11.full_object_detections, num_jitters: int = 0, padding: float = 0.25) -> _dlib_pybind11.vectors
    4. (self: _dlib_pybind11.face_recognition_model_v1, batch_img: list[numpy.ndarray[(rows,cols,3),numpy.uint8]], batch_faces: list[_dlib_pybind11.full_object_detections], num_jitters: int = 0, padding: float = 0.25) -> _dlib_pybind11.vectorss
    5. (self: _dlib_pybind11.face_recognition_model_v1, batch_img: list[numpy.ndarray[(rows,cols,3),numpy.uint8]], num_jitters: int = 0) -> _dlib_pybind11.vectors

Invoked with: <_dlib_pybind11.face_recognition_model_v1 object at 0x111dd6070>, array([[[253, 253, 250],
        [253, 253, 251],
        [253, 253, 252],
        ...,
        [216, 196, 169],
        [217, 197, 170],
        [217, 197, 170]],

       [[253, 253, 251],
        [253, 253, 251],
        [253, 253, 251],
        ...,
        [217, 197, 170],
        [217, 197, 170],
        [217, 197, 170]],

       [[253, 253, 252],
        [253, 253, 251],
        [253, 253, 250],
        ...,
        [217, 197, 170],
        [217, 197, 170],
        [217, 197, 170]],

       ...,

       [[231, 158, 175],
        [229, 156, 172],
        [227, 154, 170],
        ...,
        [153,  87,  96],
        [155,  88,  98],
        [155,  90,  99]],

       [[231, 157, 174],
        [228, 155, 171],
        [226, 152, 169],
        ...,
        [156,  89, 100],
        [157,  91, 101],
        [157,  92, 102]],

       [[230, 156, 172],
        [228, 153, 170],
        [226, 151, 168],
        ...,
        [156,  89, 100],
        [158,  92, 102],
        [157,  92, 102]]], shape=(360, 356, 3), dtype=uint8), <_dlib_pybind11.full_object_detection object at 0x111938db0>, 1. Falling back to full frame.
2026-05-30 09:31:27 - EncodingCache - WARNING - Failed to generate encoding on crop: compute_face_descriptor(): incompatible function arguments. The following argument types are supported:
    1. (self: _dlib_pybind11.face_recognition_model_v1, img: numpy.ndarray[(rows,cols,3),numpy.uint8], face: _dlib_pybind11.full_object_detection, num_jitters: int = 0, padding: float = 0.25) -> _dlib_pybind11.vector
    2. (self: _dlib_pybind11.face_recognition_model_v1, img: numpy.ndarray[(rows,cols,3),numpy.uint8], num_jitters: int = 0) -> _dlib_pybind11.vector
    3. (self: _dlib_pybind11.face_recognition_model_v1, img: numpy.ndarray[(rows,cols,3),numpy.uint8], faces: _dlib_pybind11.full_object_detections, num_jitters: int = 0, padding: float = 0.25) -> _dlib_pybind11.vectors
    4. (self: _dlib_pybind11.face_recognition_model_v1, batch_img: list[numpy.ndarray[(rows,cols,3),numpy.uint8]], batch_faces: list[_dlib_pybind11.full_object_detections], num_jitters: int = 0, padding: float = 0.25) -> _dlib_pybind11.vectorss
    5. (self: _dlib_pybind11.face_recognition_model_v1, batch_img: list[numpy.ndarray[(rows,cols,3),numpy.uint8]], num_jitters: int = 0) -> _dlib_pybind11.vectors

Invoked with: <_dlib_pybind11.face_recognition_model_v1 object at 0x111dd6070>, array([[[202, 163, 104],
        [203, 163, 104],
        [204, 162, 104],
        ...,
        [191, 160, 121],
        [189, 158, 122],
        [187, 157, 122]],

       [[202, 163, 104],
        [203, 163, 104],
        [204, 162, 104],
        ...,
        [187, 156, 120],
        [185, 155, 121],
        [183, 154, 120]],

       [[202, 163, 104],
        [203, 163, 104],
        [204, 162, 104],
        ...,
        [185, 153, 120],
        [184, 153, 122],
        [181, 151, 119]],

       ...,

       [[181, 134, 101],
        [181, 134, 101],
        [183, 135, 102],
        ...,
        [129,  89,  69],
        [129,  89,  69],
        [129,  89,  66]],

       [[182, 133, 101],
        [181, 134, 101],
        [182, 135, 102],
        ...,
        [126,  88,  70],
        [125,  86,  67],
        [125,  86,  64]],

       [[181, 132, 100],
        [182, 133, 101],
        [183, 135, 102],
        ...,
        [123,  86,  68],
        [123,  85,  67],
        [123,  85,  64]]], shape=(420, 420, 3), dtype=uint8), <_dlib_pybind11.full_object_detection object at 0x1119589f0>, 1. Falling back to full frame.
2026-05-30 09:31:27 - EncodingCache - WARNING - Failed to generate encoding on crop: compute_face_descriptor(): incompatible function arguments. The following argument types are supported:
    1. (self: _dlib_pybind11.face_recognition_model_v1, img: numpy.ndarray[(rows,cols,3),numpy.uint8], face: _dlib_pybind11.full_object_detection, num_jitters: int = 0, padding: float = 0.25) -> _dlib_pybind11.vector
    2. (self: _dlib_pybind11.face_recognition_model_v1, img: numpy.ndarray[(rows,cols,3),numpy.uint8], num_jitters: int = 0) -> _dlib_pybind11.vector
    3. (self: _dlib_pybind11.face_recognition_model_v1, img: numpy.ndarray[(rows,cols,3),numpy.uint8], faces: _dlib_pybind11.full_object_detections, num_jitters: int = 0, padding: float = 0.25) -> _dlib_pybind11.vectors
    4. (self: _dlib_pybind11.face_recognition_model_v1, batch_img: list[numpy.ndarray[(rows,cols,3),numpy.uint8]], batch_faces: list[_dlib_pybind11.full_object_detections], num_jitters: int = 0, padding: float = 0.25) -> _dlib_pybind11.vectorss
    5. (self: _dlib_pybind11.face_recognition_model_v1, batch_img: list[numpy.ndarray[(rows,cols,3),numpy.uint8]], num_jitters: int = 0) -> _dlib_pybind11.vectors

Invoked with: <_dlib_pybind11.face_recognition_model_v1 object at 0x111dd6070>, array([[[226, 204, 168],
        [209, 186, 144],
        [212, 187, 140],
        ...,
        [218, 198, 171],
        [218, 198, 171],
        [218, 198, 171]],

       [[223, 202, 165],
        [210, 189, 146],
        [210, 186, 138],
        ...,
        [218, 198, 171],
        [218, 198, 171],
        [218, 198, 171]],

       [[224, 205, 166],
        [213, 192, 148],
        [211, 189, 139],
        ...,
        [218, 198, 171],
        [218, 198, 171],
        [219, 199, 172]],

       ...,

       [[210, 138, 152],
        [215, 142, 156],
        [220, 147, 161],
        ...,
        [189, 122, 127],
        [185, 119, 123],
        [179, 116, 118]],

       [[212, 140, 154],
        [217, 145, 159],
        [220, 147, 161],
        ...,
        [196, 126, 132],
        [195, 127, 131],
        [192, 125, 128]],

       [[214, 141, 155],
        [219, 146, 160],
        [223, 149, 163],
        ...,
        [194, 125, 132],
        [195, 126, 133],
        [195, 128, 133]]], shape=(308, 308, 3), dtype=uint8), <_dlib_pybind11.full_object_detection object at 0x1119589f0>, 1. Falling back to full frame.
2026-05-30 09:31:27 - EncodingCache - WARNING - Failed to generate encoding on crop: compute_face_descriptor(): incompatible function arguments. The following argument types are supported:
    1. (self: _dlib_pybind11.face_recognition_model_v1, img: numpy.ndarray[(rows,cols,3),numpy.uint8], face: _dlib_pybind11.full_object_detection, num_jitters: int = 0, padding: float = 0.25) -> _dlib_pybind11.vector
    2. (self: _dlib_pybind11.face_recognition_model_v1, img: numpy.ndarray[(rows,cols,3),numpy.uint8], num_jitters: int = 0) -> _dlib_pybind11.vector
    3. (self: _dlib_pybind11.face_recognition_model_v1, img: numpy.ndarray[(rows,cols,3),numpy.uint8], faces: _dlib_pybind11.full_object_detections, num_jitters: int = 0, padding: float = 0.25) -> _dlib_pybind11.vectors
    4. (self: _dlib_pybind11.face_recognition_model_v1, batch_img: list[numpy.ndarray[(rows,cols,3),numpy.uint8]], batch_faces: list[_dlib_pybind11.full_object_detections], num_jitters: int = 0, padding: float = 0.25) -> _dlib_pybind11.vectorss
    5. (self: _dlib_pybind11.face_recognition_model_v1, batch_img: list[numpy.ndarray[(rows,cols,3),numpy.uint8]], num_jitters: int = 0) -> _dlib_pybind11.vectors

Invoked with: <_dlib_pybind11.face_recognition_model_v1 object at 0x111dd6070>, array([[[200, 160, 101],
        [200, 160, 101],
        [200, 160, 101],
        ...,
        [212, 176, 119],
        [206, 173, 119],
        [201, 171, 119]],

       [[200, 160, 101],
        [200, 160, 101],
        [200, 160, 101],
        ...,
        [207, 173, 120],
        [203, 171, 121],
        [200, 170, 121]],

       [[200, 160, 101],
        [200, 160, 101],
        [200, 160, 101],
        ...,
        [204, 172, 122],
        [202, 170, 125],
        [200, 171, 126]],

       ...,

       [[228, 189, 168],
        [233, 191, 169],
        [234, 189, 166],
        ...,
        [ 93,  67,  53],
        [ 98,  70,  56],
        [102,  73,  58]],

       [[218, 182, 160],
        [230, 189, 166],
        [238, 193, 169],
        ...,
        [ 94,  69,  54],
        [ 99,  72,  57],
        [103,  74,  60]],

       [[205, 169, 148],
        [228, 189, 167],
        [232, 190, 166],
        ...,
        [ 94,  69,  54],
        [ 99,  72,  57],
        [100,  71,  58]]], shape=(420, 420, 3), dtype=uint8), <_dlib_pybind11.full_object_detection object at 0x111933a70>, 1. Falling back to full frame.
2026-05-30 09:31:27 - EncodingCache - WARNING - Failed to generate encoding on crop: compute_face_descriptor(): incompatible function arguments. The following argument types are supported:
    1. (self: _dlib_pybind11.face_recognition_model_v1, img: numpy.ndarray[(rows,cols,3),numpy.uint8], face: _dlib_pybind11.full_object_detection, num_jitters: int = 0, padding: float = 0.25) -> _dlib_pybind11.vector
    2. (self: _dlib_pybind11.face_recognition_model_v1, img: numpy.ndarray[(rows,cols,3),numpy.uint8], num_jitters: int = 0) -> _dlib_pybind11.vector
    3. (self: _dlib_pybind11.face_recognition_model_v1, img: numpy.ndarray[(rows,cols,3),numpy.uint8], faces: _dlib_pybind11.full_object_detections, num_jitters: int = 0, padding: float = 0.25) -> _dlib_pybind11.vectors
    4. (self: _dlib_pybind11.face_recognition_model_v1, batch_img: list[numpy.ndarray[(rows,cols,3),numpy.uint8]], batch_faces: list[_dlib_pybind11.full_object_detections], num_jitters: int = 0, padding: float = 0.25) -> _dlib_pybind11.vectorss
    5. (self: _dlib_pybind11.face_recognition_model_v1, batch_img: list[numpy.ndarray[(rows,cols,3),numpy.uint8]], num_jitters: int = 0) -> _dlib_pybind11.vectors

Invoked with: <_dlib_pybind11.face_recognition_model_v1 object at 0x111dd6070>, array([[[253, 253, 250],
        [253, 253, 251],
        [253, 253, 252],
        ...,
        [216, 196, 169],
        [217, 197, 170],
        [217, 197, 170]],

       [[253, 253, 251],
        [253, 253, 251],
        [253, 253, 251],
        ...,
        [217, 197, 170],
        [217, 197, 170],
        [217, 197, 170]],

       [[253, 253, 252],
        [253, 253, 251],
        [253, 253, 250],
        ...,
        [217, 197, 170],
        [217, 197, 170],
        [217, 197, 170]],

       ...,

       [[228, 153, 170],
        [230, 156, 172],
        [231, 158, 175],
        ...,
        [155,  90,  97],
        [157,  91,  98],
        [157,  91,  98]],

       [[228, 155, 171],
        [230, 157, 174],
        [230, 159, 175],
        ...,
        [158,  92, 100],
        [158,  92, 100],
        [158,  92, 100]],

       [[229, 156, 172],
        [231, 159, 175],
        [231, 160, 176],
        ...,
        [159,  93, 101],
        [159,  93, 101],
        [161,  94, 102]]], shape=(360, 356, 3), dtype=uint8), <_dlib_pybind11.full_object_detection object at 0x11196e8b0>, 1. Falling back to full frame.
2026-05-30 09:31:27 - EncodingCache - WARNING - Failed to generate encoding on crop: compute_face_descriptor(): incompatible function arguments. The following argument types are supported:
    1. (self: _dlib_pybind11.face_recognition_model_v1, img: numpy.ndarray[(rows,cols,3),numpy.uint8], face: _dlib_pybind11.full_object_detection, num_jitters: int = 0, padding: float = 0.25) -> _dlib_pybind11.vector
    2. (self: _dlib_pybind11.face_recognition_model_v1, img: numpy.ndarray[(rows,cols,3),numpy.uint8], num_jitters: int = 0) -> _dlib_pybind11.vector
    3. (self: _dlib_pybind11.face_recognition_model_v1, img: numpy.ndarray[(rows,cols,3),numpy.uint8], faces: _dlib_pybind11.full_object_detections, num_jitters: int = 0, padding: float = 0.25) -> _dlib_pybind11.vectors
    4. (self: _dlib_pybind11.face_recognition_model_v1, batch_img: list[numpy.ndarray[(rows,cols,3),numpy.uint8]], batch_faces: list[_dlib_pybind11.full_object_detections], num_jitters: int = 0, padding: float = 0.25) -> _dlib_pybind11.vectorss
    5. (self: _dlib_pybind11.face_recognition_model_v1, batch_img: list[numpy.ndarray[(rows,cols,3),numpy.uint8]], num_jitters: int = 0) -> _dlib_pybind11.vectors

Invoked with: <_dlib_pybind11.face_recognition_model_v1 object at 0x111dd6070>, array([[[196, 154, 100],
        [196, 154, 100],
        [196, 154, 100],
        ...,
        [214, 173, 117],
        [215, 172, 118],
        [213, 171, 117]],

       [[195, 153,  98],
        [196, 154, 100],
        [196, 154, 100],
        ...,
        [214, 173, 117],
        [213, 171, 117],
        [213, 171, 117]],

       [[196, 154, 100],
        [196, 154, 100],
        [196, 154, 100],
        ...,
        [214, 173, 117],
        [213, 171, 117],
        [213, 171, 117]],

       ...,

       [[ 78,  84,  79],
        [ 81,  86,  81],
        [ 82,  86,  81],
        ...,
        [209, 165, 128],
        [208, 164, 128],
        [206, 163, 127]],

       [[ 93, 101,  94],
        [ 96, 103,  96],
        [ 96, 101,  95],
        ...,
        [213, 168, 130],
        [211, 167, 129],
        [210, 166, 128]],

       [[100, 108, 100],
        [ 98, 105,  98],
        [ 98, 105,  98],
        ...,
        [216, 171, 131],
        [215, 171, 132],
        [215, 171, 132]]], shape=(492, 492, 3), dtype=uint8), <_dlib_pybind11.full_object_detection object at 0x111933470>, 1. Falling back to full frame.
2026-05-30 09:31:28 - EncodingCache - WARNING - Failed to generate encoding on crop: compute_face_descriptor(): incompatible function arguments. The following argument types are supported:
    1. (self: _dlib_pybind11.face_recognition_model_v1, img: numpy.ndarray[(rows,cols,3),numpy.uint8], face: _dlib_pybind11.full_object_detection, num_jitters: int = 0, padding: float = 0.25) -> _dlib_pybind11.vector
    2. (self: _dlib_pybind11.face_recognition_model_v1, img: numpy.ndarray[(rows,cols,3),numpy.uint8], num_jitters: int = 0) -> _dlib_pybind11.vector
    3. (self: _dlib_pybind11.face_recognition_model_v1, img: numpy.ndarray[(rows,cols,3),numpy.uint8], faces: _dlib_pybind11.full_object_detections, num_jitters: int = 0, padding: float = 0.25) -> _dlib_pybind11.vectors
    4. (self: _dlib_pybind11.face_recognition_model_v1, batch_img: list[numpy.ndarray[(rows,cols,3),numpy.uint8]], batch_faces: list[_dlib_pybind11.full_object_detections], num_jitters: int = 0, padding: float = 0.25) -> _dlib_pybind11.vectorss
    5. (self: _dlib_pybind11.face_recognition_model_v1, batch_img: list[numpy.ndarray[(rows,cols,3),numpy.uint8]], num_jitters: int = 0) -> _dlib_pybind11.vectors

Invoked with: <_dlib_pybind11.face_recognition_model_v1 object at 0x111dd6070>, array([[[253, 253, 250],
        [253, 253, 251],
        [253, 253, 252],
        ...,
        [217, 197, 170],
        [217, 197, 170],
        [217, 197, 170]],

       [[253, 253, 251],
        [253, 253, 251],
        [253, 253, 251],
        ...,
        [217, 197, 170],
        [217, 197, 170],
        [217, 197, 170]],

       [[253, 253, 252],
        [253, 253, 251],
        [253, 253, 250],
        ...,
        [217, 197, 170],
        [217, 197, 170],
        [217, 197, 170]],

       ...,

       [[232, 158, 175],
        [232, 158, 175],
        [232, 158, 175],
        ...,
        [151,  85,  92],
        [151,  85,  91],
        [152,  86,  92]],

       [[232, 158, 175],
        [232, 158, 175],
        [232, 158, 175],
        ...,
        [152,  86,  92],
        [154,  88,  93],
        [154,  88,  93]],

       [[231, 158, 175],
        [232, 158, 175],
        [232, 158, 175],
        ...,
        [154,  87,  94],
        [155,  89,  96],
        [155,  89,  96]]], shape=(360, 356, 3), dtype=uint8), <_dlib_pybind11.full_object_detection object at 0x1119301f0>, 1. Falling back to full frame.
2026-05-30 09:31:28 - EncodingCache - WARNING - Failed to generate encoding on crop: compute_face_descriptor(): incompatible function arguments. The following argument types are supported:
    1. (self: _dlib_pybind11.face_recognition_model_v1, img: numpy.ndarray[(rows,cols,3),numpy.uint8], face: _dlib_pybind11.full_object_detection, num_jitters: int = 0, padding: float = 0.25) -> _dlib_pybind11.vector
    2. (self: _dlib_pybind11.face_recognition_model_v1, img: numpy.ndarray[(rows,cols,3),numpy.uint8], num_jitters: int = 0) -> _dlib_pybind11.vector
    3. (self: _dlib_pybind11.face_recognition_model_v1, img: numpy.ndarray[(rows,cols,3),numpy.uint8], faces: _dlib_pybind11.full_object_detections, num_jitters: int = 0, padding: float = 0.25) -> _dlib_pybind11.vectors
    4. (self: _dlib_pybind11.face_recognition_model_v1, batch_img: list[numpy.ndarray[(rows,cols,3),numpy.uint8]], batch_faces: list[_dlib_pybind11.full_object_detections], num_jitters: int = 0, padding: float = 0.25) -> _dlib_pybind11.vectorss
    5. (self: _dlib_pybind11.face_recognition_model_v1, batch_img: list[numpy.ndarray[(rows,cols,3),numpy.uint8]], num_jitters: int = 0) -> _dlib_pybind11.vectors

Invoked with: <_dlib_pybind11.face_recognition_model_v1 object at 0x111dd6070>, array([[[203, 158, 102],
        [203, 158, 102],
        [203, 158, 102],
        ...,
        [ 87,  83,  77],
        [ 87,  83,  77],
        [ 86,  82,  77]],

       [[203, 158, 101],
        [201, 157, 100],
        [203, 158, 101],
        ...,
        [ 87,  83,  76],
        [ 87,  83,  76],
        [ 87,  83,  77]],

       [[203, 158, 100],
        [203, 158, 100],
        [203, 158, 100],
        ...,
        [ 88,  84,  77],
        [ 87,  83,  75],
        [ 87,  83,  76]],

       ...,

       [[ 66,  19,  20],
        [ 66,  20,  20],
        [ 67,  22,  20],
        ...,
        [232, 208, 161],
        [230, 208, 165],
        [205, 180, 139]],

       [[ 66,  19,  20],
        [ 65,  19,  19],
        [ 67,  22,  20],
        ...,
        [243, 219, 168],
        [235, 215, 169],
        [215, 191, 146]],

       [[ 66,  19,  20],
        [ 66,  20,  20],
        [ 68,  23,  22],
        ...,
        [247, 231, 185],
        [249, 235, 193],
        [245, 226, 183]]], shape=(420, 420, 3), dtype=uint8), <_dlib_pybind11.full_object_detection object at 0x111930df0>, 1. Falling back to full frame.
2026-05-30 09:31:28 - EncodingCache - WARNING - Failed to generate encoding on crop: compute_face_descriptor(): incompatible function arguments. The following argument types are supported:
    1. (self: _dlib_pybind11.face_recognition_model_v1, img: numpy.ndarray[(rows,cols,3),numpy.uint8], face: _dlib_pybind11.full_object_detection, num_jitters: int = 0, padding: float = 0.25) -> _dlib_pybind11.vector
    2. (self: _dlib_pybind11.face_recognition_model_v1, img: numpy.ndarray[(rows,cols,3),numpy.uint8], num_jitters: int = 0) -> _dlib_pybind11.vector
    3. (self: _dlib_pybind11.face_recognition_model_v1, img: numpy.ndarray[(rows,cols,3),numpy.uint8], faces: _dlib_pybind11.full_object_detections, num_jitters: int = 0, padding: float = 0.25) -> _dlib_pybind11.vectors
    4. (self: _dlib_pybind11.face_recognition_model_v1, batch_img: list[numpy.ndarray[(rows,cols,3),numpy.uint8]], batch_faces: list[_dlib_pybind11.full_object_detections], num_jitters: int = 0, padding: float = 0.25) -> _dlib_pybind11.vectorss
    5. (self: _dlib_pybind11.face_recognition_model_v1, batch_img: list[numpy.ndarray[(rows,cols,3),numpy.uint8]], num_jitters: int = 0) -> _dlib_pybind11.vectors

Invoked with: <_dlib_pybind11.face_recognition_model_v1 object at 0x111dd6070>, array([[[255, 255, 242],
        [255, 255, 235],
        [229, 225, 194],
        ...,
        [220, 198, 172],
        [220, 198, 171],
        [219, 198, 171]],

       [[255, 255, 242],
        [255, 255, 234],
        [229, 225, 194],
        ...,
        [221, 199, 173],
        [221, 199, 173],
        [221, 199, 173]],

       [[255, 255, 240],
        [255, 255, 233],
        [228, 224, 193],
        ...,
        [220, 199, 173],
        [221, 199, 174],
        [220, 198, 172]],

       ...,

       [[223, 145, 158],
        [216, 141, 152],
        [209, 136, 145],
        ...,
        [133,  72,  72],
        [133,  72,  72],
        [131,  71,  71]],

       [[222, 144, 157],
        [213, 137, 148],
        [203, 130, 137],
        ...,
        [133,  72,  73],
        [133,  72,  72],
        [131,  71,  71]],

       [[218, 140, 152],
        [211, 135, 145],
        [196, 123, 130],
        ...,
        [135,  74,  75],
        [134,  73,  73],
        [134,  74,  74]]], shape=(308, 308, 3), dtype=uint8), <_dlib_pybind11.full_object_detection object at 0x111938db0>, 1. Falling back to full frame.
2026-05-30 09:31:28 - EncodingCache - WARNING - Failed to generate encoding on crop: compute_face_descriptor(): incompatible function arguments. The following argument types are supported:
    1. (self: _dlib_pybind11.face_recognition_model_v1, img: numpy.ndarray[(rows,cols,3),numpy.uint8], face: _dlib_pybind11.full_object_detection, num_jitters: int = 0, padding: float = 0.25) -> _dlib_pybind11.vector
    2. (self: _dlib_pybind11.face_recognition_model_v1, img: numpy.ndarray[(rows,cols,3),numpy.uint8], num_jitters: int = 0) -> _dlib_pybind11.vector
    3. (self: _dlib_pybind11.face_recognition_model_v1, img: numpy.ndarray[(rows,cols,3),numpy.uint8], faces: _dlib_pybind11.full_object_detections, num_jitters: int = 0, padding: float = 0.25) -> _dlib_pybind11.vectors
    4. (self: _dlib_pybind11.face_recognition_model_v1, batch_img: list[numpy.ndarray[(rows,cols,3),numpy.uint8]], batch_faces: list[_dlib_pybind11.full_object_detections], num_jitters: int = 0, padding: float = 0.25) -> _dlib_pybind11.vectorss
    5. (self: _dlib_pybind11.face_recognition_model_v1, batch_img: list[numpy.ndarray[(rows,cols,3),numpy.uint8]], num_jitters: int = 0) -> _dlib_pybind11.vectors

Invoked with: <_dlib_pybind11.face_recognition_model_v1 object at 0x111dd6070>, array([[[202, 160, 105],
        [202, 160, 105],
        [202, 160, 105],
        ...,
        [208, 168, 117],
        [209, 169, 119],
        [208, 168, 118]],

       [[202, 160, 105],
        [202, 160, 105],
        [202, 160, 105],
        ...,
        [208, 168, 117],
        [208, 168, 119],
        [208, 168, 119]],

       [[202, 160, 105],
        [202, 160, 105],
        [202, 160, 105],
        ...,
        [208, 168, 118],
        [208, 168, 120],
        [206, 167, 119]],

       ...,

       [[ 76,  86,  77],
        [ 77,  86,  77],
        [ 75,  84,  75],
        ...,
        [226, 178, 139],
        [226, 178, 139],
        [226, 178, 139]],

       [[ 77,  87,  78],
        [ 75,  85,  76],
        [ 75,  85,  76],
        ...,
        [225, 178, 139],
        [226, 178, 139],
        [227, 179, 140]],

       [[ 75,  87,  77],
        [ 74,  85,  76],
        [ 75,  85,  76],
        ...,
        [225, 178, 139],
        [227, 179, 140],
        [227, 179, 140]]], shape=(492, 492, 3), dtype=uint8), <_dlib_pybind11.full_object_detection object at 0x111938db0>, 1. Falling back to full frame.
2026-05-30 09:31:28 - EncodingCache - WARNING - Failed to generate encoding on crop: compute_face_descriptor(): incompatible function arguments. The following argument types are supported:
    1. (self: _dlib_pybind11.face_recognition_model_v1, img: numpy.ndarray[(rows,cols,3),numpy.uint8], face: _dlib_pybind11.full_object_detection, num_jitters: int = 0, padding: float = 0.25) -> _dlib_pybind11.vector
    2. (self: _dlib_pybind11.face_recognition_model_v1, img: numpy.ndarray[(rows,cols,3),numpy.uint8], num_jitters: int = 0) -> _dlib_pybind11.vector
    3. (self: _dlib_pybind11.face_recognition_model_v1, img: numpy.ndarray[(rows,cols,3),numpy.uint8], faces: _dlib_pybind11.full_object_detections, num_jitters: int = 0, padding: float = 0.25) -> _dlib_pybind11.vectors
    4. (self: _dlib_pybind11.face_recognition_model_v1, batch_img: list[numpy.ndarray[(rows,cols,3),numpy.uint8]], batch_faces: list[_dlib_pybind11.full_object_detections], num_jitters: int = 0, padding: float = 0.25) -> _dlib_pybind11.vectorss
    5. (self: _dlib_pybind11.face_recognition_model_v1, batch_img: list[numpy.ndarray[(rows,cols,3),numpy.uint8]], num_jitters: int = 0) -> _dlib_pybind11.vectors

Invoked with: <_dlib_pybind11.face_recognition_model_v1 object at 0x111dd6070>, array([[[255, 255, 242],
        [255, 255, 236],
        [230, 226, 197],
        ...,
        [219, 197, 170],
        [220, 198, 171],
        [219, 198, 171]],

       [[255, 255, 242],
        [255, 255, 237],
        [229, 225, 197],
        ...,
        [220, 198, 171],
        [221, 199, 172],
        [221, 199, 172]],

       [[255, 255, 240],
        [255, 255, 237],
        [228, 224, 197],
        ...,
        [219, 198, 171],
        [221, 199, 172],
        [220, 198, 171]],

       ...,

       [[231, 151, 167],
        [229, 150, 165],
        [228, 149, 162],
        ...,
        [128,  67,  69],
        [128,  65,  68],
        [127,  64,  67]],

       [[232, 151, 167],
        [230, 150, 165],
        [227, 147, 160],
        ...,
        [129,  68,  70],
        [129,  68,  70],
        [128,  65,  68]],

       [[230, 150, 166],
        [228, 148, 162],
        [226, 145, 158],
        ...,
        [130,  69,  71],
        [129,  68,  70],
        [128,  67,  69]]], shape=(308, 308, 3), dtype=uint8), <_dlib_pybind11.full_object_detection object at 0x11193b870>, 1. Falling back to full frame.
2026-05-30 09:31:28 - EncodingCache - WARNING - Failed to generate encoding on crop: compute_face_descriptor(): incompatible function arguments. The following argument types are supported:
    1. (self: _dlib_pybind11.face_recognition_model_v1, img: numpy.ndarray[(rows,cols,3),numpy.uint8], face: _dlib_pybind11.full_object_detection, num_jitters: int = 0, padding: float = 0.25) -> _dlib_pybind11.vector
    2. (self: _dlib_pybind11.face_recognition_model_v1, img: numpy.ndarray[(rows,cols,3),numpy.uint8], num_jitters: int = 0) -> _dlib_pybind11.vector
    3. (self: _dlib_pybind11.face_recognition_model_v1, img: numpy.ndarray[(rows,cols,3),numpy.uint8], faces: _dlib_pybind11.full_object_detections, num_jitters: int = 0, padding: float = 0.25) -> _dlib_pybind11.vectors
    4. (self: _dlib_pybind11.face_recognition_model_v1, batch_img: list[numpy.ndarray[(rows,cols,3),numpy.uint8]], batch_faces: list[_dlib_pybind11.full_object_detections], num_jitters: int = 0, padding: float = 0.25) -> _dlib_pybind11.vectorss
    5. (self: _dlib_pybind11.face_recognition_model_v1, batch_img: list[numpy.ndarray[(rows,cols,3),numpy.uint8]], num_jitters: int = 0) -> _dlib_pybind11.vectors

Invoked with: <_dlib_pybind11.face_recognition_model_v1 object at 0x111dd6070>, array([[[204, 162, 106],
        [204, 162, 106],
        [204, 162, 106],
        ...,
        [217, 174, 108],
        [219, 175, 108],
        [219, 175, 109]],

       [[203, 161, 104],
        [204, 162, 106],
        [204, 162, 106],
        ...,
        [217, 174, 108],
        [218, 174, 107],
        [218, 174, 107]],

       [[203, 161, 104],
        [204, 162, 106],
        [204, 162, 106],
        ...,
        [216, 173, 107],
        [218, 174, 107],
        [218, 174, 107]],

       ...,

       [[ 81,  91,  78],
        [ 82,  91,  79],
        [ 81,  89,  78],
        ...,
        [224, 176, 137],
        [224, 176, 137],
        [224, 176, 137]],

       [[ 81,  91,  77],
        [ 80,  90,  77],
        [ 80,  88,  77],
        ...,
        [224, 176, 137],
        [223, 175, 135],
        [224, 176, 137]],

       [[ 80,  90,  76],
        [ 80,  90,  77],
        [ 80,  88,  77],
        ...,
        [223, 175, 135],
        [223, 175, 135],
        [223, 175, 135]]], shape=(492, 492, 3), dtype=uint8), <_dlib_pybind11.full_object_detection object at 0x111930530>, 1. Falling back to full frame.
2026-05-30 09:31:28 - EncodingCache - WARNING - Failed to generate encoding on crop: compute_face_descriptor(): incompatible function arguments. The following argument types are supported:
    1. (self: _dlib_pybind11.face_recognition_model_v1, img: numpy.ndarray[(rows,cols,3),numpy.uint8], face: _dlib_pybind11.full_object_detection, num_jitters: int = 0, padding: float = 0.25) -> _dlib_pybind11.vector
    2. (self: _dlib_pybind11.face_recognition_model_v1, img: numpy.ndarray[(rows,cols,3),numpy.uint8], num_jitters: int = 0) -> _dlib_pybind11.vector
    3. (self: _dlib_pybind11.face_recognition_model_v1, img: numpy.ndarray[(rows,cols,3),numpy.uint8], faces: _dlib_pybind11.full_object_detections, num_jitters: int = 0, padding: float = 0.25) -> _dlib_pybind11.vectors
    4. (self: _dlib_pybind11.face_recognition_model_v1, batch_img: list[numpy.ndarray[(rows,cols,3),numpy.uint8]], batch_faces: list[_dlib_pybind11.full_object_detections], num_jitters: int = 0, padding: float = 0.25) -> _dlib_pybind11.vectorss
    5. (self: _dlib_pybind11.face_recognition_model_v1, batch_img: list[numpy.ndarray[(rows,cols,3),numpy.uint8]], num_jitters: int = 0) -> _dlib_pybind11.vectors

Invoked with: <_dlib_pybind11.face_recognition_model_v1 object at 0x111dd6070>, array([[[255, 255, 242],
        [255, 255, 236],
        [231, 227, 198],
        ...,
        [217, 194, 167],
        [218, 195, 169],
        [217, 196, 169]],

       [[255, 255, 242],
        [255, 255, 238],
        [229, 225, 197],
        ...,
        [217, 196, 169],
        [217, 194, 167],
        [222, 200, 173]],

       [[255, 255, 240],
        [255, 255, 238],
        [228, 224, 197],
        ...,
        [218, 197, 170],
        [218, 195, 169],
        [219, 197, 170]],

       ...,

       [[231, 151, 167],
        [229, 150, 165],
        [229, 151, 164],
        ...,
        [127,  67,  67],
        [127,  67,  66],
        [127,  67,  66]],

       [[230, 152, 167],
        [230, 152, 166],
        [227, 149, 162],
        ...,
        [126,  66,  66],
        [127,  66,  66],
        [127,  66,  66]],

       [[231, 151, 167],
        [229, 150, 164],
        [225, 147, 159],
        ...,
        [126,  66,  66],
        [127,  66,  66],
        [126,  65,  65]]], shape=(308, 308, 3), dtype=uint8), <_dlib_pybind11.full_object_detection object at 0x111932f30>, 1. Falling back to full frame.
2026-05-30 09:31:28 - EncodingCache - WARNING - Failed to generate encoding on crop: compute_face_descriptor(): incompatible function arguments. The following argument types are supported:
    1. (self: _dlib_pybind11.face_recognition_model_v1, img: numpy.ndarray[(rows,cols,3),numpy.uint8], face: _dlib_pybind11.full_object_detection, num_jitters: int = 0, padding: float = 0.25) -> _dlib_pybind11.vector
    2. (self: _dlib_pybind11.face_recognition_model_v1, img: numpy.ndarray[(rows,cols,3),numpy.uint8], num_jitters: int = 0) -> _dlib_pybind11.vector
    3. (self: _dlib_pybind11.face_recognition_model_v1, img: numpy.ndarray[(rows,cols,3),numpy.uint8], faces: _dlib_pybind11.full_object_detections, num_jitters: int = 0, padding: float = 0.25) -> _dlib_pybind11.vectors
    4. (self: _dlib_pybind11.face_recognition_model_v1, batch_img: list[numpy.ndarray[(rows,cols,3),numpy.uint8]], batch_faces: list[_dlib_pybind11.full_object_detections], num_jitters: int = 0, padding: float = 0.25) -> _dlib_pybind11.vectorss
    5. (self: _dlib_pybind11.face_recognition_model_v1, batch_img: list[numpy.ndarray[(rows,cols,3),numpy.uint8]], num_jitters: int = 0) -> _dlib_pybind11.vectors

Invoked with: <_dlib_pybind11.face_recognition_model_v1 object at 0x111dd6070>, array([[[204, 162, 106],
        [204, 162, 105],
        [204, 162, 104],
        ...,
        [233, 194, 124],
        [234, 195, 126],
        [235, 196, 128]],

       [[204, 162, 106],
        [204, 162, 105],
        [204, 162, 104],
        ...,
        [235, 195, 125],
        [237, 197, 128],
        [238, 198, 129]],

       [[204, 162, 106],
        [204, 162, 105],
        [204, 162, 104],
        ...,
        [237, 196, 126],
        [239, 198, 128],
        [240, 199, 130]],

       ...,

       [[ 74,  87,  75],
        [ 75,  87,  75],
        [ 75,  85,  74],
        ...,
        [220, 174, 134],
        [220, 174, 134],
        [220, 174, 134]],

       [[ 74,  87,  75],
        [ 75,  87,  75],
        [ 75,  85,  74],
        ...,
        [220, 174, 134],
        [220, 174, 134],
        [220, 174, 134]],

       [[ 74,  87,  75],
        [ 74,  86,  74],
        [ 74,  84,  72],
        ...,
        [220, 174, 135],
        [220, 174, 135],
        [220, 174, 135]]], shape=(492, 492, 3), dtype=uint8), <_dlib_pybind11.full_object_detection object at 0x111932f30>, 1. Falling back to full frame.
2026-05-30 09:31:28 - EncodingCache - WARNING - Failed to generate encoding on crop: compute_face_descriptor(): incompatible function arguments. The following argument types are supported:
    1. (self: _dlib_pybind11.face_recognition_model_v1, img: numpy.ndarray[(rows,cols,3),numpy.uint8], face: _dlib_pybind11.full_object_detection, num_jitters: int = 0, padding: float = 0.25) -> _dlib_pybind11.vector
    2. (self: _dlib_pybind11.face_recognition_model_v1, img: numpy.ndarray[(rows,cols,3),numpy.uint8], num_jitters: int = 0) -> _dlib_pybind11.vector
    3. (self: _dlib_pybind11.face_recognition_model_v1, img: numpy.ndarray[(rows,cols,3),numpy.uint8], faces: _dlib_pybind11.full_object_detections, num_jitters: int = 0, padding: float = 0.25) -> _dlib_pybind11.vectors
    4. (self: _dlib_pybind11.face_recognition_model_v1, batch_img: list[numpy.ndarray[(rows,cols,3),numpy.uint8]], batch_faces: list[_dlib_pybind11.full_object_detections], num_jitters: int = 0, padding: float = 0.25) -> _dlib_pybind11.vectorss
    5. (self: _dlib_pybind11.face_recognition_model_v1, batch_img: list[numpy.ndarray[(rows,cols,3),numpy.uint8]], num_jitters: int = 0) -> _dlib_pybind11.vectors

Invoked with: <_dlib_pybind11.face_recognition_model_v1 object at 0x111dd6070>, array([[[255, 255, 242],
        [255, 255, 237],
        [230, 226, 199],
        ...,
        [220, 198, 171],
        [219, 197, 170],
        [218, 197, 170]],

       [[255, 255, 242],
        [255, 255, 239],
        [229, 225, 198],
        ...,
        [221, 199, 172],
        [219, 197, 170],
        [220, 198, 171]],

       [[255, 255, 240],
        [255, 255, 238],
        [228, 224, 197],
        ...,
        [220, 199, 172],
        [220, 198, 171],
        [219, 197, 170]],

       ...,

       [[232, 154, 169],
        [232, 154, 168],
        [230, 152, 165],
        ...,
        [130,  68,  68],
        [131,  71,  69],
        [133,  71,  71]],

       [[232, 154, 169],
        [231, 153, 167],
        [229, 151, 164],
        ...,
        [127,  66,  66],
        [128,  67,  67],
        [129,  67,  67]],

       [[230, 153, 168],
        [230, 153, 166],
        [227, 150, 161],
        ...,
        [125,  63,  64],
        [125,  63,  64],
        [127,  64,  65]]], shape=(308, 308, 3), dtype=uint8), <_dlib_pybind11.full_object_detection object at 0x111996230>, 1. Falling back to full frame.
2026-05-30 09:31:29 - EncodingCache - WARNING - Failed to generate encoding on crop: compute_face_descriptor(): incompatible function arguments. The following argument types are supported:
    1. (self: _dlib_pybind11.face_recognition_model_v1, img: numpy.ndarray[(rows,cols,3),numpy.uint8], face: _dlib_pybind11.full_object_detection, num_jitters: int = 0, padding: float = 0.25) -> _dlib_pybind11.vector
    2. (self: _dlib_pybind11.face_recognition_model_v1, img: numpy.ndarray[(rows,cols,3),numpy.uint8], num_jitters: int = 0) -> _dlib_pybind11.vector
    3. (self: _dlib_pybind11.face_recognition_model_v1, img: numpy.ndarray[(rows,cols,3),numpy.uint8], faces: _dlib_pybind11.full_object_detections, num_jitters: int = 0, padding: float = 0.25) -> _dlib_pybind11.vectors
    4. (self: _dlib_pybind11.face_recognition_model_v1, batch_img: list[numpy.ndarray[(rows,cols,3),numpy.uint8]], batch_faces: list[_dlib_pybind11.full_object_detections], num_jitters: int = 0, padding: float = 0.25) -> _dlib_pybind11.vectorss
    5. (self: _dlib_pybind11.face_recognition_model_v1, batch_img: list[numpy.ndarray[(rows,cols,3),numpy.uint8]], num_jitters: int = 0) -> _dlib_pybind11.vectors

Invoked with: <_dlib_pybind11.face_recognition_model_v1 object at 0x111dd6070>, array([[[206, 162, 104],
        [206, 162, 104],
        [206, 162, 104],
        ...,
        [232, 191, 124],
        [231, 190, 122],
        [229, 188, 118]],

       [[206, 162, 104],
        [206, 162, 104],
        [206, 162, 104],
        ...,
        [234, 192, 126],
        [232, 191, 124],
        [231, 190, 122]],

       [[206, 162, 104],
        [206, 162, 104],
        [206, 162, 104],
        ...,
        [234, 192, 126],
        [233, 192, 126],
        [232, 189, 123]],

       ...,

       [[ 73,  86,  74],
        [ 73,  84,  72],
        [ 73,  83,  71],
        ...,
        [220, 174, 136],
        [220, 174, 136],
        [220, 174, 136]],

       [[ 73,  86,  74],
        [ 73,  84,  72],
        [ 73,  83,  71],
        ...,
        [220, 174, 136],
        [220, 174, 136],
        [220, 174, 136]],

       [[ 72,  85,  72],
        [ 73,  84,  72],
        [ 73,  83,  71],
        ...,
        [220, 174, 136],
        [220, 174, 136],
        [220, 174, 136]]], shape=(492, 492, 3), dtype=uint8), <_dlib_pybind11.full_object_detection object at 0x111939bf0>, 1. Falling back to full frame.
2026-05-30 09:31:29 - EncodingCache - WARNING - Failed to generate encoding on crop: compute_face_descriptor(): incompatible function arguments. The following argument types are supported:
    1. (self: _dlib_pybind11.face_recognition_model_v1, img: numpy.ndarray[(rows,cols,3),numpy.uint8], face: _dlib_pybind11.full_object_detection, num_jitters: int = 0, padding: float = 0.25) -> _dlib_pybind11.vector
    2. (self: _dlib_pybind11.face_recognition_model_v1, img: numpy.ndarray[(rows,cols,3),numpy.uint8], num_jitters: int = 0) -> _dlib_pybind11.vector
    3. (self: _dlib_pybind11.face_recognition_model_v1, img: numpy.ndarray[(rows,cols,3),numpy.uint8], faces: _dlib_pybind11.full_object_detections, num_jitters: int = 0, padding: float = 0.25) -> _dlib_pybind11.vectors
    4. (self: _dlib_pybind11.face_recognition_model_v1, batch_img: list[numpy.ndarray[(rows,cols,3),numpy.uint8]], batch_faces: list[_dlib_pybind11.full_object_detections], num_jitters: int = 0, padding: float = 0.25) -> _dlib_pybind11.vectorss
    5. (self: _dlib_pybind11.face_recognition_model_v1, batch_img: list[numpy.ndarray[(rows,cols,3),numpy.uint8]], num_jitters: int = 0) -> _dlib_pybind11.vectors

Invoked with: <_dlib_pybind11.face_recognition_model_v1 object at 0x111dd6070>, array([[[255, 255, 242],
        [255, 255, 238],
        [230, 226, 199],
        ...,
        [219, 199, 172],
        [217, 197, 170],
        [216, 196, 169]],

       [[255, 255, 242],
        [255, 255, 239],
        [229, 225, 199],
        ...,
        [221, 201, 172],
        [218, 198, 170],
        [215, 195, 166]],

       [[255, 255, 240],
        [255, 255, 239],
        [229, 225, 200],
        ...,
        [221, 201, 171],
        [218, 199, 169],
        [217, 197, 168]],

       ...,

       [[230, 152, 166],
        [230, 152, 165],
        [230, 152, 165],
        ...,
        [137,  76,  75],
        [137,  76,  75],
        [139,  77,  76]],

       [[230, 152, 165],
        [231, 153, 166],
        [230, 152, 165],
        ...,
        [129,  68,  68],
        [129,  68,  68],
        [131,  69,  69]],

       [[231, 153, 166],
        [231, 153, 166],
        [230, 152, 165],
        ...,
        [127,  64,  66],
        [127,  64,  66],
        [128,  65,  67]]], shape=(308, 308, 3), dtype=uint8), <_dlib_pybind11.full_object_detection object at 0x111983af0>, 1. Falling back to full frame.
2026-05-30 09:31:29 - EncodingCache - WARNING - Failed to generate encoding on crop: compute_face_descriptor(): incompatible function arguments. The following argument types are supported:
    1. (self: _dlib_pybind11.face_recognition_model_v1, img: numpy.ndarray[(rows,cols,3),numpy.uint8], face: _dlib_pybind11.full_object_detection, num_jitters: int = 0, padding: float = 0.25) -> _dlib_pybind11.vector
    2. (self: _dlib_pybind11.face_recognition_model_v1, img: numpy.ndarray[(rows,cols,3),numpy.uint8], num_jitters: int = 0) -> _dlib_pybind11.vector
    3. (self: _dlib_pybind11.face_recognition_model_v1, img: numpy.ndarray[(rows,cols,3),numpy.uint8], faces: _dlib_pybind11.full_object_detections, num_jitters: int = 0, padding: float = 0.25) -> _dlib_pybind11.vectors
    4. (self: _dlib_pybind11.face_recognition_model_v1, batch_img: list[numpy.ndarray[(rows,cols,3),numpy.uint8]], batch_faces: list[_dlib_pybind11.full_object_detections], num_jitters: int = 0, padding: float = 0.25) -> _dlib_pybind11.vectorss
    5. (self: _dlib_pybind11.face_recognition_model_v1, batch_img: list[numpy.ndarray[(rows,cols,3),numpy.uint8]], num_jitters: int = 0) -> _dlib_pybind11.vectors

Invoked with: <_dlib_pybind11.face_recognition_model_v1 object at 0x111dd6070>, array([[[208, 164, 104],
        [208, 164, 104],
        [208, 164, 104],
        ...,
        [ 82,  80,  75],
        [ 82,  80,  75],
        [ 82,  80,  75]],

       [[208, 164, 104],
        [208, 164, 104],
        [208, 164, 104],
        ...,
        [ 83,  81,  77],
        [ 80,  79,  74],
        [ 82,  80,  75]],

       [[208, 164, 104],
        [209, 165, 105],
        [208, 164, 104],
        ...,
        [ 82,  80,  75],
        [ 82,  80,  75],
        [ 81,  79,  74]],

       ...,

       [[ 71,  30,  25],
        [ 73,  32,  26],
        [ 75,  35,  27],
        ...,
        [238, 215, 173],
        [222, 201, 159],
        [174, 150, 108]],

       [[ 70,  27,  23],
        [ 71,  30,  24],
        [ 75,  35,  28],
        ...,
        [230, 204, 163],
        [247, 224, 184],
        [231, 205, 165]],

       [[ 70,  27,  23],
        [ 71,  28,  23],
        [ 73,  31,  24],
        ...,
        [202, 171, 132],
        [246, 218, 180],
        [247, 218, 181]]], shape=(420, 420, 3), dtype=uint8), <_dlib_pybind11.full_object_detection object at 0x1119818f0>, 1. Falling back to full frame.
2026-05-30 09:31:29 - EncodingCache - WARNING - Failed to generate encoding on crop: compute_face_descriptor(): incompatible function arguments. The following argument types are supported:
    1. (self: _dlib_pybind11.face_recognition_model_v1, img: numpy.ndarray[(rows,cols,3),numpy.uint8], face: _dlib_pybind11.full_object_detection, num_jitters: int = 0, padding: float = 0.25) -> _dlib_pybind11.vector
    2. (self: _dlib_pybind11.face_recognition_model_v1, img: numpy.ndarray[(rows,cols,3),numpy.uint8], num_jitters: int = 0) -> _dlib_pybind11.vector
    3. (self: _dlib_pybind11.face_recognition_model_v1, img: numpy.ndarray[(rows,cols,3),numpy.uint8], faces: _dlib_pybind11.full_object_detections, num_jitters: int = 0, padding: float = 0.25) -> _dlib_pybind11.vectors
    4. (self: _dlib_pybind11.face_recognition_model_v1, batch_img: list[numpy.ndarray[(rows,cols,3),numpy.uint8]], batch_faces: list[_dlib_pybind11.full_object_detections], num_jitters: int = 0, padding: float = 0.25) -> _dlib_pybind11.vectorss
    5. (self: _dlib_pybind11.face_recognition_model_v1, batch_img: list[numpy.ndarray[(rows,cols,3),numpy.uint8]], num_jitters: int = 0) -> _dlib_pybind11.vectors

Invoked with: <_dlib_pybind11.face_recognition_model_v1 object at 0x111dd6070>, array([[[255, 255, 242],
        [255, 255, 236],
        [231, 227, 201],
        ...,
        [217, 197, 170],
        [216, 196, 169],
        [216, 196, 167]],

       [[255, 255, 242],
        [255, 255, 239],
        [229, 225, 199],
        ...,
        [219, 200, 171],
        [218, 198, 170],
        [215, 195, 166]],

       [[255, 255, 240],
        [255, 255, 236],
        [229, 225, 200],
        ...,
        [222, 202, 173],
        [219, 200, 170],
        [216, 196, 166]],

       ...,

       [[230, 152, 167],
        [231, 153, 168],
        [230, 152, 167],
        ...,
        [143,  82,  81],
        [143,  81,  79],
        [143,  81,  79]],

       [[231, 153, 168],
        [231, 153, 168],
        [229, 150, 166],
        ...,
        [131,  71,  69],
        [131,  71,  68],
        [132,  70,  68]],

       [[231, 153, 168],
        [230, 152, 167],
        [229, 150, 166],
        ...,
        [126,  65,  65],
        [126,  65,  65],
        [128,  66,  66]]], shape=(308, 308, 3), dtype=uint8), <_dlib_pybind11.full_object_detection object at 0x1119834f0>, 1. Falling back to full frame.
2026-05-30 09:31:29 - EncodingCache - WARNING - Failed to generate encoding on crop: compute_face_descriptor(): incompatible function arguments. The following argument types are supported:
    1. (self: _dlib_pybind11.face_recognition_model_v1, img: numpy.ndarray[(rows,cols,3),numpy.uint8], face: _dlib_pybind11.full_object_detection, num_jitters: int = 0, padding: float = 0.25) -> _dlib_pybind11.vector
    2. (self: _dlib_pybind11.face_recognition_model_v1, img: numpy.ndarray[(rows,cols,3),numpy.uint8], num_jitters: int = 0) -> _dlib_pybind11.vector
    3. (self: _dlib_pybind11.face_recognition_model_v1, img: numpy.ndarray[(rows,cols,3),numpy.uint8], faces: _dlib_pybind11.full_object_detections, num_jitters: int = 0, padding: float = 0.25) -> _dlib_pybind11.vectors
    4. (self: _dlib_pybind11.face_recognition_model_v1, batch_img: list[numpy.ndarray[(rows,cols,3),numpy.uint8]], batch_faces: list[_dlib_pybind11.full_object_detections], num_jitters: int = 0, padding: float = 0.25) -> _dlib_pybind11.vectorss
    5. (self: _dlib_pybind11.face_recognition_model_v1, batch_img: list[numpy.ndarray[(rows,cols,3),numpy.uint8]], num_jitters: int = 0) -> _dlib_pybind11.vectors

Invoked with: <_dlib_pybind11.face_recognition_model_v1 object at 0x111dd6070>, array([[[209, 165, 105],
        [209, 165, 105],
        [209, 165, 105],
        ...,
        [ 87,  80,  77],
        [ 86,  80,  77],
        [ 85,  79,  75]],

       [[209, 165, 105],
        [209, 165, 105],
        [209, 165, 105],
        ...,
        [ 89,  81,  78],
        [ 88,  81,  78],
        [ 87,  80,  77]],

       [[209, 165, 105],
        [209, 165, 105],
        [209, 165, 105],
        ...,
        [ 89,  81,  78],
        [ 89,  81,  78],
        [ 88,  79,  78]],

       ...,

       [[ 67,  22,  19],
        [ 68,  25,  21],
        [ 68,  26,  22],
        ...,
        [226, 201, 165],
        [210, 187, 151],
        [183, 157, 121]],

       [[ 67,  22,  18],
        [ 67,  24,  18],
        [ 68,  26,  20],
        ...,
        [160, 131,  97],
        [172, 143, 111],
        [167, 139, 108]],

       [[ 67,  23,  20],
        [ 67,  24,  18],
        [ 68,  26,  20],
        ...,
        [102,  71,  42],
        [125,  94,  66],
        [140, 109,  82]]], shape=(420, 420, 3), dtype=uint8), <_dlib_pybind11.full_object_detection object at 0x111983170>, 1. Falling back to full frame.
2026-05-30 09:31:30 - EncodingCache - WARNING - Failed to generate encoding on crop: compute_face_descriptor(): incompatible function arguments. The following argument types are supported:
    1. (self: _dlib_pybind11.face_recognition_model_v1, img: numpy.ndarray[(rows,cols,3),numpy.uint8], face: _dlib_pybind11.full_object_detection, num_jitters: int = 0, padding: float = 0.25) -> _dlib_pybind11.vector
    2. (self: _dlib_pybind11.face_recognition_model_v1, img: numpy.ndarray[(rows,cols,3),numpy.uint8], num_jitters: int = 0) -> _dlib_pybind11.vector
    3. (self: _dlib_pybind11.face_recognition_model_v1, img: numpy.ndarray[(rows,cols,3),numpy.uint8], faces: _dlib_pybind11.full_object_detections, num_jitters: int = 0, padding: float = 0.25) -> _dlib_pybind11.vectors
    4. (self: _dlib_pybind11.face_recognition_model_v1, batch_img: list[numpy.ndarray[(rows,cols,3),numpy.uint8]], batch_faces: list[_dlib_pybind11.full_object_detections], num_jitters: int = 0, padding: float = 0.25) -> _dlib_pybind11.vectorss
    5. (self: _dlib_pybind11.face_recognition_model_v1, batch_img: list[numpy.ndarray[(rows,cols,3),numpy.uint8]], num_jitters: int = 0) -> _dlib_pybind11.vectors

Invoked with: <_dlib_pybind11.face_recognition_model_v1 object at 0x111dd6070>, array([[[255, 255, 242],
        [255, 255, 236],
        [231, 227, 201],
        ...,
        [222, 202, 173],
        [221, 201, 171],
        [219, 200, 170]],

       [[255, 255, 242],
        [255, 255, 239],
        [229, 225, 199],
        ...,
        [221, 201, 172],
        [224, 203, 173],
        [220, 199, 170]],

       [[255, 255, 240],
        [255, 255, 239],
        [229, 225, 200],
        ...,
        [219, 198, 169],
        [221, 199, 170],
        [221, 199, 170]],

       ...,

       [[230, 152, 167],
        [230, 152, 166],
        [227, 149, 162],
        ...,
        [136,  69,  69],
        [138,  70,  71],
        [139,  71,  72]],

       [[230, 152, 167],
        [229, 150, 165],
        [225, 147, 160],
        ...,
        [135,  68,  69],
        [134,  67,  68],
        [136,  68,  69]],

       [[229, 151, 164],
        [229, 151, 163],
        [223, 145, 157],
        ...,
        [133,  67,  69],
        [134,  67,  69],
        [134,  67,  69]]], shape=(308, 308, 3), dtype=uint8), <_dlib_pybind11.full_object_detection object at 0x1119834f0>, 1. Falling back to full frame.
2026-05-30 09:31:30 - EncodingCache - WARNING - Failed to generate encoding on crop: compute_face_descriptor(): incompatible function arguments. The following argument types are supported:
    1. (self: _dlib_pybind11.face_recognition_model_v1, img: numpy.ndarray[(rows,cols,3),numpy.uint8], face: _dlib_pybind11.full_object_detection, num_jitters: int = 0, padding: float = 0.25) -> _dlib_pybind11.vector
    2. (self: _dlib_pybind11.face_recognition_model_v1, img: numpy.ndarray[(rows,cols,3),numpy.uint8], num_jitters: int = 0) -> _dlib_pybind11.vector
    3. (self: _dlib_pybind11.face_recognition_model_v1, img: numpy.ndarray[(rows,cols,3),numpy.uint8], faces: _dlib_pybind11.full_object_detections, num_jitters: int = 0, padding: float = 0.25) -> _dlib_pybind11.vectors
    4. (self: _dlib_pybind11.face_recognition_model_v1, batch_img: list[numpy.ndarray[(rows,cols,3),numpy.uint8]], batch_faces: list[_dlib_pybind11.full_object_detections], num_jitters: int = 0, padding: float = 0.25) -> _dlib_pybind11.vectorss
    5. (self: _dlib_pybind11.face_recognition_model_v1, batch_img: list[numpy.ndarray[(rows,cols,3),numpy.uint8]], num_jitters: int = 0) -> _dlib_pybind11.vectors

Invoked with: <_dlib_pybind11.face_recognition_model_v1 object at 0x111dd6070>, array([[[203, 171, 131],
        [203, 171, 131],
        [203, 171, 131],
        ...,
        [178, 134,  92],
        [176, 133,  88],
        [178, 134,  87]],

       [[203, 171, 131],
        [203, 171, 131],
        [203, 171, 131],
        ...,
        [177, 134,  93],
        [175, 133,  89],
        [175, 131,  84]],

       [[203, 171, 131],
        [202, 170, 129],
        [202, 170, 129],
        ...,
        [178, 137,  96],
        [173, 132,  89],
        [173, 130,  84]],

       ...,

       [[ 84,  35,  32],
        [ 84,  35,  32],
        [ 83,  34,  31],
        ...,
        [170, 122,  90],
        [167, 120,  87],
        [164, 116,  84]],

       [[ 85,  36,  33],
        [ 84,  35,  32],
        [ 84,  35,  32],
        ...,
        [168, 121,  89],
        [165, 119,  86],
        [163, 116,  85]],

       [[ 85,  36,  33],
        [ 85,  36,  33],
        [ 84,  35,  31],
        ...,
        [168, 121,  89],
        [165, 119,  86],
        [163, 116,  85]]], shape=(492, 492, 3), dtype=uint8), <_dlib_pybind11.full_object_detection object at 0x1119809f0>, 1. Falling back to full frame.
2026-05-30 09:31:30 - EncodingCache - WARNING - Failed to generate encoding on crop: compute_face_descriptor(): incompatible function arguments. The following argument types are supported:
    1. (self: _dlib_pybind11.face_recognition_model_v1, img: numpy.ndarray[(rows,cols,3),numpy.uint8], face: _dlib_pybind11.full_object_detection, num_jitters: int = 0, padding: float = 0.25) -> _dlib_pybind11.vector
    2. (self: _dlib_pybind11.face_recognition_model_v1, img: numpy.ndarray[(rows,cols,3),numpy.uint8], num_jitters: int = 0) -> _dlib_pybind11.vector
    3. (self: _dlib_pybind11.face_recognition_model_v1, img: numpy.ndarray[(rows,cols,3),numpy.uint8], faces: _dlib_pybind11.full_object_detections, num_jitters: int = 0, padding: float = 0.25) -> _dlib_pybind11.vectors
    4. (self: _dlib_pybind11.face_recognition_model_v1, batch_img: list[numpy.ndarray[(rows,cols,3),numpy.uint8]], batch_faces: list[_dlib_pybind11.full_object_detections], num_jitters: int = 0, padding: float = 0.25) -> _dlib_pybind11.vectorss
    5. (self: _dlib_pybind11.face_recognition_model_v1, batch_img: list[numpy.ndarray[(rows,cols,3),numpy.uint8]], num_jitters: int = 0) -> _dlib_pybind11.vectors

Invoked with: <_dlib_pybind11.face_recognition_model_v1 object at 0x111dd6070>, array([[[224, 205, 168],
        [217, 193, 149],
        [219, 190, 140],
        ...,
        [225, 203, 173],
        [225, 203, 173],
        [225, 203, 173]],

       [[222, 203, 165],
        [217, 193, 149],
        [217, 187, 138],
        ...,
        [223, 201, 172],
        [223, 201, 172],
        [225, 203, 173]],

       [[222, 203, 164],
        [216, 192, 148],
        [218, 189, 141],
        ...,
        [223, 201, 172],
        [223, 201, 172],
        [225, 203, 173]],

       ...,

       [[228, 152, 165],
        [231, 156, 168],
        [233, 157, 169],
        ...,
        [169, 119, 117],
        [140,  94,  91],
        [109,  66,  65]],

       [[228, 152, 165],
        [233, 157, 169],
        [236, 160, 173],
        ...,
        [183, 129, 127],
        [170, 121, 118],
        [150, 104, 102]],

       [[229, 153, 166],
        [233, 158, 171],
        [235, 161, 173],
        ...,
        [191, 133, 131],
        [186, 132, 131],
        [180, 130, 128]]], shape=(308, 308, 3), dtype=uint8), <_dlib_pybind11.full_object_detection object at 0x1119800f0>, 1. Falling back to full frame.
2026-05-30 09:31:30 - EncodingCache - WARNING - Failed to generate encoding on crop: compute_face_descriptor(): incompatible function arguments. The following argument types are supported:
    1. (self: _dlib_pybind11.face_recognition_model_v1, img: numpy.ndarray[(rows,cols,3),numpy.uint8], face: _dlib_pybind11.full_object_detection, num_jitters: int = 0, padding: float = 0.25) -> _dlib_pybind11.vector
    2. (self: _dlib_pybind11.face_recognition_model_v1, img: numpy.ndarray[(rows,cols,3),numpy.uint8], num_jitters: int = 0) -> _dlib_pybind11.vector
    3. (self: _dlib_pybind11.face_recognition_model_v1, img: numpy.ndarray[(rows,cols,3),numpy.uint8], faces: _dlib_pybind11.full_object_detections, num_jitters: int = 0, padding: float = 0.25) -> _dlib_pybind11.vectors
    4. (self: _dlib_pybind11.face_recognition_model_v1, batch_img: list[numpy.ndarray[(rows,cols,3),numpy.uint8]], batch_faces: list[_dlib_pybind11.full_object_detections], num_jitters: int = 0, padding: float = 0.25) -> _dlib_pybind11.vectorss
    5. (self: _dlib_pybind11.face_recognition_model_v1, batch_img: list[numpy.ndarray[(rows,cols,3),numpy.uint8]], num_jitters: int = 0) -> _dlib_pybind11.vectors

Invoked with: <_dlib_pybind11.face_recognition_model_v1 object at 0x111dd6070>, array([[[205, 172, 132],
        [205, 172, 132],
        [205, 172, 132],
        ...,
        [ 85,  77,  68],
        [ 86,  76,  67],
        [ 90,  75,  63]],

       [[205, 172, 132],
        [205, 172, 132],
        [205, 172, 132],
        ...,
        [ 85,  78,  71],
        [ 84,  75,  68],
        [ 86,  72,  61]],

       [[205, 172, 132],
        [205, 172, 132],
        [205, 172, 132],
        ...,
        [ 88,  81,  77],
        [ 85,  76,  71],
        [ 83,  71,  62]],

       ...,

       [[ 82,  36,  30],
        [ 83,  37,  31],
        [ 83,  38,  32],
        ...,
        [172, 123,  91],
        [170, 120,  88],
        [169, 119,  88]],

       [[ 82,  36,  30],
        [ 84,  38,  32],
        [ 82,  37,  31],
        ...,
        [170, 120,  88],
        [170, 119,  87],
        [168, 118,  87]],

       [[ 82,  36,  29],
        [ 84,  38,  32],
        [ 81,  36,  30],
        ...,
        [170, 120,  89],
        [168, 118,  87],
        [168, 118,  88]]], shape=(492, 492, 3), dtype=uint8), <_dlib_pybind11.full_object_detection object at 0x1119804b0>, 1. Falling back to full frame.
2026-05-30 09:31:30 - EncodingCache - WARNING - Failed to generate encoding on crop: compute_face_descriptor(): incompatible function arguments. The following argument types are supported:
    1. (self: _dlib_pybind11.face_recognition_model_v1, img: numpy.ndarray[(rows,cols,3),numpy.uint8], face: _dlib_pybind11.full_object_detection, num_jitters: int = 0, padding: float = 0.25) -> _dlib_pybind11.vector
    2. (self: _dlib_pybind11.face_recognition_model_v1, img: numpy.ndarray[(rows,cols,3),numpy.uint8], num_jitters: int = 0) -> _dlib_pybind11.vector
    3. (self: _dlib_pybind11.face_recognition_model_v1, img: numpy.ndarray[(rows,cols,3),numpy.uint8], faces: _dlib_pybind11.full_object_detections, num_jitters: int = 0, padding: float = 0.25) -> _dlib_pybind11.vectors
    4. (self: _dlib_pybind11.face_recognition_model_v1, batch_img: list[numpy.ndarray[(rows,cols,3),numpy.uint8]], batch_faces: list[_dlib_pybind11.full_object_detections], num_jitters: int = 0, padding: float = 0.25) -> _dlib_pybind11.vectorss
    5. (self: _dlib_pybind11.face_recognition_model_v1, batch_img: list[numpy.ndarray[(rows,cols,3),numpy.uint8]], num_jitters: int = 0) -> _dlib_pybind11.vectors

Invoked with: <_dlib_pybind11.face_recognition_model_v1 object at 0x111dd6070>, array([[[168, 160, 152],
        [167, 159, 151],
        [167, 159, 151],
        ...,
        [212, 208, 195],
        [210, 206, 196],
        [212, 210, 199]],

       [[168, 160, 152],
        [168, 160, 152],
        [169, 161, 154],
        ...,
        [213, 207, 194],
        [212, 207, 196],
        [213, 210, 198]],

       [[169, 161, 154],
        [173, 165, 157],
        [173, 165, 157],
        ...,
        [214, 207, 194],
        [213, 207, 195],
        [213, 210, 197]],

       ...,

       [[214, 215, 213],
        [215, 214, 213],
        [216, 214, 212],
        ...,
        [197, 197, 201],
        [192, 191, 194],
        [185, 184, 187]],

       [[214, 215, 214],
        [215, 214, 213],
        [216, 214, 212],
        ...,
        [187, 186, 190],
        [181, 179, 182],
        [174, 172, 175]],

       [[215, 214, 213],
        [216, 214, 213],
        [216, 214, 212],
        ...,
        [170, 169, 172],
        [166, 164, 166],
        [163, 160, 163]]], shape=(204, 204, 3), dtype=uint8), <_dlib_pybind11.full_object_detection object at 0x1119834f0>, 1. Falling back to full frame.
2026-05-30 09:31:31 - EncodingCache - WARNING - Failed to generate encoding on crop: compute_face_descriptor(): incompatible function arguments. The following argument types are supported:
    1. (self: _dlib_pybind11.face_recognition_model_v1, img: numpy.ndarray[(rows,cols,3),numpy.uint8], face: _dlib_pybind11.full_object_detection, num_jitters: int = 0, padding: float = 0.25) -> _dlib_pybind11.vector
    2. (self: _dlib_pybind11.face_recognition_model_v1, img: numpy.ndarray[(rows,cols,3),numpy.uint8], num_jitters: int = 0) -> _dlib_pybind11.vector
    3. (self: _dlib_pybind11.face_recognition_model_v1, img: numpy.ndarray[(rows,cols,3),numpy.uint8], faces: _dlib_pybind11.full_object_detections, num_jitters: int = 0, padding: float = 0.25) -> _dlib_pybind11.vectors
    4. (self: _dlib_pybind11.face_recognition_model_v1, batch_img: list[numpy.ndarray[(rows,cols,3),numpy.uint8]], batch_faces: list[_dlib_pybind11.full_object_detections], num_jitters: int = 0, padding: float = 0.25) -> _dlib_pybind11.vectorss
    5. (self: _dlib_pybind11.face_recognition_model_v1, batch_img: list[numpy.ndarray[(rows,cols,3),numpy.uint8]], num_jitters: int = 0) -> _dlib_pybind11.vectors

Invoked with: <_dlib_pybind11.face_recognition_model_v1 object at 0x111dd6070>, array([[[225, 203, 167],
        [215, 190, 148],
        [215, 188, 139],
        ...,
        [223, 201, 172],
        [225, 203, 173],
        [225, 203, 173]],

       [[221, 200, 165],
        [215, 190, 149],
        [217, 190, 143],
        ...,
        [223, 201, 172],
        [223, 201, 172],
        [225, 203, 173]],

       [[223, 202, 168],
        [218, 194, 154],
        [218, 191, 145],
        ...,
        [223, 201, 172],
        [223, 201, 172],
        [225, 203, 173]],

       ...,

       [[224, 149, 159],
        [228, 152, 164],
        [231, 156, 168],
        ...,
        [151, 102, 101],
        [129,  83,  82],
        [102,  58,  57]],

       [[226, 150, 160],
        [230, 155, 166],
        [234, 158, 171],
        ...,
        [165, 112, 111],
        [153, 103, 103],
        [124,  77,  76]],

       [[228, 152, 164],
        [231, 156, 168],
        [234, 159, 172],
        ...,
        [179, 122, 122],
        [172, 118, 118],
        [154, 103, 102]]], shape=(308, 308, 3), dtype=uint8), <_dlib_pybind11.full_object_detection object at 0x1119834f0>, 1. Falling back to full frame.
2026-05-30 09:31:31 - EncodingCache - WARNING - Failed to generate encoding on crop: compute_face_descriptor(): incompatible function arguments. The following argument types are supported:
    1. (self: _dlib_pybind11.face_recognition_model_v1, img: numpy.ndarray[(rows,cols,3),numpy.uint8], face: _dlib_pybind11.full_object_detection, num_jitters: int = 0, padding: float = 0.25) -> _dlib_pybind11.vector
    2. (self: _dlib_pybind11.face_recognition_model_v1, img: numpy.ndarray[(rows,cols,3),numpy.uint8], num_jitters: int = 0) -> _dlib_pybind11.vector
    3. (self: _dlib_pybind11.face_recognition_model_v1, img: numpy.ndarray[(rows,cols,3),numpy.uint8], faces: _dlib_pybind11.full_object_detections, num_jitters: int = 0, padding: float = 0.25) -> _dlib_pybind11.vectors
    4. (self: _dlib_pybind11.face_recognition_model_v1, batch_img: list[numpy.ndarray[(rows,cols,3),numpy.uint8]], batch_faces: list[_dlib_pybind11.full_object_detections], num_jitters: int = 0, padding: float = 0.25) -> _dlib_pybind11.vectorss
    5. (self: _dlib_pybind11.face_recognition_model_v1, batch_img: list[numpy.ndarray[(rows,cols,3),numpy.uint8]], num_jitters: int = 0) -> _dlib_pybind11.vectors

Invoked with: <_dlib_pybind11.face_recognition_model_v1 object at 0x111dd6070>, array([[[206, 173, 133],
        [206, 173, 133],
        [206, 173, 133],
        ...,
        [ 86,  77,  62],
        [ 89,  78,  60],
        [ 99,  84,  64]],

       [[206, 173, 133],
        [206, 173, 133],
        [206, 173, 133],
        ...,
        [ 84,  74,  61],
        [ 87,  76,  62],
        [ 90,  77,  60]],

       [[206, 173, 133],
        [206, 173, 133],
        [205, 172, 132],
        ...,
        [ 84,  75,  65],
        [ 82,  72,  60],
        [ 84,  73,  58]],

       ...,

       [[ 91,  39,  36],
        [ 93,  40,  38],
        [ 89,  35,  33],
        ...,
        [171, 123,  93],
        [170, 122,  92],
        [168, 121,  90]],

       [[ 91,  39,  35],
        [ 93,  40,  37],
        [ 91,  37,  36],
        ...,
        [168, 121,  91],
        [167, 120,  89],
        [166, 120,  89]],

       [[ 90,  38,  34],
        [ 92,  39,  36],
        [ 91,  36,  35],
        ...,
        [165, 119,  90],
        [163, 117,  89],
        [162, 116,  87]]], shape=(492, 492, 3), dtype=uint8), <_dlib_pybind11.full_object_detection object at 0x110c1b0b0>, 1. Falling back to full frame.
2026-05-30 09:31:31 - EncodingCache - WARNING - Failed to generate encoding on crop: compute_face_descriptor(): incompatible function arguments. The following argument types are supported:
    1. (self: _dlib_pybind11.face_recognition_model_v1, img: numpy.ndarray[(rows,cols,3),numpy.uint8], face: _dlib_pybind11.full_object_detection, num_jitters: int = 0, padding: float = 0.25) -> _dlib_pybind11.vector
    2. (self: _dlib_pybind11.face_recognition_model_v1, img: numpy.ndarray[(rows,cols,3),numpy.uint8], num_jitters: int = 0) -> _dlib_pybind11.vector
    3. (self: _dlib_pybind11.face_recognition_model_v1, img: numpy.ndarray[(rows,cols,3),numpy.uint8], faces: _dlib_pybind11.full_object_detections, num_jitters: int = 0, padding: float = 0.25) -> _dlib_pybind11.vectors
    4. (self: _dlib_pybind11.face_recognition_model_v1, batch_img: list[numpy.ndarray[(rows,cols,3),numpy.uint8]], batch_faces: list[_dlib_pybind11.full_object_detections], num_jitters: int = 0, padding: float = 0.25) -> _dlib_pybind11.vectorss
    5. (self: _dlib_pybind11.face_recognition_model_v1, batch_img: list[numpy.ndarray[(rows,cols,3),numpy.uint8]], num_jitters: int = 0) -> _dlib_pybind11.vectors

Invoked with: <_dlib_pybind11.face_recognition_model_v1 object at 0x111dd6070>, array([[[214, 215, 212],
        [214, 215, 213],
        [213, 213, 213],
        ...,
        [210, 209, 204],
        [210, 209, 204],
        [210, 209, 204]],

       [[214, 215, 212],
        [214, 215, 213],
        [213, 214, 212],
        ...,
        [210, 209, 204],
        [210, 209, 204],
        [210, 209, 204]],

       [[213, 214, 211],
        [213, 214, 211],
        [213, 214, 211],
        ...,
        [210, 209, 204],
        [210, 209, 204],
        [210, 209, 204]],

       ...,

       [[217, 217, 217],
        [217, 217, 217],
        [217, 217, 217],
        ...,
        [204, 207, 210],
        [202, 203, 206],
        [200, 201, 203]],

       [[217, 217, 217],
        [217, 217, 217],
        [217, 217, 217],
        ...,
        [199, 201, 203],
        [198, 198, 200],
        [197, 197, 199]],

       [[217, 217, 217],
        [217, 217, 217],
        [217, 217, 217],
        ...,
        [194, 195, 198],
        [193, 193, 196],
        [194, 193, 196]]], shape=(204, 204, 3), dtype=uint8), <_dlib_pybind11.full_object_detection object at 0x1119830b0>, 1. Falling back to full frame.
2026-05-30 09:31:31 - EncodingCache - WARNING - Failed to generate encoding on crop: compute_face_descriptor(): incompatible function arguments. The following argument types are supported:
    1. (self: _dlib_pybind11.face_recognition_model_v1, img: numpy.ndarray[(rows,cols,3),numpy.uint8], face: _dlib_pybind11.full_object_detection, num_jitters: int = 0, padding: float = 0.25) -> _dlib_pybind11.vector
    2. (self: _dlib_pybind11.face_recognition_model_v1, img: numpy.ndarray[(rows,cols,3),numpy.uint8], num_jitters: int = 0) -> _dlib_pybind11.vector
    3. (self: _dlib_pybind11.face_recognition_model_v1, img: numpy.ndarray[(rows,cols,3),numpy.uint8], faces: _dlib_pybind11.full_object_detections, num_jitters: int = 0, padding: float = 0.25) -> _dlib_pybind11.vectors
    4. (self: _dlib_pybind11.face_recognition_model_v1, batch_img: list[numpy.ndarray[(rows,cols,3),numpy.uint8]], batch_faces: list[_dlib_pybind11.full_object_detections], num_jitters: int = 0, padding: float = 0.25) -> _dlib_pybind11.vectorss
    5. (self: _dlib_pybind11.face_recognition_model_v1, batch_img: list[numpy.ndarray[(rows,cols,3),numpy.uint8]], num_jitters: int = 0) -> _dlib_pybind11.vectors

Invoked with: <_dlib_pybind11.face_recognition_model_v1 object at 0x111dd6070>, array([[[215, 194, 154],
        [216, 189, 144],
        [214, 181, 131],
        ...,
        [223, 201, 172],
        [225, 203, 173],
        [225, 203, 173]],

       [[214, 195, 153],
        [214, 188, 142],
        [213, 180, 130],
        ...,
        [223, 201, 172],
        [223, 201, 172],
        [225, 203, 173]],

       [[209, 191, 147],
        [215, 189, 143],
        [214, 181, 131],
        ...,
        [223, 201, 172],
        [223, 201, 172],
        [225, 203, 173]],

       ...,

       [[225, 148, 163],
        [228, 152, 166],
        [231, 157, 170],
        ...,
        [156, 107, 106],
        [150, 105, 104],
        [124,  83,  81]],

       [[226, 150, 165],
        [229, 155, 168],
        [232, 159, 171],
        ...,
        [167, 113, 112],
        [170, 120, 120],
        [154, 109, 107]],

       [[226, 151, 165],
        [232, 158, 171],
        [232, 159, 171],
        ...,
        [180, 121, 121],
        [176, 120, 120],
        [172, 122, 121]]], shape=(308, 308, 3), dtype=uint8), <_dlib_pybind11.full_object_detection object at 0x1119435b0>, 1. Falling back to full frame.
2026-05-30 09:31:31 - EncodingCache - WARNING - Failed to generate encoding on crop: compute_face_descriptor(): incompatible function arguments. The following argument types are supported:
    1. (self: _dlib_pybind11.face_recognition_model_v1, img: numpy.ndarray[(rows,cols,3),numpy.uint8], face: _dlib_pybind11.full_object_detection, num_jitters: int = 0, padding: float = 0.25) -> _dlib_pybind11.vector
    2. (self: _dlib_pybind11.face_recognition_model_v1, img: numpy.ndarray[(rows,cols,3),numpy.uint8], num_jitters: int = 0) -> _dlib_pybind11.vector
    3. (self: _dlib_pybind11.face_recognition_model_v1, img: numpy.ndarray[(rows,cols,3),numpy.uint8], faces: _dlib_pybind11.full_object_detections, num_jitters: int = 0, padding: float = 0.25) -> _dlib_pybind11.vectors
    4. (self: _dlib_pybind11.face_recognition_model_v1, batch_img: list[numpy.ndarray[(rows,cols,3),numpy.uint8]], batch_faces: list[_dlib_pybind11.full_object_detections], num_jitters: int = 0, padding: float = 0.25) -> _dlib_pybind11.vectorss
    5. (self: _dlib_pybind11.face_recognition_model_v1, batch_img: list[numpy.ndarray[(rows,cols,3),numpy.uint8]], num_jitters: int = 0) -> _dlib_pybind11.vectors

Invoked with: <_dlib_pybind11.face_recognition_model_v1 object at 0x111dd6070>, array([[[207, 175, 134],
        [207, 175, 134],
        [206, 173, 133],
        ...,
        [ 98,  87,  86],
        [ 98,  87,  85],
        [ 98,  86,  84]],

       [[207, 175, 134],
        [207, 175, 134],
        [207, 175, 134],
        ...,
        [ 97,  87,  86],
        [ 97,  86,  85],
        [ 98,  86,  84]],

       [[206, 173, 133],
        [207, 175, 134],
        [206, 173, 133],
        ...,
        [ 97,  87,  87],
        [ 97,  86,  86],
        [ 97,  84,  83]],

       ...,

       [[ 88,  35,  38],
        [ 86,  34,  36],
        [ 87,  35,  38],
        ...,
        [192, 144, 114],
        [191, 143, 113],
        [188, 140, 110]],

       [[ 87,  35,  38],
        [ 86,  34,  36],
        [ 86,  34,  36],
        ...,
        [187, 138, 108],
        [185, 135, 106],
        [183, 134, 104]],

       [[ 86,  34,  36],
        [ 86,  34,  36],
        [ 85,  33,  34],
        ...,
        [182, 132, 103],
        [181, 130, 102],
        [178, 128,  99]]], shape=(492, 492, 3), dtype=uint8), <_dlib_pybind11.full_object_detection object at 0x1119446b0>, 1. Falling back to full frame.
2026-05-30 09:31:31 - EncodingCache - WARNING - Failed to generate encoding on crop: compute_face_descriptor(): incompatible function arguments. The following argument types are supported:
    1. (self: _dlib_pybind11.face_recognition_model_v1, img: numpy.ndarray[(rows,cols,3),numpy.uint8], face: _dlib_pybind11.full_object_detection, num_jitters: int = 0, padding: float = 0.25) -> _dlib_pybind11.vector
    2. (self: _dlib_pybind11.face_recognition_model_v1, img: numpy.ndarray[(rows,cols,3),numpy.uint8], num_jitters: int = 0) -> _dlib_pybind11.vector
    3. (self: _dlib_pybind11.face_recognition_model_v1, img: numpy.ndarray[(rows,cols,3),numpy.uint8], faces: _dlib_pybind11.full_object_detections, num_jitters: int = 0, padding: float = 0.25) -> _dlib_pybind11.vectors
    4. (self: _dlib_pybind11.face_recognition_model_v1, batch_img: list[numpy.ndarray[(rows,cols,3),numpy.uint8]], batch_faces: list[_dlib_pybind11.full_object_detections], num_jitters: int = 0, padding: float = 0.25) -> _dlib_pybind11.vectorss
    5. (self: _dlib_pybind11.face_recognition_model_v1, batch_img: list[numpy.ndarray[(rows,cols,3),numpy.uint8]], num_jitters: int = 0) -> _dlib_pybind11.vectors

Invoked with: <_dlib_pybind11.face_recognition_model_v1 object at 0x111dd6070>, array([[[217, 217, 214],
        [217, 217, 214],
        [217, 217, 214],
        ...,
        [186, 185, 178],
        [187, 186, 179],
        [187, 186, 179]],

       [[217, 217, 214],
        [217, 217, 214],
        [217, 217, 214],
        ...,
        [189, 186, 181],
        [190, 188, 182],
        [187, 185, 180]],

       [[217, 217, 214],
        [217, 217, 214],
        [217, 217, 214],
        ...,
        [191, 187, 183],
        [192, 188, 184],
        [191, 189, 184]],

       ...,

       [[215, 216, 215],
        [215, 216, 215],
        [215, 216, 215],
        ...,
        [199, 202, 207],
        [197, 200, 203],
        [197, 198, 202]],

       [[215, 216, 215],
        [215, 216, 215],
        [215, 216, 215],
        ...,
        [198, 201, 206],
        [196, 200, 203],
        [196, 198, 202]],

       [[215, 216, 214],
        [215, 216, 215],
        [215, 216, 215],
        ...,
        [197, 200, 204],
        [197, 200, 203],
        [196, 198, 202]]], shape=(204, 204, 3), dtype=uint8), <_dlib_pybind11.full_object_detection object at 0x11213c0f0>, 1. Falling back to full frame.
2026-05-30 09:31:31 - EncodingCache - WARNING - Failed to generate encoding on crop: compute_face_descriptor(): incompatible function arguments. The following argument types are supported:
    1. (self: _dlib_pybind11.face_recognition_model_v1, img: numpy.ndarray[(rows,cols,3),numpy.uint8], face: _dlib_pybind11.full_object_detection, num_jitters: int = 0, padding: float = 0.25) -> _dlib_pybind11.vector
    2. (self: _dlib_pybind11.face_recognition_model_v1, img: numpy.ndarray[(rows,cols,3),numpy.uint8], num_jitters: int = 0) -> _dlib_pybind11.vector
    3. (self: _dlib_pybind11.face_recognition_model_v1, img: numpy.ndarray[(rows,cols,3),numpy.uint8], faces: _dlib_pybind11.full_object_detections, num_jitters: int = 0, padding: float = 0.25) -> _dlib_pybind11.vectors
    4. (self: _dlib_pybind11.face_recognition_model_v1, batch_img: list[numpy.ndarray[(rows,cols,3),numpy.uint8]], batch_faces: list[_dlib_pybind11.full_object_detections], num_jitters: int = 0, padding: float = 0.25) -> _dlib_pybind11.vectorss
    5. (self: _dlib_pybind11.face_recognition_model_v1, batch_img: list[numpy.ndarray[(rows,cols,3),numpy.uint8]], num_jitters: int = 0) -> _dlib_pybind11.vectors

Invoked with: <_dlib_pybind11.face_recognition_model_v1 object at 0x111dd6070>, array([[[253, 253, 250],
        [253, 253, 251],
        [253, 253, 252],
        ...,
        [222, 200, 171],
        [222, 200, 171],
        [222, 200, 171]],

       [[253, 253, 251],
        [253, 253, 251],
        [253, 253, 251],
        ...,
        [222, 200, 171],
        [222, 200, 171],
        [222, 200, 171]],

       [[253, 253, 252],
        [253, 253, 251],
        [253, 253, 250],
        ...,
        [222, 200, 171],
        [223, 201, 172],
        [223, 201, 172]],

       ...,

       [[234, 158, 174],
        [233, 155, 169],
        [233, 152, 165],
        ...,
        [144,  84,  90],
        [145,  84,  91],
        [145,  84,  90]],

       [[233, 157, 172],
        [232, 154, 167],
        [230, 150, 162],
        ...,
        [146,  85,  92],
        [146,  85,  92],
        [148,  86,  93]],

       [[232, 155, 169],
        [230, 152, 164],
        [229, 149, 160],
        ...,
        [147,  86,  92],
        [149,  87,  93],
        [149,  87,  93]]], shape=(360, 356, 3), dtype=uint8), <_dlib_pybind11.full_object_detection object at 0x11213c0f0>, 1. Falling back to full frame.
2026-05-30 09:31:31 - EncodingCache - WARNING - Failed to generate encoding on crop: compute_face_descriptor(): incompatible function arguments. The following argument types are supported:
    1. (self: _dlib_pybind11.face_recognition_model_v1, img: numpy.ndarray[(rows,cols,3),numpy.uint8], face: _dlib_pybind11.full_object_detection, num_jitters: int = 0, padding: float = 0.25) -> _dlib_pybind11.vector
    2. (self: _dlib_pybind11.face_recognition_model_v1, img: numpy.ndarray[(rows,cols,3),numpy.uint8], num_jitters: int = 0) -> _dlib_pybind11.vector
    3. (self: _dlib_pybind11.face_recognition_model_v1, img: numpy.ndarray[(rows,cols,3),numpy.uint8], faces: _dlib_pybind11.full_object_detections, num_jitters: int = 0, padding: float = 0.25) -> _dlib_pybind11.vectors
    4. (self: _dlib_pybind11.face_recognition_model_v1, batch_img: list[numpy.ndarray[(rows,cols,3),numpy.uint8]], batch_faces: list[_dlib_pybind11.full_object_detections], num_jitters: int = 0, padding: float = 0.25) -> _dlib_pybind11.vectorss
    5. (self: _dlib_pybind11.face_recognition_model_v1, batch_img: list[numpy.ndarray[(rows,cols,3),numpy.uint8]], num_jitters: int = 0) -> _dlib_pybind11.vectors

Invoked with: <_dlib_pybind11.face_recognition_model_v1 object at 0x111dd6070>, array([[[209, 173, 127],
        [208, 172, 125],
        [208, 172, 125],
        ...,
        [235, 185, 110],
        [233, 184, 109],
        [233, 184, 109]],

       [[209, 172, 124],
        [209, 172, 124],
        [208, 171, 123],
        ...,
        [234, 185, 111],
        [232, 184, 110],
        [234, 185, 111]],

       [[209, 170, 122],
        [209, 170, 122],
        [209, 170, 122],
        ...,
        [233, 185, 112],
        [233, 185, 112],
        [234, 185, 112]],

       ...,

       [[200, 162, 149],
        [219, 179, 165],
        [225, 182, 167],
        ...,
        [140, 104,  69],
        [139, 103,  68],
        [138, 101,  66]],

       [[160, 126, 113],
        [202, 165, 151],
        [219, 179, 165],
        ...,
        [138, 103,  70],
        [137, 102,  68],
        [136, 100,  67]],

       [[132,  98,  87],
        [185, 150, 138],
        [204, 168, 156],
        ...,
        [137, 103,  71],
        [136, 102,  70],
        [135, 100,  69]]], shape=(492, 492, 3), dtype=uint8), <_dlib_pybind11.full_object_detection object at 0x110c1b0b0>, 1. Falling back to full frame.
2026-05-30 09:31:31 - EncodingCache - WARNING - Failed to generate encoding on crop: compute_face_descriptor(): incompatible function arguments. The following argument types are supported:
    1. (self: _dlib_pybind11.face_recognition_model_v1, img: numpy.ndarray[(rows,cols,3),numpy.uint8], face: _dlib_pybind11.full_object_detection, num_jitters: int = 0, padding: float = 0.25) -> _dlib_pybind11.vector
    2. (self: _dlib_pybind11.face_recognition_model_v1, img: numpy.ndarray[(rows,cols,3),numpy.uint8], num_jitters: int = 0) -> _dlib_pybind11.vector
    3. (self: _dlib_pybind11.face_recognition_model_v1, img: numpy.ndarray[(rows,cols,3),numpy.uint8], faces: _dlib_pybind11.full_object_detections, num_jitters: int = 0, padding: float = 0.25) -> _dlib_pybind11.vectors
    4. (self: _dlib_pybind11.face_recognition_model_v1, batch_img: list[numpy.ndarray[(rows,cols,3),numpy.uint8]], batch_faces: list[_dlib_pybind11.full_object_detections], num_jitters: int = 0, padding: float = 0.25) -> _dlib_pybind11.vectorss
    5. (self: _dlib_pybind11.face_recognition_model_v1, batch_img: list[numpy.ndarray[(rows,cols,3),numpy.uint8]], num_jitters: int = 0) -> _dlib_pybind11.vectors

Invoked with: <_dlib_pybind11.face_recognition_model_v1 object at 0x111dd6070>, array([[[222, 223, 220],
        [222, 223, 220],
        [222, 223, 220],
        ...,
        [213, 214, 211],
        [214, 215, 212],
        [214, 215, 212]],

       [[222, 223, 220],
        [222, 223, 220],
        [222, 223, 220],
        ...,
        [212, 214, 211],
        [213, 215, 212],
        [213, 215, 212]],

       [[222, 223, 220],
        [222, 223, 220],
        [222, 223, 220],
        ...,
        [210, 213, 210],
        [212, 215, 212],
        [212, 215, 212]],

       ...,

       [[220, 218, 218],
        [219, 218, 218],
        [219, 218, 218],
        ...,
        [211, 218, 225],
        [210, 216, 224],
        [212, 218, 225]],

       [[220, 218, 218],
        [219, 218, 218],
        [218, 218, 218],
        ...,
        [211, 218, 225],
        [211, 218, 225],
        [211, 218, 225]],

       [[219, 218, 218],
        [218, 218, 218],
        [218, 218, 218],
        ...,
        [211, 218, 225],
        [211, 218, 225],
        [211, 218, 225]]], shape=(204, 204, 3), dtype=uint8), <_dlib_pybind11.full_object_detection object at 0x110c1b0b0>, 1. Falling back to full frame.
2026-05-30 09:31:31 - EncodingCache - WARNING - Failed to generate encoding on crop: compute_face_descriptor(): incompatible function arguments. The following argument types are supported:
    1. (self: _dlib_pybind11.face_recognition_model_v1, img: numpy.ndarray[(rows,cols,3),numpy.uint8], face: _dlib_pybind11.full_object_detection, num_jitters: int = 0, padding: float = 0.25) -> _dlib_pybind11.vector
    2. (self: _dlib_pybind11.face_recognition_model_v1, img: numpy.ndarray[(rows,cols,3),numpy.uint8], num_jitters: int = 0) -> _dlib_pybind11.vector
    3. (self: _dlib_pybind11.face_recognition_model_v1, img: numpy.ndarray[(rows,cols,3),numpy.uint8], faces: _dlib_pybind11.full_object_detections, num_jitters: int = 0, padding: float = 0.25) -> _dlib_pybind11.vectors
    4. (self: _dlib_pybind11.face_recognition_model_v1, batch_img: list[numpy.ndarray[(rows,cols,3),numpy.uint8]], batch_faces: list[_dlib_pybind11.full_object_detections], num_jitters: int = 0, padding: float = 0.25) -> _dlib_pybind11.vectorss
    5. (self: _dlib_pybind11.face_recognition_model_v1, batch_img: list[numpy.ndarray[(rows,cols,3),numpy.uint8]], num_jitters: int = 0) -> _dlib_pybind11.vectors

Invoked with: <_dlib_pybind11.face_recognition_model_v1 object at 0x111dd6070>, array([[[228, 220, 185],
        [230, 214, 172],
        [228, 203, 154],
        ...,
        [223, 201, 172],
        [222, 200, 171],
        [222, 200, 171]],

       [[231, 224, 188],
        [228, 212, 169],
        [228, 204, 153],
        ...,
        [223, 201, 172],
        [222, 200, 171],
        [222, 200, 171]],

       [[235, 227, 190],
        [230, 214, 170],
        [227, 203, 151],
        ...,
        [222, 200, 171],
        [222, 200, 171],
        [222, 200, 171]],

       ...,

       [[177,  97, 108],
        [177,  97, 108],
        [176,  96, 107],
        ...,
        [170, 101, 101],
        [172, 104, 103],
        [176, 106, 106]],

       [[177,  97, 108],
        [176,  96, 107],
        [176,  96, 107],
        ...,
        [182, 114, 114],
        [184, 117, 116],
        [188, 119, 118]],

       [[177,  97, 108],
        [176,  96, 107],
        [175,  95, 106],
        ...,
        [188, 120, 120],
        [191, 122, 122],
        [194, 124, 125]]], shape=(308, 308, 3), dtype=uint8), <_dlib_pybind11.full_object_detection object at 0x1119830b0>, 1. Falling back to full frame.
2026-05-30 09:31:31 - EncodingCache - WARNING - Failed to generate encoding on crop: compute_face_descriptor(): incompatible function arguments. The following argument types are supported:
    1. (self: _dlib_pybind11.face_recognition_model_v1, img: numpy.ndarray[(rows,cols,3),numpy.uint8], face: _dlib_pybind11.full_object_detection, num_jitters: int = 0, padding: float = 0.25) -> _dlib_pybind11.vector
    2. (self: _dlib_pybind11.face_recognition_model_v1, img: numpy.ndarray[(rows,cols,3),numpy.uint8], num_jitters: int = 0) -> _dlib_pybind11.vector
    3. (self: _dlib_pybind11.face_recognition_model_v1, img: numpy.ndarray[(rows,cols,3),numpy.uint8], faces: _dlib_pybind11.full_object_detections, num_jitters: int = 0, padding: float = 0.25) -> _dlib_pybind11.vectors
    4. (self: _dlib_pybind11.face_recognition_model_v1, batch_img: list[numpy.ndarray[(rows,cols,3),numpy.uint8]], batch_faces: list[_dlib_pybind11.full_object_detections], num_jitters: int = 0, padding: float = 0.25) -> _dlib_pybind11.vectorss
    5. (self: _dlib_pybind11.face_recognition_model_v1, batch_img: list[numpy.ndarray[(rows,cols,3),numpy.uint8]], num_jitters: int = 0) -> _dlib_pybind11.vectors

Invoked with: <_dlib_pybind11.face_recognition_model_v1 object at 0x111dd6070>, array([[[212, 168, 109],
        [212, 168, 109],
        [211, 166, 108],
        ...,
        [ 86,  74,  71],
        [ 86,  73,  69],
        [ 86,  73,  69]],

       [[213, 169, 111],
        [213, 169, 111],
        [211, 166, 108],
        ...,
        [ 85,  73,  70],
        [ 86,  73,  69],
        [ 86,  73,  69]],

       [[214, 170, 112],
        [214, 170, 112],
        [213, 169, 111],
        ...,
        [ 85,  73,  70],
        [ 86,  73,  69],
        [ 87,  74,  70]],

       ...,

       [[ 36,  44,  37],
        [ 38,  46,  40],
        [ 41,  48,  42],
        ...,
        [223, 175, 136],
        [223, 174, 137],
        [223, 174, 137]],

       [[ 37,  45,  38],
        [ 40,  47,  41],
        [ 41,  48,  42],
        ...,
        [223, 175, 135],
        [223, 175, 135],
        [224, 176, 138]],

       [[ 38,  46,  40],
        [ 39,  47,  41],
        [ 40,  49,  42],
        ...,
        [223, 175, 135],
        [224, 176, 137],
        [224, 176, 138]]], shape=(492, 492, 3), dtype=uint8), <_dlib_pybind11.full_object_detection object at 0x110c1b0b0>, 1. Falling back to full frame.
2026-05-30 09:31:31 - EncodingCache - WARNING - Failed to generate encoding on crop: compute_face_descriptor(): incompatible function arguments. The following argument types are supported:
    1. (self: _dlib_pybind11.face_recognition_model_v1, img: numpy.ndarray[(rows,cols,3),numpy.uint8], face: _dlib_pybind11.full_object_detection, num_jitters: int = 0, padding: float = 0.25) -> _dlib_pybind11.vector
    2. (self: _dlib_pybind11.face_recognition_model_v1, img: numpy.ndarray[(rows,cols,3),numpy.uint8], num_jitters: int = 0) -> _dlib_pybind11.vector
    3. (self: _dlib_pybind11.face_recognition_model_v1, img: numpy.ndarray[(rows,cols,3),numpy.uint8], faces: _dlib_pybind11.full_object_detections, num_jitters: int = 0, padding: float = 0.25) -> _dlib_pybind11.vectors
    4. (self: _dlib_pybind11.face_recognition_model_v1, batch_img: list[numpy.ndarray[(rows,cols,3),numpy.uint8]], batch_faces: list[_dlib_pybind11.full_object_detections], num_jitters: int = 0, padding: float = 0.25) -> _dlib_pybind11.vectorss
    5. (self: _dlib_pybind11.face_recognition_model_v1, batch_img: list[numpy.ndarray[(rows,cols,3),numpy.uint8]], num_jitters: int = 0) -> _dlib_pybind11.vectors

Invoked with: <_dlib_pybind11.face_recognition_model_v1 object at 0x111dd6070>, array([[[222, 223, 220],
        [222, 223, 220],
        [222, 223, 220],
        ...,
        [215, 218, 212],
        [214, 217, 211],
        [215, 216, 211]],

       [[223, 223, 220],
        [223, 223, 220],
        [223, 223, 220],
        ...,
        [215, 218, 212],
        [214, 217, 211],
        [215, 216, 211]],

       [[224, 222, 220],
        [224, 222, 220],
        [224, 222, 220],
        ...,
        [214, 217, 211],
        [214, 217, 211],
        [215, 216, 211]],

       ...,

       [[ 69,  78,  80],
        [ 70,  79,  82],
        [ 70,  79,  82],
        ...,
        [210, 214, 220],
        [210, 213, 220],
        [210, 214, 221]],

       [[ 63,  72,  75],
        [ 64,  74,  76],
        [ 66,  75,  77],
        ...,
        [210, 214, 219],
        [211, 213, 219],
        [209, 212, 219]],

       [[ 54,  65,  67],
        [ 54,  65,  67],
        [ 55,  66,  68],
        ...,
        [209, 212, 219],
        [211, 213, 220],
        [209, 211, 219]]], shape=(204, 204, 3), dtype=uint8), <_dlib_pybind11.full_object_detection object at 0x1119830b0>, 1. Falling back to full frame.
2026-05-30 09:31:31 - EncodingCache - WARNING - Failed to generate encoding on crop: compute_face_descriptor(): incompatible function arguments. The following argument types are supported:
    1. (self: _dlib_pybind11.face_recognition_model_v1, img: numpy.ndarray[(rows,cols,3),numpy.uint8], face: _dlib_pybind11.full_object_detection, num_jitters: int = 0, padding: float = 0.25) -> _dlib_pybind11.vector
    2. (self: _dlib_pybind11.face_recognition_model_v1, img: numpy.ndarray[(rows,cols,3),numpy.uint8], num_jitters: int = 0) -> _dlib_pybind11.vector
    3. (self: _dlib_pybind11.face_recognition_model_v1, img: numpy.ndarray[(rows,cols,3),numpy.uint8], faces: _dlib_pybind11.full_object_detections, num_jitters: int = 0, padding: float = 0.25) -> _dlib_pybind11.vectors
    4. (self: _dlib_pybind11.face_recognition_model_v1, batch_img: list[numpy.ndarray[(rows,cols,3),numpy.uint8]], batch_faces: list[_dlib_pybind11.full_object_detections], num_jitters: int = 0, padding: float = 0.25) -> _dlib_pybind11.vectorss
    5. (self: _dlib_pybind11.face_recognition_model_v1, batch_img: list[numpy.ndarray[(rows,cols,3),numpy.uint8]], num_jitters: int = 0) -> _dlib_pybind11.vectors

Invoked with: <_dlib_pybind11.face_recognition_model_v1 object at 0x111dd6070>, array([[[231, 217, 174],
        [231, 208, 161],
        [222, 191, 139],
        ...,
        [224, 203, 173],
        [225, 203, 173],
        [225, 203, 173]],

       [[231, 217, 176],
        [231, 208, 161],
        [222, 189, 136],
        ...,
        [224, 203, 173],
        [225, 203, 173],
        [225, 203, 173]],

       [[231, 217, 177],
        [235, 212, 165],
        [225, 192, 138],
        ...,
        [225, 203, 173],
        [225, 203, 173],
        [225, 203, 173]],

       ...,

       [[173,  98, 107],
        [177, 102, 110],
        [178, 103, 111],
        ...,
        [192, 112, 119],
        [197, 117, 124],
        [199, 121, 127]],

       [[175,  99, 107],
        [178, 103, 111],
        [182, 106, 114],
        ...,
        [192, 112, 119],
        [197, 117, 124],
        [199, 121, 127]],

       [[176, 100, 108],
        [180, 105, 113],
        [185, 110, 118],
        ...,
        [196, 119, 124],
        [200, 122, 127],
        [201, 125, 130]]], shape=(308, 308, 3), dtype=uint8), <_dlib_pybind11.full_object_detection object at 0x1119809f0>, 1. Falling back to full frame.
2026-05-30 09:31:31 - EncodingCache - WARNING - Failed to generate encoding on crop: compute_face_descriptor(): incompatible function arguments. The following argument types are supported:
    1. (self: _dlib_pybind11.face_recognition_model_v1, img: numpy.ndarray[(rows,cols,3),numpy.uint8], face: _dlib_pybind11.full_object_detection, num_jitters: int = 0, padding: float = 0.25) -> _dlib_pybind11.vector
    2. (self: _dlib_pybind11.face_recognition_model_v1, img: numpy.ndarray[(rows,cols,3),numpy.uint8], num_jitters: int = 0) -> _dlib_pybind11.vector
    3. (self: _dlib_pybind11.face_recognition_model_v1, img: numpy.ndarray[(rows,cols,3),numpy.uint8], faces: _dlib_pybind11.full_object_detections, num_jitters: int = 0, padding: float = 0.25) -> _dlib_pybind11.vectors
    4. (self: _dlib_pybind11.face_recognition_model_v1, batch_img: list[numpy.ndarray[(rows,cols,3),numpy.uint8]], batch_faces: list[_dlib_pybind11.full_object_detections], num_jitters: int = 0, padding: float = 0.25) -> _dlib_pybind11.vectorss
    5. (self: _dlib_pybind11.face_recognition_model_v1, batch_img: list[numpy.ndarray[(rows,cols,3),numpy.uint8]], num_jitters: int = 0) -> _dlib_pybind11.vectors

Invoked with: <_dlib_pybind11.face_recognition_model_v1 object at 0x111dd6070>, array([[[212, 168, 109],
        [212, 168, 109],
        [213, 169, 111],
        ...,
        [ 73,  72,  68],
        [ 73,  72,  67],
        [ 74,  72,  67]],

       [[213, 169, 111],
        [213, 169, 111],
        [213, 169, 111],
        ...,
        [ 73,  72,  68],
        [ 72,  71,  66],
        [ 74,  72,  67]],

       [[213, 169, 111],
        [214, 170, 112],
        [214, 170, 112],
        ...,
        [ 72,  71,  67],
        [ 73,  72,  67],
        [ 73,  72,  67]],

       ...,

       [[ 23,  23,  22],
        [ 22,  24,  21],
        [ 23,  26,  23],
        ...,
        [212, 169, 129],
        [213, 170, 130],
        [213, 168, 130]],

       [[ 22,  22,  20],
        [ 22,  24,  21],
        [ 22,  25,  22],
        ...,
        [213, 170, 131],
        [212, 169, 128],
        [213, 168, 130]],

       [[ 23,  25,  22],
        [ 24,  26,  23],
        [ 26,  29,  24],
        ...,
        [213, 170, 131],
        [212, 169, 130],
        [214, 169, 131]]], shape=(492, 492, 3), dtype=uint8), <_dlib_pybind11.full_object_detection object at 0x111943eb0>, 1. Falling back to full frame.
2026-05-30 09:31:32 - EncodingCache - WARNING - Failed to generate encoding on crop: compute_face_descriptor(): incompatible function arguments. The following argument types are supported:
    1. (self: _dlib_pybind11.face_recognition_model_v1, img: numpy.ndarray[(rows,cols,3),numpy.uint8], face: _dlib_pybind11.full_object_detection, num_jitters: int = 0, padding: float = 0.25) -> _dlib_pybind11.vector
    2. (self: _dlib_pybind11.face_recognition_model_v1, img: numpy.ndarray[(rows,cols,3),numpy.uint8], num_jitters: int = 0) -> _dlib_pybind11.vector
    3. (self: _dlib_pybind11.face_recognition_model_v1, img: numpy.ndarray[(rows,cols,3),numpy.uint8], faces: _dlib_pybind11.full_object_detections, num_jitters: int = 0, padding: float = 0.25) -> _dlib_pybind11.vectors
    4. (self: _dlib_pybind11.face_recognition_model_v1, batch_img: list[numpy.ndarray[(rows,cols,3),numpy.uint8]], batch_faces: list[_dlib_pybind11.full_object_detections], num_jitters: int = 0, padding: float = 0.25) -> _dlib_pybind11.vectorss
    5. (self: _dlib_pybind11.face_recognition_model_v1, batch_img: list[numpy.ndarray[(rows,cols,3),numpy.uint8]], num_jitters: int = 0) -> _dlib_pybind11.vectors

Invoked with: <_dlib_pybind11.face_recognition_model_v1 object at 0x111dd6070>, array([[[224, 224, 221],
        [224, 224, 221],
        [224, 224, 221],
        ...,
        [215, 218, 212],
        [215, 218, 212],
        [215, 216, 211]],

       [[224, 224, 221],
        [224, 224, 221],
        [224, 224, 221],
        ...,
        [215, 218, 212],
        [214, 217, 211],
        [215, 216, 211]],

       [[225, 224, 221],
        [225, 224, 221],
        [225, 224, 221],
        ...,
        [215, 218, 212],
        [215, 218, 212],
        [215, 216, 211]],

       ...,

       [[ 79,  81,  84],
        [ 77,  79,  82],
        [ 80,  83,  85],
        ...,
        [206, 213, 221],
        [204, 212, 220],
        [202, 211, 219]],

       [[ 78,  80,  84],
        [ 78,  80,  84],
        [ 78,  80,  84],
        ...,
        [206, 213, 220],
        [205, 214, 220],
        [204, 212, 219]],

       [[ 74,  77,  79],
        [ 74,  77,  80],
        [ 75,  78,  82],
        ...,
        [207, 214, 221],
        [207, 214, 221],
        [206, 213, 220]]], shape=(204, 204, 3), dtype=uint8), <_dlib_pybind11.full_object_detection object at 0x11195baf0>, 1. Falling back to full frame.
2026-05-30 09:31:32 - EncodingCache - WARNING - Failed to generate encoding on crop: compute_face_descriptor(): incompatible function arguments. The following argument types are supported:
    1. (self: _dlib_pybind11.face_recognition_model_v1, img: numpy.ndarray[(rows,cols,3),numpy.uint8], face: _dlib_pybind11.full_object_detection, num_jitters: int = 0, padding: float = 0.25) -> _dlib_pybind11.vector
    2. (self: _dlib_pybind11.face_recognition_model_v1, img: numpy.ndarray[(rows,cols,3),numpy.uint8], num_jitters: int = 0) -> _dlib_pybind11.vector
    3. (self: _dlib_pybind11.face_recognition_model_v1, img: numpy.ndarray[(rows,cols,3),numpy.uint8], faces: _dlib_pybind11.full_object_detections, num_jitters: int = 0, padding: float = 0.25) -> _dlib_pybind11.vectors
    4. (self: _dlib_pybind11.face_recognition_model_v1, batch_img: list[numpy.ndarray[(rows,cols,3),numpy.uint8]], batch_faces: list[_dlib_pybind11.full_object_detections], num_jitters: int = 0, padding: float = 0.25) -> _dlib_pybind11.vectorss
    5. (self: _dlib_pybind11.face_recognition_model_v1, batch_img: list[numpy.ndarray[(rows,cols,3),numpy.uint8]], num_jitters: int = 0) -> _dlib_pybind11.vectors

Invoked with: <_dlib_pybind11.face_recognition_model_v1 object at 0x111dd6070>, array([[[253, 253, 250],
        [253, 253, 251],
        [253, 253, 252],
        ...,
        [225, 203, 173],
        [225, 203, 173],
        [225, 203, 173]],

       [[253, 253, 251],
        [253, 253, 251],
        [253, 253, 251],
        ...,
        [225, 203, 173],
        [225, 203, 173],
        [225, 203, 173]],

       [[253, 253, 252],
        [253, 253, 251],
        [253, 253, 250],
        ...,
        [225, 203, 173],
        [225, 203, 173],
        [225, 203, 173]],

       ...,

       [[184, 107, 117],
        [185, 108, 119],
        [187, 109, 120],
        ...,
        [176, 101, 104],
        [177, 102, 105],
        [176, 102, 105]],

       [[183, 107, 117],
        [185, 108, 119],
        [187, 109, 120],
        ...,
        [178, 103, 106],
        [179, 104, 108],
        [178, 105, 108]],

       [[184, 108, 119],
        [186, 109, 120],
        [188, 110, 121],
        ...,
        [183, 108, 111],
        [183, 108, 111],
        [183, 109, 112]]], shape=(360, 356, 3), dtype=uint8), <_dlib_pybind11.full_object_detection object at 0x1119809f0>, 1. Falling back to full frame.
2026-05-30 09:31:32 - EncodingCache - WARNING - Failed to generate encoding on crop: compute_face_descriptor(): incompatible function arguments. The following argument types are supported:
    1. (self: _dlib_pybind11.face_recognition_model_v1, img: numpy.ndarray[(rows,cols,3),numpy.uint8], face: _dlib_pybind11.full_object_detection, num_jitters: int = 0, padding: float = 0.25) -> _dlib_pybind11.vector
    2. (self: _dlib_pybind11.face_recognition_model_v1, img: numpy.ndarray[(rows,cols,3),numpy.uint8], num_jitters: int = 0) -> _dlib_pybind11.vector
    3. (self: _dlib_pybind11.face_recognition_model_v1, img: numpy.ndarray[(rows,cols,3),numpy.uint8], faces: _dlib_pybind11.full_object_detections, num_jitters: int = 0, padding: float = 0.25) -> _dlib_pybind11.vectors
    4. (self: _dlib_pybind11.face_recognition_model_v1, batch_img: list[numpy.ndarray[(rows,cols,3),numpy.uint8]], batch_faces: list[_dlib_pybind11.full_object_detections], num_jitters: int = 0, padding: float = 0.25) -> _dlib_pybind11.vectorss
    5. (self: _dlib_pybind11.face_recognition_model_v1, batch_img: list[numpy.ndarray[(rows,cols,3),numpy.uint8]], num_jitters: int = 0) -> _dlib_pybind11.vectors

Invoked with: <_dlib_pybind11.face_recognition_model_v1 object at 0x111dd6070>, array([[[210, 168, 111],
        [210, 168, 111],
        [210, 168, 111],
        ...,
        [ 78,  67,  65],
        [ 81,  70,  67],
        [ 81,  70,  67]],

       [[210, 168, 111],
        [210, 168, 111],
        [210, 168, 111],
        ...,
        [ 81,  70,  67],
        [ 81,  70,  67],
        [ 81,  70,  67]],

       [[210, 168, 111],
        [210, 168, 111],
        [210, 168, 111],
        ...,
        [ 79,  69,  66],
        [ 81,  70,  67],
        [ 81,  70,  67]],

       ...,

       [[ 22,  27,  22],
        [ 25,  30,  26],
        [ 30,  35,  30],
        ...,
        [207, 165, 129],
        [207, 165, 129],
        [207, 165, 129]],

       [[ 23,  28,  24],
        [ 26,  31,  28],
        [ 30,  35,  31],
        ...,
        [208, 166, 130],
        [207, 165, 129],
        [207, 165, 129]],

       [[ 23,  28,  24],
        [ 26,  31,  28],
        [ 29,  34,  30],
        ...,
        [207, 165, 129],
        [207, 165, 129],
        [207, 165, 129]]], shape=(576, 534, 3), dtype=uint8), <_dlib_pybind11.full_object_detection object at 0x111980bf0>, 1. Falling back to full frame.
2026-05-30 09:31:32 - EncodingCache - WARNING - Failed to generate encoding on crop: compute_face_descriptor(): incompatible function arguments. The following argument types are supported:
    1. (self: _dlib_pybind11.face_recognition_model_v1, img: numpy.ndarray[(rows,cols,3),numpy.uint8], face: _dlib_pybind11.full_object_detection, num_jitters: int = 0, padding: float = 0.25) -> _dlib_pybind11.vector
    2. (self: _dlib_pybind11.face_recognition_model_v1, img: numpy.ndarray[(rows,cols,3),numpy.uint8], num_jitters: int = 0) -> _dlib_pybind11.vector
    3. (self: _dlib_pybind11.face_recognition_model_v1, img: numpy.ndarray[(rows,cols,3),numpy.uint8], faces: _dlib_pybind11.full_object_detections, num_jitters: int = 0, padding: float = 0.25) -> _dlib_pybind11.vectors
    4. (self: _dlib_pybind11.face_recognition_model_v1, batch_img: list[numpy.ndarray[(rows,cols,3),numpy.uint8]], batch_faces: list[_dlib_pybind11.full_object_detections], num_jitters: int = 0, padding: float = 0.25) -> _dlib_pybind11.vectorss
    5. (self: _dlib_pybind11.face_recognition_model_v1, batch_img: list[numpy.ndarray[(rows,cols,3),numpy.uint8]], num_jitters: int = 0) -> _dlib_pybind11.vectors

Invoked with: <_dlib_pybind11.face_recognition_model_v1 object at 0x111dd6070>, array([[[210, 168, 114],
        [210, 168, 114],
        [210, 168, 114],
        ...,
        [ 74,  71,  69],
        [ 75,  73,  71],
        [ 76,  74,  72]],

       [[210, 168, 113],
        [210, 168, 113],
        [210, 168, 113],
        ...,
        [ 73,  70,  68],
        [ 75,  73,  71],
        [ 75,  73,  71]],

       [[210, 168, 111],
        [210, 168, 111],
        [210, 168, 111],
        ...,
        [ 73,  70,  68],
        [ 73,  72,  69],
        [ 75,  73,  71]],

       ...,

       [[ 20,  23,  15],
        [ 23,  27,  19],
        [ 26,  30,  22],
        ...,
        [216, 170, 135],
        [216, 170, 135],
        [216, 170, 135]],

       [[ 18,  21,  13],
        [ 21,  24,  17],
        [ 25,  28,  20],
        ...,
        [216, 170, 135],
        [216, 170, 135],
        [216, 170, 135]],

       [[ 18,  21,  13],
        [ 20,  23,  15],
        [ 25,  28,  20],
        ...,
        [216, 170, 135],
        [216, 170, 135],
        [217, 171, 136]]], shape=(576, 534, 3), dtype=uint8), <_dlib_pybind11.full_object_detection object at 0x111983af0>, 1. Falling back to full frame.
2026-05-30 09:31:32 - EncodingCache - WARNING - Failed to generate encoding on crop: compute_face_descriptor(): incompatible function arguments. The following argument types are supported:
    1. (self: _dlib_pybind11.face_recognition_model_v1, img: numpy.ndarray[(rows,cols,3),numpy.uint8], face: _dlib_pybind11.full_object_detection, num_jitters: int = 0, padding: float = 0.25) -> _dlib_pybind11.vector
    2. (self: _dlib_pybind11.face_recognition_model_v1, img: numpy.ndarray[(rows,cols,3),numpy.uint8], num_jitters: int = 0) -> _dlib_pybind11.vector
    3. (self: _dlib_pybind11.face_recognition_model_v1, img: numpy.ndarray[(rows,cols,3),numpy.uint8], faces: _dlib_pybind11.full_object_detections, num_jitters: int = 0, padding: float = 0.25) -> _dlib_pybind11.vectors
    4. (self: _dlib_pybind11.face_recognition_model_v1, batch_img: list[numpy.ndarray[(rows,cols,3),numpy.uint8]], batch_faces: list[_dlib_pybind11.full_object_detections], num_jitters: int = 0, padding: float = 0.25) -> _dlib_pybind11.vectorss
    5. (self: _dlib_pybind11.face_recognition_model_v1, batch_img: list[numpy.ndarray[(rows,cols,3),numpy.uint8]], num_jitters: int = 0) -> _dlib_pybind11.vectors

Invoked with: <_dlib_pybind11.face_recognition_model_v1 object at 0x111dd6070>, array([[[209, 166, 112],
        [209, 166, 112],
        [209, 166, 112],
        ...,
        [ 45,  37,  34],
        [ 46,  38,  35],
        [ 47,  39,  36]],

       [[209, 167, 111],
        [209, 167, 111],
        [209, 167, 111],
        ...,
        [ 46,  38,  35],
        [ 47,  39,  36],
        [ 47,  39,  36]],

       [[209, 167, 110],
        [209, 167, 110],
        [209, 167, 110],
        ...,
        [ 45,  37,  34],
        [ 46,  38,  35],
        [ 46,  38,  35]],

       ...,

       [[  8,  13,   6],
        [  7,  12,   4],
        [ 10,  13,   5],
        ...,
        [216, 167, 133],
        [216, 167, 132],
        [216, 167, 132]],

       [[  8,  13,   5],
        [  9,  13,   5],
        [ 10,  13,   5],
        ...,
        [217, 168, 135],
        [216, 167, 133],
        [216, 167, 133]],

       [[  9,  13,   6],
        [  9,  13,   5],
        [ 11,  14,   6],
        ...,
        [215, 167, 135],
        [216, 167, 134],
        [216, 167, 134]]], shape=(576, 534, 3), dtype=uint8), <_dlib_pybind11.full_object_detection object at 0x11195baf0>, 1. Falling back to full frame.
2026-05-30 09:31:33 - EncodingCache - WARNING - Failed to generate encoding on crop: compute_face_descriptor(): incompatible function arguments. The following argument types are supported:
    1. (self: _dlib_pybind11.face_recognition_model_v1, img: numpy.ndarray[(rows,cols,3),numpy.uint8], face: _dlib_pybind11.full_object_detection, num_jitters: int = 0, padding: float = 0.25) -> _dlib_pybind11.vector
    2. (self: _dlib_pybind11.face_recognition_model_v1, img: numpy.ndarray[(rows,cols,3),numpy.uint8], num_jitters: int = 0) -> _dlib_pybind11.vector
    3. (self: _dlib_pybind11.face_recognition_model_v1, img: numpy.ndarray[(rows,cols,3),numpy.uint8], faces: _dlib_pybind11.full_object_detections, num_jitters: int = 0, padding: float = 0.25) -> _dlib_pybind11.vectors
    4. (self: _dlib_pybind11.face_recognition_model_v1, batch_img: list[numpy.ndarray[(rows,cols,3),numpy.uint8]], batch_faces: list[_dlib_pybind11.full_object_detections], num_jitters: int = 0, padding: float = 0.25) -> _dlib_pybind11.vectorss
    5. (self: _dlib_pybind11.face_recognition_model_v1, batch_img: list[numpy.ndarray[(rows,cols,3),numpy.uint8]], num_jitters: int = 0) -> _dlib_pybind11.vectors

Invoked with: <_dlib_pybind11.face_recognition_model_v1 object at 0x111dd6070>, array([[[200, 160, 108],
        [200, 160, 109],
        [200, 160, 110],
        ...,
        [ 69,  62,  63],
        [ 70,  63,  65],
        [ 71,  65,  66]],

       [[200, 160, 109],
        [200, 160, 109],
        [200, 160, 110],
        ...,
        [ 69,  62,  63],
        [ 69,  62,  63],
        [ 70,  63,  65]],

       [[200, 160, 110],
        [200, 160, 110],
        [200, 160, 110],
        ...,
        [ 68,  61,  61],
        [ 69,  62,  63],
        [ 68,  61,  62]],

       ...,

       [[ 19,  25,  18],
        [ 23,  28,  21],
        [ 27,  33,  25],
        ...,
        [221, 174, 142],
        [220, 173, 141],
        [220, 173, 141]],

       [[ 19,  25,  17],
        [ 23,  28,  20],
        [ 26,  32,  24],
        ...,
        [221, 174, 142],
        [221, 174, 142],
        [221, 174, 142]],

       [[ 19,  25,  17],
        [ 22,  27,  19],
        [ 26,  32,  24],
        ...,
        [221, 174, 142],
        [221, 174, 142],
        [221, 174, 142]]], shape=(576, 534, 3), dtype=uint8), <_dlib_pybind11.full_object_detection object at 0x1119446b0>, 1. Falling back to full frame.
2026-05-30 09:31:34 - EncodingCache - WARNING - Failed to generate encoding on crop: compute_face_descriptor(): incompatible function arguments. The following argument types are supported:
    1. (self: _dlib_pybind11.face_recognition_model_v1, img: numpy.ndarray[(rows,cols,3),numpy.uint8], face: _dlib_pybind11.full_object_detection, num_jitters: int = 0, padding: float = 0.25) -> _dlib_pybind11.vector
    2. (self: _dlib_pybind11.face_recognition_model_v1, img: numpy.ndarray[(rows,cols,3),numpy.uint8], num_jitters: int = 0) -> _dlib_pybind11.vector
    3. (self: _dlib_pybind11.face_recognition_model_v1, img: numpy.ndarray[(rows,cols,3),numpy.uint8], faces: _dlib_pybind11.full_object_detections, num_jitters: int = 0, padding: float = 0.25) -> _dlib_pybind11.vectors
    4. (self: _dlib_pybind11.face_recognition_model_v1, batch_img: list[numpy.ndarray[(rows,cols,3),numpy.uint8]], batch_faces: list[_dlib_pybind11.full_object_detections], num_jitters: int = 0, padding: float = 0.25) -> _dlib_pybind11.vectorss
    5. (self: _dlib_pybind11.face_recognition_model_v1, batch_img: list[numpy.ndarray[(rows,cols,3),numpy.uint8]], num_jitters: int = 0) -> _dlib_pybind11.vectors

Invoked with: <_dlib_pybind11.face_recognition_model_v1 object at 0x111dd6070>, array([[[220, 218, 216],
        [220, 218, 215],
        [220, 218, 213],
        ...,
        [210, 209, 202],
        [210, 209, 202],
        [210, 209, 202]],

       [[220, 218, 216],
        [220, 218, 215],
        [220, 218, 213],
        ...,
        [210, 209, 202],
        [210, 209, 202],
        [210, 209, 202]],

       [[220, 218, 216],
        [220, 218, 215],
        [220, 218, 213],
        ...,
        [210, 209, 202],
        [211, 210, 203],
        [210, 209, 202]],

       ...,

       [[218, 215, 213],
        [218, 215, 213],
        [218, 215, 213],
        ...,
        [209, 211, 212],
        [207, 209, 209],
        [208, 209, 209]],

       [[219, 215, 213],
        [219, 215, 213],
        [219, 215, 213],
        ...,
        [209, 210, 211],
        [206, 208, 207],
        [205, 207, 206]],

       [[218, 215, 213],
        [218, 215, 213],
        [218, 215, 213],
        ...,
        [209, 210, 211],
        [206, 208, 207],
        [205, 205, 205]]], shape=(204, 204, 3), dtype=uint8), <_dlib_pybind11.full_object_detection object at 0x111983af0>, 1. Falling back to full frame.
2026-05-30 09:31:34 - EncodingCache - WARNING - Failed to generate encoding on crop: compute_face_descriptor(): incompatible function arguments. The following argument types are supported:
    1. (self: _dlib_pybind11.face_recognition_model_v1, img: numpy.ndarray[(rows,cols,3),numpy.uint8], face: _dlib_pybind11.full_object_detection, num_jitters: int = 0, padding: float = 0.25) -> _dlib_pybind11.vector
    2. (self: _dlib_pybind11.face_recognition_model_v1, img: numpy.ndarray[(rows,cols,3),numpy.uint8], num_jitters: int = 0) -> _dlib_pybind11.vector
    3. (self: _dlib_pybind11.face_recognition_model_v1, img: numpy.ndarray[(rows,cols,3),numpy.uint8], faces: _dlib_pybind11.full_object_detections, num_jitters: int = 0, padding: float = 0.25) -> _dlib_pybind11.vectors
    4. (self: _dlib_pybind11.face_recognition_model_v1, batch_img: list[numpy.ndarray[(rows,cols,3),numpy.uint8]], batch_faces: list[_dlib_pybind11.full_object_detections], num_jitters: int = 0, padding: float = 0.25) -> _dlib_pybind11.vectorss
    5. (self: _dlib_pybind11.face_recognition_model_v1, batch_img: list[numpy.ndarray[(rows,cols,3),numpy.uint8]], num_jitters: int = 0) -> _dlib_pybind11.vectors

Invoked with: <_dlib_pybind11.face_recognition_model_v1 object at 0x111dd6070>, array([[[208, 207, 200],
        [208, 207, 200],
        [208, 207, 200],
        ...,
        [ 67,  61,  49],
        [ 67,  61,  49],
        [ 67,  61,  49]],

       [[208, 207, 200],
        [208, 207, 200],
        [208, 207, 200],
        ...,
        [ 65,  60,  47],
        [ 65,  60,  47],
        [ 67,  61,  49]],

       [[208, 207, 200],
        [208, 207, 200],
        [208, 207, 200],
        ...,
        [ 64,  59,  46],
        [ 63,  58,  45],
        [ 64,  59,  46]],

       ...,

       [[ 99,  88,  76],
        [103,  92,  82],
        [111, 101,  90],
        ...,
        [143,  96,  71],
        [145,  97,  73],
        [145,  97,  73]],

       [[ 94,  84,  73],
        [ 97,  87,  75],
        [105,  95,  83],
        ...,
        [146,  98,  73],
        [146,  98,  73],
        [146,  98,  73]],

       [[ 93,  82,  69],
        [ 95,  84,  72],
        [101,  90,  78],
        ...,
        [145,  97,  72],
        [146,  98,  73],
        [146,  98,  73]]], shape=(264, 268, 3), dtype=uint8), <_dlib_pybind11.full_object_detection object at 0x11195baf0>, 1. Falling back to full frame.
2026-05-30 09:31:34 - EncodingCache - WARNING - Failed to generate encoding on crop: compute_face_descriptor(): incompatible function arguments. The following argument types are supported:
    1. (self: _dlib_pybind11.face_recognition_model_v1, img: numpy.ndarray[(rows,cols,3),numpy.uint8], face: _dlib_pybind11.full_object_detection, num_jitters: int = 0, padding: float = 0.25) -> _dlib_pybind11.vector
    2. (self: _dlib_pybind11.face_recognition_model_v1, img: numpy.ndarray[(rows,cols,3),numpy.uint8], num_jitters: int = 0) -> _dlib_pybind11.vector
    3. (self: _dlib_pybind11.face_recognition_model_v1, img: numpy.ndarray[(rows,cols,3),numpy.uint8], faces: _dlib_pybind11.full_object_detections, num_jitters: int = 0, padding: float = 0.25) -> _dlib_pybind11.vectors
    4. (self: _dlib_pybind11.face_recognition_model_v1, batch_img: list[numpy.ndarray[(rows,cols,3),numpy.uint8]], batch_faces: list[_dlib_pybind11.full_object_detections], num_jitters: int = 0, padding: float = 0.25) -> _dlib_pybind11.vectorss
    5. (self: _dlib_pybind11.face_recognition_model_v1, batch_img: list[numpy.ndarray[(rows,cols,3),numpy.uint8]], num_jitters: int = 0) -> _dlib_pybind11.vectors

Invoked with: <_dlib_pybind11.face_recognition_model_v1 object at 0x111dd6070>, array([[[207, 205, 199],
        [207, 205, 199],
        [207, 205, 199],
        ...,
        [183, 152, 109],
        [180, 148, 105],
        [171, 139,  96]],

       [[207, 205, 199],
        [207, 205, 199],
        [207, 205, 199],
        ...,
        [182, 151, 108],
        [180, 148, 105],
        [170, 138,  95]],

       [[207, 205, 199],
        [207, 205, 199],
        [207, 205, 199],
        ...,
        [183, 152, 109],
        [181, 149, 106],
        [171, 139,  96]],

       ...,

       [[217, 217, 212],
        [217, 217, 212],
        [217, 217, 212],
        ...,
        [168, 100, 108],
        [169, 101, 109],
        [170, 100, 110]],

       [[217, 217, 212],
        [217, 217, 212],
        [217, 217, 212],
        ...,
        [168, 100, 108],
        [169, 101, 109],
        [170, 100, 110]],

       [[217, 217, 212],
        [217, 217, 212],
        [217, 217, 212],
        ...,
        [169, 101, 109],
        [169, 101, 109],
        [171, 101, 112]]], shape=(308, 308, 3), dtype=uint8), <_dlib_pybind11.full_object_detection object at 0x1119809f0>, 1. Falling back to full frame.
2026-05-30 09:31:34 - EncodingCache - WARNING - Failed to generate encoding on crop: compute_face_descriptor(): incompatible function arguments. The following argument types are supported:
    1. (self: _dlib_pybind11.face_recognition_model_v1, img: numpy.ndarray[(rows,cols,3),numpy.uint8], face: _dlib_pybind11.full_object_detection, num_jitters: int = 0, padding: float = 0.25) -> _dlib_pybind11.vector
    2. (self: _dlib_pybind11.face_recognition_model_v1, img: numpy.ndarray[(rows,cols,3),numpy.uint8], num_jitters: int = 0) -> _dlib_pybind11.vector
    3. (self: _dlib_pybind11.face_recognition_model_v1, img: numpy.ndarray[(rows,cols,3),numpy.uint8], faces: _dlib_pybind11.full_object_detections, num_jitters: int = 0, padding: float = 0.25) -> _dlib_pybind11.vectors
    4. (self: _dlib_pybind11.face_recognition_model_v1, batch_img: list[numpy.ndarray[(rows,cols,3),numpy.uint8]], batch_faces: list[_dlib_pybind11.full_object_detections], num_jitters: int = 0, padding: float = 0.25) -> _dlib_pybind11.vectorss
    5. (self: _dlib_pybind11.face_recognition_model_v1, batch_img: list[numpy.ndarray[(rows,cols,3),numpy.uint8]], num_jitters: int = 0) -> _dlib_pybind11.vectors

Invoked with: <_dlib_pybind11.face_recognition_model_v1 object at 0x111dd6070>, array([[[178, 176, 174],
        [197, 196, 194],
        [215, 213, 211],
        ...,
        [210, 209, 200],
        [210, 209, 200],
        [210, 209, 200]],

       [[186, 184, 182],
        [208, 206, 204],
        [217, 215, 213],
        ...,
        [210, 209, 200],
        [210, 209, 200],
        [210, 209, 200]],

       [[199, 197, 195],
        [213, 211, 209],
        [218, 217, 214],
        ...,
        [210, 209, 200],
        [210, 209, 200],
        [211, 210, 201]],

       ...,

       [[203, 201, 199],
        [208, 208, 206],
        [212, 212, 211],
        ...,
        [194, 201, 204],
        [196, 203, 206],
        [200, 206, 210]],

       [[204, 203, 201],
        [209, 209, 206],
        [213, 214, 211],
        ...,
        [195, 202, 205],
        [197, 204, 207],
        [201, 208, 211]],

       [[206, 204, 202],
        [211, 210, 207],
        [215, 215, 212],
        ...,
        [195, 202, 205],
        [198, 205, 208],
        [203, 210, 214]]], shape=(204, 204, 3), dtype=uint8), <_dlib_pybind11.full_object_detection object at 0x111938db0>, 1. Falling back to full frame.
2026-05-30 09:31:34 - EncodingCache - WARNING - Failed to generate encoding on crop: compute_face_descriptor(): incompatible function arguments. The following argument types are supported:
    1. (self: _dlib_pybind11.face_recognition_model_v1, img: numpy.ndarray[(rows,cols,3),numpy.uint8], face: _dlib_pybind11.full_object_detection, num_jitters: int = 0, padding: float = 0.25) -> _dlib_pybind11.vector
    2. (self: _dlib_pybind11.face_recognition_model_v1, img: numpy.ndarray[(rows,cols,3),numpy.uint8], num_jitters: int = 0) -> _dlib_pybind11.vector
    3. (self: _dlib_pybind11.face_recognition_model_v1, img: numpy.ndarray[(rows,cols,3),numpy.uint8], faces: _dlib_pybind11.full_object_detections, num_jitters: int = 0, padding: float = 0.25) -> _dlib_pybind11.vectors
    4. (self: _dlib_pybind11.face_recognition_model_v1, batch_img: list[numpy.ndarray[(rows,cols,3),numpy.uint8]], batch_faces: list[_dlib_pybind11.full_object_detections], num_jitters: int = 0, padding: float = 0.25) -> _dlib_pybind11.vectorss
    5. (self: _dlib_pybind11.face_recognition_model_v1, batch_img: list[numpy.ndarray[(rows,cols,3),numpy.uint8]], num_jitters: int = 0) -> _dlib_pybind11.vectors

Invoked with: <_dlib_pybind11.face_recognition_model_v1 object at 0x111dd6070>, array([[[209, 219, 214],
        [210, 217, 215],
        [216, 221, 222],
        ...,
        [200, 176, 125],
        [201, 181, 131],
        [199, 183, 133]],

       [[209, 219, 213],
        [210, 217, 215],
        [213, 218, 219],
        ...,
        [201, 176, 125],
        [201, 180, 130],
        [200, 183, 133]],

       [[208, 218, 211],
        [210, 217, 214],
        [216, 221, 222],
        ...,
        [202, 175, 125],
        [202, 180, 130],
        [200, 182, 132]],

       ...,

       [[251, 252, 249],
        [252, 252, 249],
        [253, 251, 248],
        ...,
        [170, 100, 110],
        [172, 101, 113],
        [173, 102, 114]],

       [[251, 252, 249],
        [254, 253, 249],
        [255, 255, 251],
        ...,
        [170, 100, 110],
        [172, 101, 113],
        [173, 102, 114]],

       [[253, 253, 248],
        [255, 253, 247],
        [255, 255, 248],
        ...,
        [171, 101, 112],
        [173, 102, 114],
        [175, 103, 115]]], shape=(268, 268, 3), dtype=uint8), <_dlib_pybind11.full_object_detection object at 0x1119800f0>, 1. Falling back to full frame.
2026-05-30 09:31:34 - EncodingCache - WARNING - Failed to generate encoding on crop: compute_face_descriptor(): incompatible function arguments. The following argument types are supported:
    1. (self: _dlib_pybind11.face_recognition_model_v1, img: numpy.ndarray[(rows,cols,3),numpy.uint8], face: _dlib_pybind11.full_object_detection, num_jitters: int = 0, padding: float = 0.25) -> _dlib_pybind11.vector
    2. (self: _dlib_pybind11.face_recognition_model_v1, img: numpy.ndarray[(rows,cols,3),numpy.uint8], num_jitters: int = 0) -> _dlib_pybind11.vector
    3. (self: _dlib_pybind11.face_recognition_model_v1, img: numpy.ndarray[(rows,cols,3),numpy.uint8], faces: _dlib_pybind11.full_object_detections, num_jitters: int = 0, padding: float = 0.25) -> _dlib_pybind11.vectors
    4. (self: _dlib_pybind11.face_recognition_model_v1, batch_img: list[numpy.ndarray[(rows,cols,3),numpy.uint8]], batch_faces: list[_dlib_pybind11.full_object_detections], num_jitters: int = 0, padding: float = 0.25) -> _dlib_pybind11.vectorss
    5. (self: _dlib_pybind11.face_recognition_model_v1, batch_img: list[numpy.ndarray[(rows,cols,3),numpy.uint8]], num_jitters: int = 0) -> _dlib_pybind11.vectors

Invoked with: <_dlib_pybind11.face_recognition_model_v1 object at 0x111dd6070>, array([[[218, 217, 214],
        [216, 214, 212],
        [208, 206, 204],
        ...,
        [210, 209, 200],
        [211, 210, 201],
        [211, 210, 201]],

       [[222, 220, 218],
        [220, 218, 216],
        [216, 214, 212],
        ...,
        [211, 210, 201],
        [211, 210, 201],
        [211, 210, 201]],

       [[222, 220, 218],
        [221, 219, 217],
        [221, 219, 217],
        ...,
        [211, 210, 201],
        [211, 210, 201],
        [211, 210, 201]],

       ...,

       [[211, 210, 207],
        [207, 205, 203],
        [203, 201, 199],
        ...,
        [211, 218, 223],
        [212, 219, 224],
        [214, 220, 225]],

       [[210, 208, 206],
        [206, 204, 202],
        [204, 203, 201],
        ...,
        [211, 218, 223],
        [211, 218, 223],
        [211, 218, 223]],

       [[210, 208, 206],
        [206, 204, 202],
        [206, 204, 202],
        ...,
        [210, 217, 222],
        [210, 217, 222],
        [210, 217, 222]]], shape=(204, 204, 3), dtype=uint8), <_dlib_pybind11.full_object_detection object at 0x1119804b0>, 1. Falling back to full frame.
2026-05-30 09:31:34 - EncodingCache - WARNING - Failed to generate encoding on crop: compute_face_descriptor(): incompatible function arguments. The following argument types are supported:
    1. (self: _dlib_pybind11.face_recognition_model_v1, img: numpy.ndarray[(rows,cols,3),numpy.uint8], face: _dlib_pybind11.full_object_detection, num_jitters: int = 0, padding: float = 0.25) -> _dlib_pybind11.vector
    2. (self: _dlib_pybind11.face_recognition_model_v1, img: numpy.ndarray[(rows,cols,3),numpy.uint8], num_jitters: int = 0) -> _dlib_pybind11.vector
    3. (self: _dlib_pybind11.face_recognition_model_v1, img: numpy.ndarray[(rows,cols,3),numpy.uint8], faces: _dlib_pybind11.full_object_detections, num_jitters: int = 0, padding: float = 0.25) -> _dlib_pybind11.vectors
    4. (self: _dlib_pybind11.face_recognition_model_v1, batch_img: list[numpy.ndarray[(rows,cols,3),numpy.uint8]], batch_faces: list[_dlib_pybind11.full_object_detections], num_jitters: int = 0, padding: float = 0.25) -> _dlib_pybind11.vectorss
    5. (self: _dlib_pybind11.face_recognition_model_v1, batch_img: list[numpy.ndarray[(rows,cols,3),numpy.uint8]], num_jitters: int = 0) -> _dlib_pybind11.vectors

Invoked with: <_dlib_pybind11.face_recognition_model_v1 object at 0x111dd6070>, array([[[195, 194, 185],
        [188, 189, 180],
        [188, 191, 184],
        ...,
        [247, 176,  79],
        [243, 170,  71],
        [235, 167,  76]],

       [[194, 194, 186],
        [188, 190, 182],
        [188, 191, 184],
        ...,
        [246, 174,  77],
        [242, 169,  71],
        [236, 167,  77]],

       [[193, 194, 187],
        [189, 191, 184],
        [189, 193, 185],
        ...,
        [246, 172,  75],
        [243, 168,  72],
        [236, 167,  78]],

       ...,

       [[207, 153, 153],
        [207, 149, 149],
        [212, 149, 149],
        ...,
        [179, 105, 117],
        [179, 105, 117],
        [180, 105, 117]],

       [[208, 150, 152],
        [208, 145, 147],
        [210, 145, 146],
        ...,
        [179, 105, 117],
        [179, 105, 117],
        [180, 105, 117]],

       [[208, 145, 148],
        [207, 143, 145],
        [208, 141, 143],
        ...,
        [179, 105, 117],
        [180, 105, 117],
        [180, 105, 117]]], shape=(308, 308, 3), dtype=uint8), <_dlib_pybind11.full_object_detection object at 0x11193b870>, 1. Falling back to full frame.
2026-05-30 09:31:34 - EncodingCache - WARNING - Failed to generate encoding on crop: compute_face_descriptor(): incompatible function arguments. The following argument types are supported:
    1. (self: _dlib_pybind11.face_recognition_model_v1, img: numpy.ndarray[(rows,cols,3),numpy.uint8], face: _dlib_pybind11.full_object_detection, num_jitters: int = 0, padding: float = 0.25) -> _dlib_pybind11.vector
    2. (self: _dlib_pybind11.face_recognition_model_v1, img: numpy.ndarray[(rows,cols,3),numpy.uint8], num_jitters: int = 0) -> _dlib_pybind11.vector
    3. (self: _dlib_pybind11.face_recognition_model_v1, img: numpy.ndarray[(rows,cols,3),numpy.uint8], faces: _dlib_pybind11.full_object_detections, num_jitters: int = 0, padding: float = 0.25) -> _dlib_pybind11.vectors
    4. (self: _dlib_pybind11.face_recognition_model_v1, batch_img: list[numpy.ndarray[(rows,cols,3),numpy.uint8]], batch_faces: list[_dlib_pybind11.full_object_detections], num_jitters: int = 0, padding: float = 0.25) -> _dlib_pybind11.vectorss
    5. (self: _dlib_pybind11.face_recognition_model_v1, batch_img: list[numpy.ndarray[(rows,cols,3),numpy.uint8]], num_jitters: int = 0) -> _dlib_pybind11.vectors

Invoked with: <_dlib_pybind11.face_recognition_model_v1 object at 0x111dd6070>, array([[[218, 218, 216],
        [219, 218, 216],
        [221, 219, 217],
        ...,
        [179, 177, 173],
        [184, 182, 178],
        [188, 187, 181]],

       [[218, 218, 216],
        [218, 218, 216],
        [219, 218, 216],
        ...,
        [187, 186, 180],
        [190, 189, 183],
        [192, 192, 185]],

       [[218, 218, 216],
        [218, 218, 216],
        [218, 218, 216],
        ...,
        [194, 194, 187],
        [193, 194, 187],
        [194, 194, 187]],

       ...,

       [[220, 218, 216],
        [220, 219, 217],
        [220, 219, 217],
        ...,
        [201, 207, 212],
        [198, 205, 210],
        [194, 201, 205]],

       [[220, 218, 216],
        [220, 218, 216],
        [221, 219, 217],
        ...,
        [197, 204, 209],
        [194, 200, 205],
        [192, 198, 202]],

       [[220, 218, 216],
        [221, 219, 216],
        [221, 219, 216],
        ...,
        [192, 198, 203],
        [190, 196, 200],
        [190, 196, 199]]], shape=(204, 204, 3), dtype=uint8), <_dlib_pybind11.full_object_detection object at 0x1119804b0>, 1. Falling back to full frame.
2026-05-30 09:31:34 - EncodingCache - WARNING - Failed to generate encoding on crop: compute_face_descriptor(): incompatible function arguments. The following argument types are supported:
    1. (self: _dlib_pybind11.face_recognition_model_v1, img: numpy.ndarray[(rows,cols,3),numpy.uint8], face: _dlib_pybind11.full_object_detection, num_jitters: int = 0, padding: float = 0.25) -> _dlib_pybind11.vector
    2. (self: _dlib_pybind11.face_recognition_model_v1, img: numpy.ndarray[(rows,cols,3),numpy.uint8], num_jitters: int = 0) -> _dlib_pybind11.vector
    3. (self: _dlib_pybind11.face_recognition_model_v1, img: numpy.ndarray[(rows,cols,3),numpy.uint8], faces: _dlib_pybind11.full_object_detections, num_jitters: int = 0, padding: float = 0.25) -> _dlib_pybind11.vectors
    4. (self: _dlib_pybind11.face_recognition_model_v1, batch_img: list[numpy.ndarray[(rows,cols,3),numpy.uint8]], batch_faces: list[_dlib_pybind11.full_object_detections], num_jitters: int = 0, padding: float = 0.25) -> _dlib_pybind11.vectorss
    5. (self: _dlib_pybind11.face_recognition_model_v1, batch_img: list[numpy.ndarray[(rows,cols,3),numpy.uint8]], num_jitters: int = 0) -> _dlib_pybind11.vectors

Invoked with: <_dlib_pybind11.face_recognition_model_v1 object at 0x111dd6070>, array([[[193, 195, 183],
        [188, 190, 180],
        [186, 189, 181],
        ...,
        [246, 175,  79],
        [243, 170,  73],
        [236, 167,  79]],

       [[193, 195, 184],
        [189, 191, 182],
        [186, 189, 181],
        ...,
        [246, 175,  79],
        [242, 169,  72],
        [237, 168,  80]],

       [[195, 196, 186],
        [188, 190, 181],
        [187, 190, 182],
        ...,
        [245, 174,  78],
        [243, 168,  72],
        [239, 169,  80]],

       ...,

       [[255, 244, 236],
        [222, 195, 189],
        [218, 183, 177],
        ...,
        [177, 104, 116],
        [177, 104, 116],
        [177, 104, 116]],

       [[239, 215, 206],
        [213, 180, 174],
        [208, 165, 161],
        ...,
        [179, 105, 117],
        [177, 104, 116],
        [177, 104, 116]],

       [[223, 194, 187],
        [210, 172, 167],
        [210, 163, 161],
        ...,
        [179, 105, 117],
        [177, 104, 116],
        [177, 104, 116]]], shape=(308, 308, 3), dtype=uint8), <_dlib_pybind11.full_object_detection object at 0x11193b870>, 1. Falling back to full frame.
2026-05-30 09:31:34 - EncodingCache - WARNING - Failed to generate encoding on crop: compute_face_descriptor(): incompatible function arguments. The following argument types are supported:
    1. (self: _dlib_pybind11.face_recognition_model_v1, img: numpy.ndarray[(rows,cols,3),numpy.uint8], face: _dlib_pybind11.full_object_detection, num_jitters: int = 0, padding: float = 0.25) -> _dlib_pybind11.vector
    2. (self: _dlib_pybind11.face_recognition_model_v1, img: numpy.ndarray[(rows,cols,3),numpy.uint8], num_jitters: int = 0) -> _dlib_pybind11.vector
    3. (self: _dlib_pybind11.face_recognition_model_v1, img: numpy.ndarray[(rows,cols,3),numpy.uint8], faces: _dlib_pybind11.full_object_detections, num_jitters: int = 0, padding: float = 0.25) -> _dlib_pybind11.vectors
    4. (self: _dlib_pybind11.face_recognition_model_v1, batch_img: list[numpy.ndarray[(rows,cols,3),numpy.uint8]], batch_faces: list[_dlib_pybind11.full_object_detections], num_jitters: int = 0, padding: float = 0.25) -> _dlib_pybind11.vectorss
    5. (self: _dlib_pybind11.face_recognition_model_v1, batch_img: list[numpy.ndarray[(rows,cols,3),numpy.uint8]], num_jitters: int = 0) -> _dlib_pybind11.vectors

Invoked with: <_dlib_pybind11.face_recognition_model_v1 object at 0x111dd6070>, array([[[218, 218, 216],
        [219, 218, 216],
        [221, 219, 217],
        ...,
        [191, 189, 182],
        [193, 191, 185],
        [193, 191, 185]],

       [[218, 218, 216],
        [218, 218, 216],
        [219, 218, 216],
        ...,
        [191, 189, 182],
        [191, 189, 182],
        [191, 189, 182]],

       [[218, 218, 216],
        [218, 218, 216],
        [218, 218, 216],
        ...,
        [194, 193, 186],
        [193, 191, 185],
        [191, 189, 182]],

       ...,

       [[220, 218, 216],
        [219, 218, 216],
        [219, 218, 216],
        ...,
        [188, 193, 196],
        [187, 192, 195],
        [187, 192, 195]],

       [[220, 218, 216],
        [220, 218, 216],
        [221, 219, 217],
        ...,
        [187, 192, 195],
        [186, 191, 194],
        [185, 190, 193]],

       [[220, 218, 216],
        [221, 219, 216],
        [220, 218, 215],
        ...,
        [186, 191, 194],
        [186, 191, 194],
        [185, 190, 193]]], shape=(204, 204, 3), dtype=uint8), <_dlib_pybind11.full_object_detection object at 0x11195baf0>, 1. Falling back to full frame.
2026-05-30 09:31:35 - EncodingCache - WARNING - Failed to generate encoding on crop: compute_face_descriptor(): incompatible function arguments. The following argument types are supported:
    1. (self: _dlib_pybind11.face_recognition_model_v1, img: numpy.ndarray[(rows,cols,3),numpy.uint8], face: _dlib_pybind11.full_object_detection, num_jitters: int = 0, padding: float = 0.25) -> _dlib_pybind11.vector
    2. (self: _dlib_pybind11.face_recognition_model_v1, img: numpy.ndarray[(rows,cols,3),numpy.uint8], num_jitters: int = 0) -> _dlib_pybind11.vector
    3. (self: _dlib_pybind11.face_recognition_model_v1, img: numpy.ndarray[(rows,cols,3),numpy.uint8], faces: _dlib_pybind11.full_object_detections, num_jitters: int = 0, padding: float = 0.25) -> _dlib_pybind11.vectors
    4. (self: _dlib_pybind11.face_recognition_model_v1, batch_img: list[numpy.ndarray[(rows,cols,3),numpy.uint8]], batch_faces: list[_dlib_pybind11.full_object_detections], num_jitters: int = 0, padding: float = 0.25) -> _dlib_pybind11.vectorss
    5. (self: _dlib_pybind11.face_recognition_model_v1, batch_img: list[numpy.ndarray[(rows,cols,3),numpy.uint8]], num_jitters: int = 0) -> _dlib_pybind11.vectors

Invoked with: <_dlib_pybind11.face_recognition_model_v1 object at 0x111dd6070>, array([[[251, 253, 252],
        [250, 252, 251],
        [250, 252, 251],
        ...,
        [255, 203, 107],
        [255, 201,  91],
        [255, 198,  89]],

       [[251, 253, 252],
        [250, 252, 251],
        [250, 252, 251],
        ...,
        [255, 203, 107],
        [255, 201,  90],
        [255, 199,  90]],

       [[250, 252, 251],
        [250, 252, 251],
        [250, 252, 251],
        ...,
        [255, 205, 107],
        [255, 200,  88],
        [255, 199,  89]],

       ...,

       [[202, 127, 137],
        [202, 127, 137],
        [204, 128, 138],
        ...,
        [183, 107, 120],
        [183, 107, 120],
        [183, 107, 120]],

       [[202, 127, 137],
        [204, 128, 138],
        [204, 128, 138],
        ...,
        [183, 107, 120],
        [183, 107, 120],
        [183, 107, 120]],

       [[202, 127, 137],
        [203, 128, 138],
        [203, 128, 138],
        ...,
        [183, 107, 120],
        [183, 107, 120],
        [183, 107, 120]]], shape=(308, 308, 3), dtype=uint8), <_dlib_pybind11.full_object_detection object at 0x11193b870>, 1. Falling back to full frame.
2026-05-30 09:31:35 - EncodingCache - WARNING - Failed to generate encoding on crop: compute_face_descriptor(): incompatible function arguments. The following argument types are supported:
    1. (self: _dlib_pybind11.face_recognition_model_v1, img: numpy.ndarray[(rows,cols,3),numpy.uint8], face: _dlib_pybind11.full_object_detection, num_jitters: int = 0, padding: float = 0.25) -> _dlib_pybind11.vector
    2. (self: _dlib_pybind11.face_recognition_model_v1, img: numpy.ndarray[(rows,cols,3),numpy.uint8], num_jitters: int = 0) -> _dlib_pybind11.vector
    3. (self: _dlib_pybind11.face_recognition_model_v1, img: numpy.ndarray[(rows,cols,3),numpy.uint8], faces: _dlib_pybind11.full_object_detections, num_jitters: int = 0, padding: float = 0.25) -> _dlib_pybind11.vectors
    4. (self: _dlib_pybind11.face_recognition_model_v1, batch_img: list[numpy.ndarray[(rows,cols,3),numpy.uint8]], batch_faces: list[_dlib_pybind11.full_object_detections], num_jitters: int = 0, padding: float = 0.25) -> _dlib_pybind11.vectorss
    5. (self: _dlib_pybind11.face_recognition_model_v1, batch_img: list[numpy.ndarray[(rows,cols,3),numpy.uint8]], num_jitters: int = 0) -> _dlib_pybind11.vectors

Invoked with: <_dlib_pybind11.face_recognition_model_v1 object at 0x111dd6070>, array([[[251, 254, 250],
        [251, 254, 250],
        [251, 254, 250],
        ...,
        [210, 175, 124],
        [209, 175, 126],
        [208, 171, 115]],

       [[251, 254, 250],
        [252, 255, 252],
        [251, 254, 250],
        ...,
        [210, 175, 123],
        [210, 176, 126],
        [207, 170, 113]],

       [[251, 254, 250],
        [251, 254, 250],
        [251, 254, 250],
        ...,
        [212, 176, 124],
        [210, 176, 125],
        [207, 170, 113]],

       ...,

       [[201, 127, 137],
        [201, 127, 137],
        [201, 127, 137],
        ...,
        [161,  90,  97],
        [162,  91,  98],
        [162,  91,  98]],

       [[201, 127, 137],
        [199, 126, 136],
        [201, 127, 137],
        ...,
        [161,  90,  97],
        [161,  90,  97],
        [162,  91,  98]],

       [[202, 127, 137],
        [202, 127, 137],
        [202, 127, 137],
        ...,
        [161,  90,  97],
        [161,  90,  97],
        [162,  91,  98]]], shape=(268, 268, 3), dtype=uint8), <_dlib_pybind11.full_object_detection object at 0x111958bf0>, 1. Falling back to full frame.
2026-05-30 09:31:35 - EncodingCache - WARNING - Failed to generate encoding on crop: compute_face_descriptor(): incompatible function arguments. The following argument types are supported:
    1. (self: _dlib_pybind11.face_recognition_model_v1, img: numpy.ndarray[(rows,cols,3),numpy.uint8], face: _dlib_pybind11.full_object_detection, num_jitters: int = 0, padding: float = 0.25) -> _dlib_pybind11.vector
    2. (self: _dlib_pybind11.face_recognition_model_v1, img: numpy.ndarray[(rows,cols,3),numpy.uint8], num_jitters: int = 0) -> _dlib_pybind11.vector
    3. (self: _dlib_pybind11.face_recognition_model_v1, img: numpy.ndarray[(rows,cols,3),numpy.uint8], faces: _dlib_pybind11.full_object_detections, num_jitters: int = 0, padding: float = 0.25) -> _dlib_pybind11.vectors
    4. (self: _dlib_pybind11.face_recognition_model_v1, batch_img: list[numpy.ndarray[(rows,cols,3),numpy.uint8]], batch_faces: list[_dlib_pybind11.full_object_detections], num_jitters: int = 0, padding: float = 0.25) -> _dlib_pybind11.vectorss
    5. (self: _dlib_pybind11.face_recognition_model_v1, batch_img: list[numpy.ndarray[(rows,cols,3),numpy.uint8]], num_jitters: int = 0) -> _dlib_pybind11.vectors

Invoked with: <_dlib_pybind11.face_recognition_model_v1 object at 0x111dd6070>, array([[[218, 218, 216],
        [219, 218, 216],
        [221, 219, 217],
        ...,
        [185, 183, 177],
        [184, 182, 175],
        [185, 183, 177]],

       [[218, 218, 216],
        [218, 218, 216],
        [219, 218, 216],
        ...,
        [191, 189, 181],
        [188, 187, 179],
        [190, 188, 180]],

       [[218, 218, 216],
        [218, 218, 216],
        [218, 218, 216],
        ...,
        [195, 194, 185],
        [195, 194, 185],
        [194, 191, 183]],

       ...,

       [[220, 218, 216],
        [219, 218, 216],
        [219, 218, 216],
        ...,
        [187, 192, 197],
        [191, 195, 201],
        [196, 200, 205]],

       [[220, 218, 216],
        [220, 218, 216],
        [221, 219, 217],
        ...,
        [193, 198, 202],
        [199, 203, 209],
        [205, 209, 215]],

       [[220, 218, 216],
        [221, 219, 216],
        [220, 218, 215],
        ...,
        [201, 206, 210],
        [207, 212, 217],
        [212, 216, 222]]], shape=(204, 204, 3), dtype=uint8), <_dlib_pybind11.full_object_detection object at 0x111983af0>, 1. Falling back to full frame.
2026-05-30 09:31:35 - EncodingCache - WARNING - Failed to generate encoding on crop: compute_face_descriptor(): incompatible function arguments. The following argument types are supported:
    1. (self: _dlib_pybind11.face_recognition_model_v1, img: numpy.ndarray[(rows,cols,3),numpy.uint8], face: _dlib_pybind11.full_object_detection, num_jitters: int = 0, padding: float = 0.25) -> _dlib_pybind11.vector
    2. (self: _dlib_pybind11.face_recognition_model_v1, img: numpy.ndarray[(rows,cols,3),numpy.uint8], num_jitters: int = 0) -> _dlib_pybind11.vector
    3. (self: _dlib_pybind11.face_recognition_model_v1, img: numpy.ndarray[(rows,cols,3),numpy.uint8], faces: _dlib_pybind11.full_object_detections, num_jitters: int = 0, padding: float = 0.25) -> _dlib_pybind11.vectors
    4. (self: _dlib_pybind11.face_recognition_model_v1, batch_img: list[numpy.ndarray[(rows,cols,3),numpy.uint8]], batch_faces: list[_dlib_pybind11.full_object_detections], num_jitters: int = 0, padding: float = 0.25) -> _dlib_pybind11.vectorss
    5. (self: _dlib_pybind11.face_recognition_model_v1, batch_img: list[numpy.ndarray[(rows,cols,3),numpy.uint8]], num_jitters: int = 0) -> _dlib_pybind11.vectors

Invoked with: <_dlib_pybind11.face_recognition_model_v1 object at 0x111dd6070>, array([[[252, 255, 252],
        [251, 254, 250],
        [252, 255, 252],
        ...,
        [250, 186,  82],
        [251, 188,  84],
        [248, 187,  85]],

       [[252, 255, 252],
        [252, 255, 252],
        [252, 255, 252],
        ...,
        [249, 185,  81],
        [251, 188,  84],
        [248, 187,  85]],

       [[251, 254, 250],
        [251, 254, 250],
        [251, 254, 250],
        ...,
        [248, 186,  81],
        [251, 188,  84],
        [248, 187,  85]],

       ...,

       [[221, 150, 160],
        [222, 151, 162],
        [222, 152, 164],
        ...,
        [166,  96, 105],
        [166,  96, 105],
        [168,  97, 106]],

       [[222, 151, 162],
        [222, 152, 164],
        [223, 154, 165],
        ...,
        [166,  96, 105],
        [166,  96, 105],
        [169,  98, 107]],

       [[221, 151, 164],
        [223, 154, 166],
        [223, 155, 167],
        ...,
        [168,  97, 106],
        [168,  97, 106],
        [169,  98, 107]]], shape=(268, 268, 3), dtype=uint8), <_dlib_pybind11.full_object_detection object at 0x111939cb0>, 1. Falling back to full frame.
2026-05-30 09:31:35 - EncodingCache - WARNING - Failed to generate encoding on crop: compute_face_descriptor(): incompatible function arguments. The following argument types are supported:
    1. (self: _dlib_pybind11.face_recognition_model_v1, img: numpy.ndarray[(rows,cols,3),numpy.uint8], face: _dlib_pybind11.full_object_detection, num_jitters: int = 0, padding: float = 0.25) -> _dlib_pybind11.vector
    2. (self: _dlib_pybind11.face_recognition_model_v1, img: numpy.ndarray[(rows,cols,3),numpy.uint8], num_jitters: int = 0) -> _dlib_pybind11.vector
    3. (self: _dlib_pybind11.face_recognition_model_v1, img: numpy.ndarray[(rows,cols,3),numpy.uint8], faces: _dlib_pybind11.full_object_detections, num_jitters: int = 0, padding: float = 0.25) -> _dlib_pybind11.vectors
    4. (self: _dlib_pybind11.face_recognition_model_v1, batch_img: list[numpy.ndarray[(rows,cols,3),numpy.uint8]], batch_faces: list[_dlib_pybind11.full_object_detections], num_jitters: int = 0, padding: float = 0.25) -> _dlib_pybind11.vectorss
    5. (self: _dlib_pybind11.face_recognition_model_v1, batch_img: list[numpy.ndarray[(rows,cols,3),numpy.uint8]], num_jitters: int = 0) -> _dlib_pybind11.vectors

Invoked with: <_dlib_pybind11.face_recognition_model_v1 object at 0x111dd6070>, array([[[253, 253, 252],
        [253, 253, 252],
        [253, 253, 252],
        ...,
        [251, 199, 104],
        [250, 200, 109],
        [250, 203, 112]],

       [[253, 253, 251],
        [253, 253, 251],
        [253, 253, 251],
        ...,
        [251, 199, 103],
        [250, 200, 108],
        [250, 203, 112]],

       [[253, 253, 250],
        [253, 253, 250],
        [253, 253, 250],
        ...,
        [252, 200, 104],
        [251, 201, 108],
        [250, 203, 111]],

       ...,

       [[206, 133, 142],
        [203, 130, 138],
        [197, 124, 133],
        ...,
        [171, 100, 111],
        [171, 100, 111],
        [172, 101, 113]],

       [[205, 132, 142],
        [199, 126, 135],
        [194, 121, 128],
        ...,
        [171, 100, 111],
        [172, 101, 113],
        [172, 101, 113]],

       [[203, 130, 138],
        [198, 125, 133],
        [190, 117, 125],
        ...,
        [171, 100, 111],
        [172, 101, 113],
        [172, 101, 113]]], shape=(268, 268, 3), dtype=uint8), <_dlib_pybind11.full_object_detection object at 0x111980bf0>, 1. Falling back to full frame.
2026-05-30 09:31:35 - EncodingCache - WARNING - Failed to generate encoding on crop: compute_face_descriptor(): incompatible function arguments. The following argument types are supported:
    1. (self: _dlib_pybind11.face_recognition_model_v1, img: numpy.ndarray[(rows,cols,3),numpy.uint8], face: _dlib_pybind11.full_object_detection, num_jitters: int = 0, padding: float = 0.25) -> _dlib_pybind11.vector
    2. (self: _dlib_pybind11.face_recognition_model_v1, img: numpy.ndarray[(rows,cols,3),numpy.uint8], num_jitters: int = 0) -> _dlib_pybind11.vector
    3. (self: _dlib_pybind11.face_recognition_model_v1, img: numpy.ndarray[(rows,cols,3),numpy.uint8], faces: _dlib_pybind11.full_object_detections, num_jitters: int = 0, padding: float = 0.25) -> _dlib_pybind11.vectors
    4. (self: _dlib_pybind11.face_recognition_model_v1, batch_img: list[numpy.ndarray[(rows,cols,3),numpy.uint8]], batch_faces: list[_dlib_pybind11.full_object_detections], num_jitters: int = 0, padding: float = 0.25) -> _dlib_pybind11.vectorss
    5. (self: _dlib_pybind11.face_recognition_model_v1, batch_img: list[numpy.ndarray[(rows,cols,3),numpy.uint8]], num_jitters: int = 0) -> _dlib_pybind11.vectors

Invoked with: <_dlib_pybind11.face_recognition_model_v1 object at 0x111dd6070>, array([[[203, 173, 132],
        [202, 172, 132],
        [203, 173, 134],
        ...,
        [ 86,  82,  76],
        [ 86,  82,  76],
        [ 86,  82,  76]],

       [[202, 172, 131],
        [203, 173, 132],
        [203, 173, 133],
        ...,
        [ 87,  83,  77],
        [ 86,  82,  76],
        [ 84,  81,  75]],

       [[203, 173, 132],
        [202, 172, 131],
        [202, 172, 131],
        ...,
        [ 87,  83,  77],
        [ 86,  82,  76],
        [ 84,  81,  75]],

       ...,

       [[ 81,  34,  29],
        [ 81,  33,  28],
        [ 80,  32,  27],
        ...,
        [138,  92,  65],
        [138,  93,  66],
        [140,  96,  67]],

       [[ 80,  33,  28],
        [ 81,  33,  28],
        [ 81,  32,  27],
        ...,
        [145,  97,  67],
        [145,  98,  67],
        [144,  98,  66]],

       [[ 80,  33,  28],
        [ 81,  33,  28],
        [ 80,  32,  27],
        ...,
        [163, 114,  80],
        [157, 109,  75],
        [155, 109,  73]]], shape=(492, 492, 3), dtype=uint8), <_dlib_pybind11.full_object_detection object at 0x111943030>, 1. Falling back to full frame.
2026-05-30 09:31:35 - EncodingCache - WARNING - Failed to generate encoding on crop: compute_face_descriptor(): incompatible function arguments. The following argument types are supported:
    1. (self: _dlib_pybind11.face_recognition_model_v1, img: numpy.ndarray[(rows,cols,3),numpy.uint8], face: _dlib_pybind11.full_object_detection, num_jitters: int = 0, padding: float = 0.25) -> _dlib_pybind11.vector
    2. (self: _dlib_pybind11.face_recognition_model_v1, img: numpy.ndarray[(rows,cols,3),numpy.uint8], num_jitters: int = 0) -> _dlib_pybind11.vector
    3. (self: _dlib_pybind11.face_recognition_model_v1, img: numpy.ndarray[(rows,cols,3),numpy.uint8], faces: _dlib_pybind11.full_object_detections, num_jitters: int = 0, padding: float = 0.25) -> _dlib_pybind11.vectors
    4. (self: _dlib_pybind11.face_recognition_model_v1, batch_img: list[numpy.ndarray[(rows,cols,3),numpy.uint8]], batch_faces: list[_dlib_pybind11.full_object_detections], num_jitters: int = 0, padding: float = 0.25) -> _dlib_pybind11.vectorss
    5. (self: _dlib_pybind11.face_recognition_model_v1, batch_img: list[numpy.ndarray[(rows,cols,3),numpy.uint8]], num_jitters: int = 0) -> _dlib_pybind11.vectors

Invoked with: <_dlib_pybind11.face_recognition_model_v1 object at 0x111dd6070>, array([[[251, 253, 252],
        [251, 253, 252],
        [251, 253, 252],
        ...,
        [229, 181, 106],
        [229, 184, 110],
        [229, 184, 108]],

       [[251, 253, 252],
        [251, 253, 252],
        [251, 253, 252],
        ...,
        [229, 181, 106],
        [229, 184, 110],
        [229, 184, 108]],

       [[251, 253, 252],
        [251, 253, 252],
        [251, 253, 252],
        ...,
        [229, 181, 106],
        [229, 184, 110],
        [229, 184, 109]],

       ...,

       [[219, 143, 154],
        [216, 141, 153],
        [215, 139, 152],
        ...,
        [176, 103, 117],
        [176, 103, 117],
        [177, 104, 118]],

       [[218, 142, 154],
        [216, 141, 153],
        [214, 138, 151],
        ...,
        [177, 104, 118],
        [176, 103, 117],
        [177, 104, 118]],

       [[216, 141, 153],
        [215, 139, 152],
        [214, 138, 151],
        ...,
        [177, 104, 118],
        [177, 104, 118],
        [177, 104, 118]]], shape=(308, 312, 3), dtype=uint8), <_dlib_pybind11.full_object_detection object at 0x1119804b0>, 1. Falling back to full frame.
2026-05-30 09:31:35 - EncodingCache - WARNING - Failed to generate encoding on crop: compute_face_descriptor(): incompatible function arguments. The following argument types are supported:
    1. (self: _dlib_pybind11.face_recognition_model_v1, img: numpy.ndarray[(rows,cols,3),numpy.uint8], face: _dlib_pybind11.full_object_detection, num_jitters: int = 0, padding: float = 0.25) -> _dlib_pybind11.vector
    2. (self: _dlib_pybind11.face_recognition_model_v1, img: numpy.ndarray[(rows,cols,3),numpy.uint8], num_jitters: int = 0) -> _dlib_pybind11.vector
    3. (self: _dlib_pybind11.face_recognition_model_v1, img: numpy.ndarray[(rows,cols,3),numpy.uint8], faces: _dlib_pybind11.full_object_detections, num_jitters: int = 0, padding: float = 0.25) -> _dlib_pybind11.vectors
    4. (self: _dlib_pybind11.face_recognition_model_v1, batch_img: list[numpy.ndarray[(rows,cols,3),numpy.uint8]], batch_faces: list[_dlib_pybind11.full_object_detections], num_jitters: int = 0, padding: float = 0.25) -> _dlib_pybind11.vectorss
    5. (self: _dlib_pybind11.face_recognition_model_v1, batch_img: list[numpy.ndarray[(rows,cols,3),numpy.uint8]], num_jitters: int = 0) -> _dlib_pybind11.vectors

Invoked with: <_dlib_pybind11.face_recognition_model_v1 object at 0x111dd6070>, array([[[206, 168, 122],
        [207, 168, 122],
        [208, 167, 122],
        ...,
        [ 95,  86,  85],
        [ 94,  85,  82],
        [ 95,  87,  83]],

       [[207, 168, 121],
        [207, 166, 120],
        [207, 166, 120],
        ...,
        [ 94,  85,  83],
        [ 95,  86,  84],
        [ 94,  85,  82]],

       [[207, 166, 119],
        [207, 166, 119],
        [207, 166, 119],
        ...,
        [ 94,  85,  83],
        [ 93,  84,  81],
        [ 94,  85,  82]],

       ...,

       [[ 74,  56,  43],
        [ 62,  43,  31],
        [ 58,  38,  28],
        ...,
        [255, 230, 163],
        [241, 216, 150],
        [232, 207, 144]],

       [[ 73,  56,  44],
        [ 61,  43,  32],
        [ 58,  38,  29],
        ...,
        [255, 237, 164],
        [252, 231, 161],
        [237, 214, 147]],

       [[ 69,  53,  42],
        [ 60,  43,  33],
        [ 53,  35,  25],
        ...,
        [255, 237, 161],
        [254, 234, 160],
        [247, 225, 154]]], shape=(492, 492, 3), dtype=uint8), <_dlib_pybind11.full_object_detection object at 0x111983af0>, 1. Falling back to full frame.
2026-05-30 09:31:35 - EncodingCache - WARNING - Failed to generate encoding on crop: compute_face_descriptor(): incompatible function arguments. The following argument types are supported:
    1. (self: _dlib_pybind11.face_recognition_model_v1, img: numpy.ndarray[(rows,cols,3),numpy.uint8], face: _dlib_pybind11.full_object_detection, num_jitters: int = 0, padding: float = 0.25) -> _dlib_pybind11.vector
    2. (self: _dlib_pybind11.face_recognition_model_v1, img: numpy.ndarray[(rows,cols,3),numpy.uint8], num_jitters: int = 0) -> _dlib_pybind11.vector
    3. (self: _dlib_pybind11.face_recognition_model_v1, img: numpy.ndarray[(rows,cols,3),numpy.uint8], faces: _dlib_pybind11.full_object_detections, num_jitters: int = 0, padding: float = 0.25) -> _dlib_pybind11.vectors
    4. (self: _dlib_pybind11.face_recognition_model_v1, batch_img: list[numpy.ndarray[(rows,cols,3),numpy.uint8]], batch_faces: list[_dlib_pybind11.full_object_detections], num_jitters: int = 0, padding: float = 0.25) -> _dlib_pybind11.vectorss
    5. (self: _dlib_pybind11.face_recognition_model_v1, batch_img: list[numpy.ndarray[(rows,cols,3),numpy.uint8]], num_jitters: int = 0) -> _dlib_pybind11.vectors

Invoked with: <_dlib_pybind11.face_recognition_model_v1 object at 0x111dd6070>, array([[[251, 253, 252],
        [251, 253, 252],
        [251, 253, 252],
        ...,
        [229, 181, 105],
        [229, 184, 110],
        [229, 184, 108]],

       [[251, 253, 252],
        [251, 253, 252],
        [251, 253, 252],
        ...,
        [229, 181, 105],
        [229, 184, 110],
        [229, 184, 108]],

       [[251, 253, 252],
        [251, 253, 252],
        [251, 253, 252],
        ...,
        [229, 181, 105],
        [227, 182, 109],
        [229, 184, 109]],

       ...,

       [[219, 147, 159],
        [218, 145, 157],
        [218, 143, 156],
        ...,
        [176, 103, 117],
        [176, 103, 117],
        [176, 103, 117]],

       [[218, 145, 157],
        [217, 142, 154],
        [218, 142, 154],
        ...,
        [176, 103, 117],
        [176, 103, 117],
        [176, 103, 117]],

       [[218, 145, 157],
        [217, 142, 154],
        [216, 141, 153],
        ...,
        [177, 104, 118],
        [176, 103, 117],
        [176, 103, 117]]], shape=(308, 312, 3), dtype=uint8), <_dlib_pybind11.full_object_detection object at 0x1119804b0>, 1. Falling back to full frame.
2026-05-30 09:31:35 - EncodingCache - WARNING - Failed to generate encoding on crop: compute_face_descriptor(): incompatible function arguments. The following argument types are supported:
    1. (self: _dlib_pybind11.face_recognition_model_v1, img: numpy.ndarray[(rows,cols,3),numpy.uint8], face: _dlib_pybind11.full_object_detection, num_jitters: int = 0, padding: float = 0.25) -> _dlib_pybind11.vector
    2. (self: _dlib_pybind11.face_recognition_model_v1, img: numpy.ndarray[(rows,cols,3),numpy.uint8], num_jitters: int = 0) -> _dlib_pybind11.vector
    3. (self: _dlib_pybind11.face_recognition_model_v1, img: numpy.ndarray[(rows,cols,3),numpy.uint8], faces: _dlib_pybind11.full_object_detections, num_jitters: int = 0, padding: float = 0.25) -> _dlib_pybind11.vectors
    4. (self: _dlib_pybind11.face_recognition_model_v1, batch_img: list[numpy.ndarray[(rows,cols,3),numpy.uint8]], batch_faces: list[_dlib_pybind11.full_object_detections], num_jitters: int = 0, padding: float = 0.25) -> _dlib_pybind11.vectorss
    5. (self: _dlib_pybind11.face_recognition_model_v1, batch_img: list[numpy.ndarray[(rows,cols,3),numpy.uint8]], num_jitters: int = 0) -> _dlib_pybind11.vectors

Invoked with: <_dlib_pybind11.face_recognition_model_v1 object at 0x111dd6070>, array([[[203, 167, 121],
        [202, 166, 120],
        [203, 167, 121],
        ...,
        [ 95,  85,  82],
        [ 96,  85,  82],
        [ 97,  86,  84]],

       [[202, 166, 120],
        [203, 166, 119],
        [203, 166, 119],
        ...,
        [ 94,  85,  82],
        [ 95,  85,  82],
        [ 95,  85,  82]],

       [[202, 166, 120],
        [203, 166, 119],
        [204, 166, 118],
        ...,
        [ 94,  85,  82],
        [ 94,  85,  82],
        [ 96,  86,  84]],

       ...,

       [[136, 111,  92],
        [135, 111,  92],
        [135, 112,  92],
        ...,
        [195, 171, 112],
        [186, 163, 105],
        [182, 159, 104]],

       [[136, 113,  96],
        [132, 110,  91],
        [128, 107,  87],
        ...,
        [218, 189, 119],
        [217, 189, 120],
        [203, 176, 111]],

       [[139, 117,  99],
        [130, 110,  91],
        [121, 103,  83],
        ...,
        [244, 214, 136],
        [243, 214, 138],
        [237, 208, 136]]], shape=(492, 492, 3), dtype=uint8), <_dlib_pybind11.full_object_detection object at 0x11213c0f0>, 1. Falling back to full frame.
2026-05-30 09:31:36 - EncodingCache - WARNING - Failed to generate encoding on crop: compute_face_descriptor(): incompatible function arguments. The following argument types are supported:
    1. (self: _dlib_pybind11.face_recognition_model_v1, img: numpy.ndarray[(rows,cols,3),numpy.uint8], face: _dlib_pybind11.full_object_detection, num_jitters: int = 0, padding: float = 0.25) -> _dlib_pybind11.vector
    2. (self: _dlib_pybind11.face_recognition_model_v1, img: numpy.ndarray[(rows,cols,3),numpy.uint8], num_jitters: int = 0) -> _dlib_pybind11.vector
    3. (self: _dlib_pybind11.face_recognition_model_v1, img: numpy.ndarray[(rows,cols,3),numpy.uint8], faces: _dlib_pybind11.full_object_detections, num_jitters: int = 0, padding: float = 0.25) -> _dlib_pybind11.vectors
    4. (self: _dlib_pybind11.face_recognition_model_v1, batch_img: list[numpy.ndarray[(rows,cols,3),numpy.uint8]], batch_faces: list[_dlib_pybind11.full_object_detections], num_jitters: int = 0, padding: float = 0.25) -> _dlib_pybind11.vectorss
    5. (self: _dlib_pybind11.face_recognition_model_v1, batch_img: list[numpy.ndarray[(rows,cols,3),numpy.uint8]], num_jitters: int = 0) -> _dlib_pybind11.vectors

Invoked with: <_dlib_pybind11.face_recognition_model_v1 object at 0x111dd6070>, array([[[251, 253, 252],
        [251, 253, 252],
        [251, 253, 252],
        ...,
        [229, 179, 103],
        [227, 182, 109],
        [229, 184, 109]],

       [[251, 253, 252],
        [251, 253, 252],
        [251, 253, 252],
        ...,
        [228, 180, 103],
        [229, 184, 110],
        [229, 184, 109]],

       [[251, 253, 252],
        [251, 253, 252],
        [251, 253, 252],
        ...,
        [228, 180, 102],
        [227, 182, 109],
        [229, 184, 109]],

       ...,

       [[222, 149, 163],
        [220, 147, 160],
        [217, 144, 156],
        ...,
        [175, 102, 116],
        [176, 103, 117],
        [176, 103, 117]],

       [[220, 147, 161],
        [218, 145, 158],
        [216, 142, 154],
        ...,
        [176, 103, 117],
        [176, 103, 117],
        [176, 103, 117]],

       [[218, 145, 158],
        [217, 143, 156],
        [217, 142, 154],
        ...,
        [176, 103, 117],
        [176, 103, 117],
        [176, 103, 117]]], shape=(308, 312, 3), dtype=uint8), <_dlib_pybind11.full_object_detection object at 0x1119804b0>, 1. Falling back to full frame.
2026-05-30 09:31:36 - EncodingCache - WARNING - Failed to generate encoding on crop: compute_face_descriptor(): incompatible function arguments. The following argument types are supported:
    1. (self: _dlib_pybind11.face_recognition_model_v1, img: numpy.ndarray[(rows,cols,3),numpy.uint8], face: _dlib_pybind11.full_object_detection, num_jitters: int = 0, padding: float = 0.25) -> _dlib_pybind11.vector
    2. (self: _dlib_pybind11.face_recognition_model_v1, img: numpy.ndarray[(rows,cols,3),numpy.uint8], num_jitters: int = 0) -> _dlib_pybind11.vector
    3. (self: _dlib_pybind11.face_recognition_model_v1, img: numpy.ndarray[(rows,cols,3),numpy.uint8], faces: _dlib_pybind11.full_object_detections, num_jitters: int = 0, padding: float = 0.25) -> _dlib_pybind11.vectors
    4. (self: _dlib_pybind11.face_recognition_model_v1, batch_img: list[numpy.ndarray[(rows,cols,3),numpy.uint8]], batch_faces: list[_dlib_pybind11.full_object_detections], num_jitters: int = 0, padding: float = 0.25) -> _dlib_pybind11.vectorss
    5. (self: _dlib_pybind11.face_recognition_model_v1, batch_img: list[numpy.ndarray[(rows,cols,3),numpy.uint8]], num_jitters: int = 0) -> _dlib_pybind11.vectors

Invoked with: <_dlib_pybind11.face_recognition_model_v1 object at 0x111dd6070>, array([[[201, 161, 109],
        [200, 161, 110],
        [199, 161, 111],
        ...,
        [ 81,  78,  68],
        [ 82,  79,  68],
        [ 82,  79,  68]],

       [[201, 161, 109],
        [200, 160, 109],
        [199, 160, 110],
        ...,
        [ 81,  78,  68],
        [ 82,  79,  68],
        [ 81,  78,  67]],

       [[201, 161, 109],
        [200, 160, 109],
        [200, 160, 110],
        ...,
        [ 81,  78,  68],
        [ 82,  79,  68],
        [ 82,  79,  68]],

       ...,

       [[ 44,  35,  26],
        [ 47,  37,  27],
        [ 52,  40,  30],
        ...,
        [115,  87,  65],
        [114,  86,  65],
        [114,  86,  65]],

       [[ 40,  32,  25],
        [ 43,  33,  25],
        [ 49,  36,  27],
        ...,
        [111,  84,  64],
        [110,  82,  64],
        [109,  81,  62]],

       [[ 37,  29,  22],
        [ 41,  31,  23],
        [ 44,  33,  24],
        ...,
        [110,  84,  65],
        [108,  81,  64],
        [106,  79,  62]]], shape=(492, 486, 3), dtype=uint8), <_dlib_pybind11.full_object_detection object at 0x11192b6f0>, 1. Falling back to full frame.
2026-05-30 09:31:36 - EncodingCache - WARNING - Failed to generate encoding on crop: compute_face_descriptor(): incompatible function arguments. The following argument types are supported:
    1. (self: _dlib_pybind11.face_recognition_model_v1, img: numpy.ndarray[(rows,cols,3),numpy.uint8], face: _dlib_pybind11.full_object_detection, num_jitters: int = 0, padding: float = 0.25) -> _dlib_pybind11.vector
    2. (self: _dlib_pybind11.face_recognition_model_v1, img: numpy.ndarray[(rows,cols,3),numpy.uint8], num_jitters: int = 0) -> _dlib_pybind11.vector
    3. (self: _dlib_pybind11.face_recognition_model_v1, img: numpy.ndarray[(rows,cols,3),numpy.uint8], faces: _dlib_pybind11.full_object_detections, num_jitters: int = 0, padding: float = 0.25) -> _dlib_pybind11.vectors
    4. (self: _dlib_pybind11.face_recognition_model_v1, batch_img: list[numpy.ndarray[(rows,cols,3),numpy.uint8]], batch_faces: list[_dlib_pybind11.full_object_detections], num_jitters: int = 0, padding: float = 0.25) -> _dlib_pybind11.vectorss
    5. (self: _dlib_pybind11.face_recognition_model_v1, batch_img: list[numpy.ndarray[(rows,cols,3),numpy.uint8]], num_jitters: int = 0) -> _dlib_pybind11.vectors

Invoked with: <_dlib_pybind11.face_recognition_model_v1 object at 0x111dd6070>, array([[[208, 176, 137],
        [208, 176, 137],
        [208, 176, 137],
        ...,
        [ 80,  74,  74],
        [ 80,  74,  75],
        [ 80,  74,  75]],

       [[207, 174, 135],
        [207, 174, 135],
        [207, 174, 135],
        ...,
        [ 79,  73,  72],
        [ 80,  74,  74],
        [ 80,  74,  74]],

       [[207, 175, 134],
        [207, 175, 134],
        [207, 175, 134],
        ...,
        [ 79,  73,  72],
        [ 79,  73,  72],
        [ 79,  73,  72]],

       ...,

       [[ 52,  64,  59],
        [ 52,  64,  59],
        [ 52,  64,  59],
        ...,
        [218, 173, 135],
        [218, 173, 135],
        [218, 173, 135]],

       [[ 53,  66,  60],
        [ 55,  67,  61],
        [ 55,  67,  61],
        ...,
        [217, 173, 135],
        [217, 173, 135],
        [217, 173, 135]],

       [[ 56,  68,  63],
        [ 56,  68,  63],
        [ 57,  69,  64],
        ...,
        [217, 173, 135],
        [217, 173, 135],
        [218, 174, 136]]], shape=(576, 534, 3), dtype=uint8), <_dlib_pybind11.full_object_detection object at 0x1119804b0>, 1. Falling back to full frame.
2026-05-30 09:31:36 - EncodingCache - WARNING - Failed to generate encoding on crop: compute_face_descriptor(): incompatible function arguments. The following argument types are supported:
    1. (self: _dlib_pybind11.face_recognition_model_v1, img: numpy.ndarray[(rows,cols,3),numpy.uint8], face: _dlib_pybind11.full_object_detection, num_jitters: int = 0, padding: float = 0.25) -> _dlib_pybind11.vector
    2. (self: _dlib_pybind11.face_recognition_model_v1, img: numpy.ndarray[(rows,cols,3),numpy.uint8], num_jitters: int = 0) -> _dlib_pybind11.vector
    3. (self: _dlib_pybind11.face_recognition_model_v1, img: numpy.ndarray[(rows,cols,3),numpy.uint8], faces: _dlib_pybind11.full_object_detections, num_jitters: int = 0, padding: float = 0.25) -> _dlib_pybind11.vectors
    4. (self: _dlib_pybind11.face_recognition_model_v1, batch_img: list[numpy.ndarray[(rows,cols,3),numpy.uint8]], batch_faces: list[_dlib_pybind11.full_object_detections], num_jitters: int = 0, padding: float = 0.25) -> _dlib_pybind11.vectorss
    5. (self: _dlib_pybind11.face_recognition_model_v1, batch_img: list[numpy.ndarray[(rows,cols,3),numpy.uint8]], num_jitters: int = 0) -> _dlib_pybind11.vectors

Invoked with: <_dlib_pybind11.face_recognition_model_v1 object at 0x111dd6070>, array([[[211, 211, 209],
        [209, 209, 204],
        [197, 196, 189],
        ...,
        [ 36,  30,  25],
        [ 35,  29,  24],
        [ 34,  28,  22]],

       [[212, 212, 210],
        [208, 208, 203],
        [194, 193, 186],
        ...,
        [ 35,  29,  24],
        [ 35,  29,  24],
        [ 34,  28,  22]],

       [[212, 212, 210],
        [207, 207, 202],
        [193, 191, 185],
        ...,
        [ 35,  29,  24],
        [ 34,  28,  22],
        [ 34,  28,  22]],

       ...,

       [[211, 207, 187],
        [213, 208, 188],
        [211, 207, 187],
        ...,
        [123,  78,  52],
        [124,  79,  53],
        [124,  79,  53]],

       [[211, 207, 187],
        [211, 207, 187],
        [211, 207, 187],
        ...,
        [123,  78,  52],
        [124,  79,  53],
        [124,  79,  53]],

       [[211, 207, 187],
        [212, 207, 187],
        [212, 207, 187],
        ...,
        [123,  78,  52],
        [124,  79,  53],
        [124,  79,  53]]], shape=(264, 268, 3), dtype=uint8), <_dlib_pybind11.full_object_detection object at 0x11213c6f0>, 1. Falling back to full frame.
2026-05-30 09:31:37 - EncodingCache - WARNING - Failed to generate encoding on crop: compute_face_descriptor(): incompatible function arguments. The following argument types are supported:
    1. (self: _dlib_pybind11.face_recognition_model_v1, img: numpy.ndarray[(rows,cols,3),numpy.uint8], face: _dlib_pybind11.full_object_detection, num_jitters: int = 0, padding: float = 0.25) -> _dlib_pybind11.vector
    2. (self: _dlib_pybind11.face_recognition_model_v1, img: numpy.ndarray[(rows,cols,3),numpy.uint8], num_jitters: int = 0) -> _dlib_pybind11.vector
    3. (self: _dlib_pybind11.face_recognition_model_v1, img: numpy.ndarray[(rows,cols,3),numpy.uint8], faces: _dlib_pybind11.full_object_detections, num_jitters: int = 0, padding: float = 0.25) -> _dlib_pybind11.vectors
    4. (self: _dlib_pybind11.face_recognition_model_v1, batch_img: list[numpy.ndarray[(rows,cols,3),numpy.uint8]], batch_faces: list[_dlib_pybind11.full_object_detections], num_jitters: int = 0, padding: float = 0.25) -> _dlib_pybind11.vectorss
    5. (self: _dlib_pybind11.face_recognition_model_v1, batch_img: list[numpy.ndarray[(rows,cols,3),numpy.uint8]], num_jitters: int = 0) -> _dlib_pybind11.vectors

Invoked with: <_dlib_pybind11.face_recognition_model_v1 object at 0x111dd6070>, array([[[209, 176, 141],
        [209, 177, 140],
        [209, 177, 139],
        ...,
        [ 83,  76,  75],
        [ 84,  78,  76],
        [ 84,  78,  76]],

       [[209, 176, 141],
        [209, 177, 140],
        [208, 176, 137],
        ...,
        [ 83,  76,  75],
        [ 83,  76,  75],
        [ 84,  78,  76]],

       [[208, 175, 139],
        [208, 175, 138],
        [208, 176, 137],
        ...,
        [ 83,  76,  75],
        [ 83,  76,  75],
        [ 83,  76,  75]],

       ...,

       [[ 59,  68,  64],
        [ 60,  70,  64],
        [ 60,  70,  63],
        ...,
        [222, 174, 140],
        [223, 176, 141],
        [223, 176, 141]],

       [[ 60,  70,  65],
        [ 61,  71,  65],
        [ 61,  71,  64],
        ...,
        [221, 175, 140],
        [221, 175, 140],
        [221, 175, 140]],

       [[ 61,  71,  65],
        [ 61,  71,  64],
        [ 61,  71,  64],
        ...,
        [220, 174, 139],
        [220, 174, 139],
        [220, 174, 139]]], shape=(576, 534, 3), dtype=uint8), <_dlib_pybind11.full_object_detection object at 0x1119830b0>, 1. Falling back to full frame.
2026-05-30 09:31:37 - EncodingCache - WARNING - Failed to generate encoding on crop: compute_face_descriptor(): incompatible function arguments. The following argument types are supported:
    1. (self: _dlib_pybind11.face_recognition_model_v1, img: numpy.ndarray[(rows,cols,3),numpy.uint8], face: _dlib_pybind11.full_object_detection, num_jitters: int = 0, padding: float = 0.25) -> _dlib_pybind11.vector
    2. (self: _dlib_pybind11.face_recognition_model_v1, img: numpy.ndarray[(rows,cols,3),numpy.uint8], num_jitters: int = 0) -> _dlib_pybind11.vector
    3. (self: _dlib_pybind11.face_recognition_model_v1, img: numpy.ndarray[(rows,cols,3),numpy.uint8], faces: _dlib_pybind11.full_object_detections, num_jitters: int = 0, padding: float = 0.25) -> _dlib_pybind11.vectors
    4. (self: _dlib_pybind11.face_recognition_model_v1, batch_img: list[numpy.ndarray[(rows,cols,3),numpy.uint8]], batch_faces: list[_dlib_pybind11.full_object_detections], num_jitters: int = 0, padding: float = 0.25) -> _dlib_pybind11.vectorss
    5. (self: _dlib_pybind11.face_recognition_model_v1, batch_img: list[numpy.ndarray[(rows,cols,3),numpy.uint8]], num_jitters: int = 0) -> _dlib_pybind11.vectors

Invoked with: <_dlib_pybind11.face_recognition_model_v1 object at 0x111dd6070>, array([[[208, 175, 139],
        [208, 175, 139],
        [208, 175, 139],
        ...,
        [ 83,  79,  78],
        [ 83,  79,  78],
        [ 82,  78,  76]],

       [[208, 175, 138],
        [207, 174, 137],
        [207, 174, 137],
        ...,
        [ 83,  79,  78],
        [ 83,  79,  78],
        [ 82,  78,  76]],

       [[207, 174, 136],
        [207, 174, 136],
        [207, 174, 136],
        ...,
        [ 83,  79,  78],
        [ 83,  79,  78],
        [ 82,  78,  76]],

       ...,

       [[ 61,  71,  66],
        [ 62,  72,  67],
        [ 62,  72,  66],
        ...,
        [223, 176, 141],
        [223, 176, 141],
        [223, 176, 141]],

       [[ 62,  72,  67],
        [ 62,  72,  66],
        [ 62,  72,  65],
        ...,
        [222, 176, 141],
        [221, 175, 140],
        [221, 175, 140]],

       [[ 62,  72,  66],
        [ 62,  72,  66],
        [ 62,  72,  65],
        ...,
        [222, 176, 141],
        [221, 175, 140],
        [221, 175, 140]]], shape=(576, 534, 3), dtype=uint8), <_dlib_pybind11.full_object_detection object at 0x1119809f0>, 1. Falling back to full frame.
2026-05-30 09:31:37 - EncodingCache - WARNING - Failed to generate encoding on crop: compute_face_descriptor(): incompatible function arguments. The following argument types are supported:
    1. (self: _dlib_pybind11.face_recognition_model_v1, img: numpy.ndarray[(rows,cols,3),numpy.uint8], face: _dlib_pybind11.full_object_detection, num_jitters: int = 0, padding: float = 0.25) -> _dlib_pybind11.vector
    2. (self: _dlib_pybind11.face_recognition_model_v1, img: numpy.ndarray[(rows,cols,3),numpy.uint8], num_jitters: int = 0) -> _dlib_pybind11.vector
    3. (self: _dlib_pybind11.face_recognition_model_v1, img: numpy.ndarray[(rows,cols,3),numpy.uint8], faces: _dlib_pybind11.full_object_detections, num_jitters: int = 0, padding: float = 0.25) -> _dlib_pybind11.vectors
    4. (self: _dlib_pybind11.face_recognition_model_v1, batch_img: list[numpy.ndarray[(rows,cols,3),numpy.uint8]], batch_faces: list[_dlib_pybind11.full_object_detections], num_jitters: int = 0, padding: float = 0.25) -> _dlib_pybind11.vectorss
    5. (self: _dlib_pybind11.face_recognition_model_v1, batch_img: list[numpy.ndarray[(rows,cols,3),numpy.uint8]], num_jitters: int = 0) -> _dlib_pybind11.vectors

Invoked with: <_dlib_pybind11.face_recognition_model_v1 object at 0x111dd6070>, array([[[208, 175, 139],
        [207, 174, 138],
        [207, 174, 138],
        ...,
        [ 68,  59,  54],
        [ 68,  60,  55],
        [ 68,  60,  55]],

       [[207, 174, 137],
        [207, 174, 137],
        [207, 174, 137],
        ...,
        [ 67,  57,  53],
        [ 68,  58,  55],
        [ 69,  60,  56]],

       [[206, 173, 135],
        [205, 172, 134],
        [205, 172, 134],
        ...,
        [ 68,  57,  54],
        [ 68,  57,  55],
        [ 69,  58,  56]],

       ...,

       [[ 62,  72,  67],
        [ 62,  72,  67],
        [ 62,  72,  66],
        ...,
        [220, 172, 136],
        [222, 173, 137],
        [222, 173, 137]],

       [[ 62,  72,  67],
        [ 62,  72,  66],
        [ 62,  72,  65],
        ...,
        [218, 171, 134],
        [221, 172, 135],
        [222, 173, 136]],

       [[ 62,  72,  66],
        [ 62,  72,  66],
        [ 62,  72,  65],
        ...,
        [219, 171, 135],
        [219, 171, 135],
        [222, 173, 137]]], shape=(576, 534, 3), dtype=uint8), <_dlib_pybind11.full_object_detection object at 0x11213c570>, 1. Falling back to full frame.
2026-05-30 09:31:38 - EncodingCache - WARNING - Failed to generate encoding on crop: compute_face_descriptor(): incompatible function arguments. The following argument types are supported:
    1. (self: _dlib_pybind11.face_recognition_model_v1, img: numpy.ndarray[(rows,cols,3),numpy.uint8], face: _dlib_pybind11.full_object_detection, num_jitters: int = 0, padding: float = 0.25) -> _dlib_pybind11.vector
    2. (self: _dlib_pybind11.face_recognition_model_v1, img: numpy.ndarray[(rows,cols,3),numpy.uint8], num_jitters: int = 0) -> _dlib_pybind11.vector
    3. (self: _dlib_pybind11.face_recognition_model_v1, img: numpy.ndarray[(rows,cols,3),numpy.uint8], faces: _dlib_pybind11.full_object_detections, num_jitters: int = 0, padding: float = 0.25) -> _dlib_pybind11.vectors
    4. (self: _dlib_pybind11.face_recognition_model_v1, batch_img: list[numpy.ndarray[(rows,cols,3),numpy.uint8]], batch_faces: list[_dlib_pybind11.full_object_detections], num_jitters: int = 0, padding: float = 0.25) -> _dlib_pybind11.vectorss
    5. (self: _dlib_pybind11.face_recognition_model_v1, batch_img: list[numpy.ndarray[(rows,cols,3),numpy.uint8]], num_jitters: int = 0) -> _dlib_pybind11.vectors

Invoked with: <_dlib_pybind11.face_recognition_model_v1 object at 0x111dd6070>, array([[[203, 202, 195],
        [203, 202, 195],
        [203, 202, 195],
        ...,
        [182, 142,  94],
        [188, 149, 103],
        [189, 156, 112]],

       [[203, 202, 195],
        [203, 202, 196],
        [203, 202, 196],
        ...,
        [180, 141,  93],
        [187, 150, 103],
        [189, 156, 112]],

       [[203, 202, 195],
        [203, 202, 196],
        [203, 202, 197],
        ...,
        [182, 144,  96],
        [187, 151, 105],
        [188, 155, 111]],

       ...,

       [[156, 122, 101],
        [157, 123, 102],
        [163, 127, 107],
        ...,
        [116,  67,  72],
        [116,  67,  73],
        [113,  64,  71]],

       [[153, 121, 101],
        [157, 124, 104],
        [162, 127, 108],
        ...,
        [118,  68,  73],
        [117,  66,  73],
        [114,  64,  71]],

       [[152, 121, 102],
        [155, 123, 104],
        [160, 128, 109],
        ...,
        [119,  67,  73],
        [118,  66,  72],
        [115,  64,  70]]], shape=(268, 268, 3), dtype=uint8), <_dlib_pybind11.full_object_detection object at 0x11213c7b0>, 1. Falling back to full frame.
2026-05-30 09:31:38 - EncodingCache - WARNING - Failed to generate encoding on crop: compute_face_descriptor(): incompatible function arguments. The following argument types are supported:
    1. (self: _dlib_pybind11.face_recognition_model_v1, img: numpy.ndarray[(rows,cols,3),numpy.uint8], face: _dlib_pybind11.full_object_detection, num_jitters: int = 0, padding: float = 0.25) -> _dlib_pybind11.vector
    2. (self: _dlib_pybind11.face_recognition_model_v1, img: numpy.ndarray[(rows,cols,3),numpy.uint8], num_jitters: int = 0) -> _dlib_pybind11.vector
    3. (self: _dlib_pybind11.face_recognition_model_v1, img: numpy.ndarray[(rows,cols,3),numpy.uint8], faces: _dlib_pybind11.full_object_detections, num_jitters: int = 0, padding: float = 0.25) -> _dlib_pybind11.vectors
    4. (self: _dlib_pybind11.face_recognition_model_v1, batch_img: list[numpy.ndarray[(rows,cols,3),numpy.uint8]], batch_faces: list[_dlib_pybind11.full_object_detections], num_jitters: int = 0, padding: float = 0.25) -> _dlib_pybind11.vectorss
    5. (self: _dlib_pybind11.face_recognition_model_v1, batch_img: list[numpy.ndarray[(rows,cols,3),numpy.uint8]], num_jitters: int = 0) -> _dlib_pybind11.vectors

Invoked with: <_dlib_pybind11.face_recognition_model_v1 object at 0x111dd6070>, array([[[206, 173, 135],
        [206, 173, 135],
        [206, 173, 135],
        ...,
        [ 53,  42,  40],
        [ 54,  43,  41],
        [ 55,  44,  42]],

       [[205, 172, 134],
        [205, 172, 133],
        [204, 171, 132],
        ...,
        [ 54,  43,  41],
        [ 54,  43,  41],
        [ 55,  44,  42]],

       [[205, 172, 134],
        [204, 171, 132],
        [205, 171, 131],
        ...,
        [ 54,  42,  40],
        [ 54,  43,  41],
        [ 55,  44,  42]],

       ...,

       [[ 56,  66,  60],
        [ 58,  67,  61],
        [ 58,  67,  61],
        ...,
        [221, 172, 135],
        [221, 172, 135],
        [221, 172, 135]],

       [[ 56,  66,  59],
        [ 59,  69,  62],
        [ 59,  69,  62],
        ...,
        [221, 172, 135],
        [221, 172, 135],
        [221, 172, 135]],

       [[ 58,  68,  60],
        [ 59,  69,  62],
        [ 59,  69,  62],
        ...,
        [219, 171, 135],
        [219, 171, 135],
        [219, 171, 135]]], shape=(576, 534, 3), dtype=uint8), <_dlib_pybind11.full_object_detection object at 0x111939cb0>, 1. Falling back to full frame.
2026-05-30 09:31:38 - EncodingCache - WARNING - Failed to generate encoding on crop: compute_face_descriptor(): incompatible function arguments. The following argument types are supported:
    1. (self: _dlib_pybind11.face_recognition_model_v1, img: numpy.ndarray[(rows,cols,3),numpy.uint8], face: _dlib_pybind11.full_object_detection, num_jitters: int = 0, padding: float = 0.25) -> _dlib_pybind11.vector
    2. (self: _dlib_pybind11.face_recognition_model_v1, img: numpy.ndarray[(rows,cols,3),numpy.uint8], num_jitters: int = 0) -> _dlib_pybind11.vector
    3. (self: _dlib_pybind11.face_recognition_model_v1, img: numpy.ndarray[(rows,cols,3),numpy.uint8], faces: _dlib_pybind11.full_object_detections, num_jitters: int = 0, padding: float = 0.25) -> _dlib_pybind11.vectors
    4. (self: _dlib_pybind11.face_recognition_model_v1, batch_img: list[numpy.ndarray[(rows,cols,3),numpy.uint8]], batch_faces: list[_dlib_pybind11.full_object_detections], num_jitters: int = 0, padding: float = 0.25) -> _dlib_pybind11.vectorss
    5. (self: _dlib_pybind11.face_recognition_model_v1, batch_img: list[numpy.ndarray[(rows,cols,3),numpy.uint8]], num_jitters: int = 0) -> _dlib_pybind11.vectors

Invoked with: <_dlib_pybind11.face_recognition_model_v1 object at 0x111dd6070>, array([[[252, 255, 254],
        [252, 254, 255],
        [252, 254, 255],
        ...,
        [192, 175, 127],
        [187, 176, 128],
        [188, 177, 131]],

       [[252, 255, 254],
        [252, 254, 255],
        [252, 254, 255],
        ...,
        [193, 176, 130],
        [187, 176, 130],
        [190, 180, 134]],

       [[252, 255, 254],
        [252, 254, 255],
        [252, 254, 255],
        ...,
        [192, 175, 130],
        [185, 174, 128],
        [191, 179, 134]],

       ...,

       [[255, 254, 252],
        [255, 254, 253],
        [254, 252, 252],
        ...,
        [ 38,  19,  21],
        [ 36,  18,  20],
        [ 35,  18,  20]],

       [[255, 254, 252],
        [255, 254, 253],
        [255, 253, 254],
        ...,
        [ 41,  20,  22],
        [ 39,  19,  21],
        [ 36,  18,  20]],

       [[255, 254, 252],
        [255, 254, 253],
        [255, 253, 254],
        ...,
        [ 42,  19,  21],
        [ 40,  18,  20],
        [ 38,  19,  20]]], shape=(268, 268, 3), dtype=uint8), <_dlib_pybind11.full_object_detection object at 0x11213c0f0>, 1. Falling back to full frame.
2026-05-30 09:31:38 - EncodingCache - WARNING - Failed to generate encoding on crop: compute_face_descriptor(): incompatible function arguments. The following argument types are supported:
    1. (self: _dlib_pybind11.face_recognition_model_v1, img: numpy.ndarray[(rows,cols,3),numpy.uint8], face: _dlib_pybind11.full_object_detection, num_jitters: int = 0, padding: float = 0.25) -> _dlib_pybind11.vector
    2. (self: _dlib_pybind11.face_recognition_model_v1, img: numpy.ndarray[(rows,cols,3),numpy.uint8], num_jitters: int = 0) -> _dlib_pybind11.vector
    3. (self: _dlib_pybind11.face_recognition_model_v1, img: numpy.ndarray[(rows,cols,3),numpy.uint8], faces: _dlib_pybind11.full_object_detections, num_jitters: int = 0, padding: float = 0.25) -> _dlib_pybind11.vectors
    4. (self: _dlib_pybind11.face_recognition_model_v1, batch_img: list[numpy.ndarray[(rows,cols,3),numpy.uint8]], batch_faces: list[_dlib_pybind11.full_object_detections], num_jitters: int = 0, padding: float = 0.25) -> _dlib_pybind11.vectorss
    5. (self: _dlib_pybind11.face_recognition_model_v1, batch_img: list[numpy.ndarray[(rows,cols,3),numpy.uint8]], num_jitters: int = 0) -> _dlib_pybind11.vectors

Invoked with: <_dlib_pybind11.face_recognition_model_v1 object at 0x111dd6070>, array([[[208, 173, 135],
        [208, 173, 134],
        [206, 172, 132],
        ...,
        [ 52,  39,  35],
        [ 52,  39,  35],
        [ 51,  38,  34]],

       [[206, 172, 134],
        [205, 170, 132],
        [205, 171, 131],
        ...,
        [ 52,  39,  35],
        [ 52,  39,  35],
        [ 52,  39,  35]],

       [[205, 170, 133],
        [205, 170, 132],
        [204, 169, 129],
        ...,
        [ 52,  39,  35],
        [ 52,  39,  35],
        [ 52,  39,  35]],

       ...,

       [[ 55,  65,  59],
        [ 55,  65,  59],
        [ 55,  65,  59],
        ...,
        [219, 173, 135],
        [219, 173, 135],
        [219, 173, 135]],

       [[ 55,  65,  58],
        [ 55,  65,  58],
        [ 56,  66,  59],
        ...,
        [218, 171, 134],
        [219, 173, 135],
        [219, 173, 135]],

       [[ 55,  65,  58],
        [ 56,  66,  59],
        [ 58,  68,  60],
        ...,
        [218, 171, 134],
        [218, 171, 134],
        [218, 171, 134]]], shape=(576, 534, 3), dtype=uint8), <_dlib_pybind11.full_object_detection object at 0x111958bf0>, 1. Falling back to full frame.
2026-05-30 09:31:39 - EncodingCache - WARNING - Failed to generate encoding on crop: compute_face_descriptor(): incompatible function arguments. The following argument types are supported:
    1. (self: _dlib_pybind11.face_recognition_model_v1, img: numpy.ndarray[(rows,cols,3),numpy.uint8], face: _dlib_pybind11.full_object_detection, num_jitters: int = 0, padding: float = 0.25) -> _dlib_pybind11.vector
    2. (self: _dlib_pybind11.face_recognition_model_v1, img: numpy.ndarray[(rows,cols,3),numpy.uint8], num_jitters: int = 0) -> _dlib_pybind11.vector
    3. (self: _dlib_pybind11.face_recognition_model_v1, img: numpy.ndarray[(rows,cols,3),numpy.uint8], faces: _dlib_pybind11.full_object_detections, num_jitters: int = 0, padding: float = 0.25) -> _dlib_pybind11.vectors
    4. (self: _dlib_pybind11.face_recognition_model_v1, batch_img: list[numpy.ndarray[(rows,cols,3),numpy.uint8]], batch_faces: list[_dlib_pybind11.full_object_detections], num_jitters: int = 0, padding: float = 0.25) -> _dlib_pybind11.vectorss
    5. (self: _dlib_pybind11.face_recognition_model_v1, batch_img: list[numpy.ndarray[(rows,cols,3),numpy.uint8]], num_jitters: int = 0) -> _dlib_pybind11.vectors

Invoked with: <_dlib_pybind11.face_recognition_model_v1 object at 0x111dd6070>, array([[[205, 170, 133],
        [205, 170, 132],
        [205, 171, 131],
        ...,
        [ 49,  39,  32],
        [ 49,  39,  32],
        [ 49,  39,  32]],

       [[205, 170, 132],
        [205, 171, 131],
        [205, 171, 131],
        ...,
        [ 50,  39,  32],
        [ 49,  37,  31],
        [ 50,  39,  32]],

       [[205, 171, 131],
        [205, 171, 131],
        [205, 171, 131],
        ...,
        [ 51,  38,  32],
        [ 51,  38,  32],
        [ 51,  38,  32]],

       ...,

       [[ 55,  65,  59],
        [ 55,  65,  59],
        [ 55,  65,  59],
        ...,
        [220, 172, 135],
        [220, 172, 135],
        [221, 173, 136]],

       [[ 55,  65,  58],
        [ 55,  65,  58],
        [ 55,  65,  58],
        ...,
        [221, 172, 135],
        [221, 172, 135],
        [222, 173, 136]],

       [[ 55,  65,  58],
        [ 56,  66,  59],
        [ 56,  66,  59],
        ...,
        [220, 172, 135],
        [221, 172, 135],
        [222, 173, 136]]], shape=(576, 534, 3), dtype=uint8), <_dlib_pybind11.full_object_detection object at 0x111929530>, 1. Falling back to full frame.
2026-05-30 09:31:39 - EncodingCache - WARNING - Failed to generate encoding on crop: compute_face_descriptor(): incompatible function arguments. The following argument types are supported:
    1. (self: _dlib_pybind11.face_recognition_model_v1, img: numpy.ndarray[(rows,cols,3),numpy.uint8], face: _dlib_pybind11.full_object_detection, num_jitters: int = 0, padding: float = 0.25) -> _dlib_pybind11.vector
    2. (self: _dlib_pybind11.face_recognition_model_v1, img: numpy.ndarray[(rows,cols,3),numpy.uint8], num_jitters: int = 0) -> _dlib_pybind11.vector
    3. (self: _dlib_pybind11.face_recognition_model_v1, img: numpy.ndarray[(rows,cols,3),numpy.uint8], faces: _dlib_pybind11.full_object_detections, num_jitters: int = 0, padding: float = 0.25) -> _dlib_pybind11.vectors
    4. (self: _dlib_pybind11.face_recognition_model_v1, batch_img: list[numpy.ndarray[(rows,cols,3),numpy.uint8]], batch_faces: list[_dlib_pybind11.full_object_detections], num_jitters: int = 0, padding: float = 0.25) -> _dlib_pybind11.vectorss
    5. (self: _dlib_pybind11.face_recognition_model_v1, batch_img: list[numpy.ndarray[(rows,cols,3),numpy.uint8]], num_jitters: int = 0) -> _dlib_pybind11.vectors

Invoked with: <_dlib_pybind11.face_recognition_model_v1 object at 0x111dd6070>, array([[[252, 255, 254],
        [252, 255, 254],
        [252, 255, 254],
        ...,
        [246, 193,  96],
        [246, 194,  99],
        [246, 196, 101]],

       [[251, 253, 252],
        [252, 255, 254],
        [252, 255, 254],
        ...,
        [246, 193,  96],
        [246, 194,  99],
        [244, 194, 100]],

       [[251, 253, 252],
        [252, 255, 254],
        [252, 255, 254],
        ...,
        [246, 193,  96],
        [246, 194,  99],
        [244, 194, 100]],

       ...,

       [[220, 151, 165],
        [221, 151, 165],
        [221, 150, 163],
        ...,
        [ 25,  18,  17],
        [ 27,  19,  18],
        [ 27,  19,  18]],

       [[220, 151, 165],
        [221, 151, 165],
        [220, 148, 162],
        ...,
        [ 26,  20,  18],
        [ 25,  18,  17],
        [ 26,  18,  17]],

       [[220, 151, 166],
        [221, 151, 165],
        [220, 148, 162],
        ...,
        [ 26,  20,  18],
        [ 25,  18,  17],
        [ 25,  18,  17]]], shape=(308, 312, 3), dtype=uint8), <_dlib_pybind11.full_object_detection object at 0x11213c4f0>, 1. Falling back to full frame.
2026-05-30 09:31:39 - EncodingCache - WARNING - Failed to generate encoding on crop: compute_face_descriptor(): incompatible function arguments. The following argument types are supported:
    1. (self: _dlib_pybind11.face_recognition_model_v1, img: numpy.ndarray[(rows,cols,3),numpy.uint8], face: _dlib_pybind11.full_object_detection, num_jitters: int = 0, padding: float = 0.25) -> _dlib_pybind11.vector
    2. (self: _dlib_pybind11.face_recognition_model_v1, img: numpy.ndarray[(rows,cols,3),numpy.uint8], num_jitters: int = 0) -> _dlib_pybind11.vector
    3. (self: _dlib_pybind11.face_recognition_model_v1, img: numpy.ndarray[(rows,cols,3),numpy.uint8], faces: _dlib_pybind11.full_object_detections, num_jitters: int = 0, padding: float = 0.25) -> _dlib_pybind11.vectors
    4. (self: _dlib_pybind11.face_recognition_model_v1, batch_img: list[numpy.ndarray[(rows,cols,3),numpy.uint8]], batch_faces: list[_dlib_pybind11.full_object_detections], num_jitters: int = 0, padding: float = 0.25) -> _dlib_pybind11.vectorss
    5. (self: _dlib_pybind11.face_recognition_model_v1, batch_img: list[numpy.ndarray[(rows,cols,3),numpy.uint8]], num_jitters: int = 0) -> _dlib_pybind11.vectors

Invoked with: <_dlib_pybind11.face_recognition_model_v1 object at 0x111dd6070>, array([[[210, 178, 140],
        [209, 177, 140],
        [209, 176, 141],
        ...,
        [ 64,  58,  53],
        [ 63,  57,  51],
        [ 64,  58,  53]],

       [[209, 177, 139],
        [209, 177, 139],
        [209, 177, 140],
        ...,
        [ 62,  56,  50],
        [ 63,  57,  51],
        [ 64,  58,  53]],

       [[209, 177, 139],
        [209, 177, 139],
        [209, 177, 139],
        ...,
        [ 63,  57,  51],
        [ 63,  57,  51],
        [ 63,  57,  51]],

       ...,

       [[ 53,  66,  59],
        [ 53,  66,  59],
        [ 53,  66,  59],
        ...,
        [227, 179, 142],
        [227, 179, 142],
        [227, 179, 142]],

       [[ 53,  66,  58],
        [ 53,  66,  58],
        [ 53,  66,  58],
        ...,
        [227, 179, 142],
        [227, 179, 142],
        [227, 179, 142]],

       [[ 55,  67,  59],
        [ 55,  67,  59],
        [ 53,  66,  58],
        ...,
        [228, 179, 142],
        [228, 179, 142],
        [228, 179, 142]]], shape=(576, 534, 3), dtype=uint8), <_dlib_pybind11.full_object_detection object at 0x11213c770>, 1. Falling back to full frame.
2026-05-30 09:31:40 - EncodingCache - WARNING - Failed to generate encoding on crop: compute_face_descriptor(): incompatible function arguments. The following argument types are supported:
    1. (self: _dlib_pybind11.face_recognition_model_v1, img: numpy.ndarray[(rows,cols,3),numpy.uint8], face: _dlib_pybind11.full_object_detection, num_jitters: int = 0, padding: float = 0.25) -> _dlib_pybind11.vector
    2. (self: _dlib_pybind11.face_recognition_model_v1, img: numpy.ndarray[(rows,cols,3),numpy.uint8], num_jitters: int = 0) -> _dlib_pybind11.vector
    3. (self: _dlib_pybind11.face_recognition_model_v1, img: numpy.ndarray[(rows,cols,3),numpy.uint8], faces: _dlib_pybind11.full_object_detections, num_jitters: int = 0, padding: float = 0.25) -> _dlib_pybind11.vectors
    4. (self: _dlib_pybind11.face_recognition_model_v1, batch_img: list[numpy.ndarray[(rows,cols,3),numpy.uint8]], batch_faces: list[_dlib_pybind11.full_object_detections], num_jitters: int = 0, padding: float = 0.25) -> _dlib_pybind11.vectorss
    5. (self: _dlib_pybind11.face_recognition_model_v1, batch_img: list[numpy.ndarray[(rows,cols,3),numpy.uint8]], num_jitters: int = 0) -> _dlib_pybind11.vectors

Invoked with: <_dlib_pybind11.face_recognition_model_v1 object at 0x111dd6070>, array([[[250, 252, 251],
        [250, 252, 251],
        [251, 252, 251],
        ...,
        [234, 182, 107],
        [233, 184, 109],
        [232, 184, 108]],

       [[250, 252, 251],
        [250, 252, 251],
        [251, 252, 251],
        ...,
        [234, 182, 107],
        [233, 184, 109],
        [232, 184, 108]],

       [[250, 252, 251],
        [250, 252, 251],
        [251, 252, 251],
        ...,
        [234, 182, 107],
        [233, 184, 109],
        [232, 184, 109]],

       ...,

       [[162,  91, 102],
        [164,  93, 104],
        [166,  95, 107],
        ...,
        [ 82,  39,  46],
        [ 80,  38,  45],
        [ 77,  36,  43]],

       [[163,  92, 103],
        [165,  94, 106],
        [166,  95, 107],
        ...,
        [ 88,  43,  51],
        [ 85,  41,  49],
        [ 83,  40,  47]],

       [[164,  93, 103],
        [167,  95, 106],
        [170,  97, 109],
        ...,
        [ 92,  46,  54],
        [ 90,  46,  53],
        [ 88,  45,  52]]], shape=(308, 312, 3), dtype=uint8), <_dlib_pybind11.full_object_detection object at 0x11213c570>, 1. Falling back to full frame.
2026-05-30 09:31:40 - EncodingCache - WARNING - Failed to generate encoding on crop: compute_face_descriptor(): incompatible function arguments. The following argument types are supported:
    1. (self: _dlib_pybind11.face_recognition_model_v1, img: numpy.ndarray[(rows,cols,3),numpy.uint8], face: _dlib_pybind11.full_object_detection, num_jitters: int = 0, padding: float = 0.25) -> _dlib_pybind11.vector
    2. (self: _dlib_pybind11.face_recognition_model_v1, img: numpy.ndarray[(rows,cols,3),numpy.uint8], num_jitters: int = 0) -> _dlib_pybind11.vector
    3. (self: _dlib_pybind11.face_recognition_model_v1, img: numpy.ndarray[(rows,cols,3),numpy.uint8], faces: _dlib_pybind11.full_object_detections, num_jitters: int = 0, padding: float = 0.25) -> _dlib_pybind11.vectors
    4. (self: _dlib_pybind11.face_recognition_model_v1, batch_img: list[numpy.ndarray[(rows,cols,3),numpy.uint8]], batch_faces: list[_dlib_pybind11.full_object_detections], num_jitters: int = 0, padding: float = 0.25) -> _dlib_pybind11.vectorss
    5. (self: _dlib_pybind11.face_recognition_model_v1, batch_img: list[numpy.ndarray[(rows,cols,3),numpy.uint8]], num_jitters: int = 0) -> _dlib_pybind11.vectors

Invoked with: <_dlib_pybind11.face_recognition_model_v1 object at 0x111dd6070>, array([[[217, 217, 212],
        [217, 217, 212],
        [217, 217, 212],
        ...,
        [251, 252, 252],
        [251, 251, 253],
        [251, 252, 252]],

       [[217, 217, 212],
        [217, 217, 212],
        [217, 217, 212],
        ...,
        [251, 252, 252],
        [251, 251, 253],
        [251, 252, 252]],

       [[218, 218, 213],
        [217, 217, 212],
        [217, 217, 212],
        ...,
        [251, 252, 252],
        [251, 251, 253],
        [251, 252, 252]],

       ...,

       [[192, 201, 207],
        [190, 199, 203],
        [186, 195, 199],
        ...,
        [147,  81,  93],
        [134,  67,  80],
        [135,  68,  81]],

       [[186, 195, 200],
        [183, 192, 195],
        [180, 190, 192],
        ...,
        [151,  86,  98],
        [141,  74,  87],
        [134,  67,  80]],

       [[180, 189, 194],
        [179, 187, 191],
        [177, 185, 188],
        ...,
        [157,  92, 103],
        [145,  79,  90],
        [139,  73,  85]]], shape=(232, 232, 3), dtype=uint8), <_dlib_pybind11.full_object_detection object at 0x111943ef0>, 1. Falling back to full frame.
2026-05-30 09:31:40 - EncodingCache - WARNING - Failed to generate encoding on crop: compute_face_descriptor(): incompatible function arguments. The following argument types are supported:
    1. (self: _dlib_pybind11.face_recognition_model_v1, img: numpy.ndarray[(rows,cols,3),numpy.uint8], face: _dlib_pybind11.full_object_detection, num_jitters: int = 0, padding: float = 0.25) -> _dlib_pybind11.vector
    2. (self: _dlib_pybind11.face_recognition_model_v1, img: numpy.ndarray[(rows,cols,3),numpy.uint8], num_jitters: int = 0) -> _dlib_pybind11.vector
    3. (self: _dlib_pybind11.face_recognition_model_v1, img: numpy.ndarray[(rows,cols,3),numpy.uint8], faces: _dlib_pybind11.full_object_detections, num_jitters: int = 0, padding: float = 0.25) -> _dlib_pybind11.vectors
    4. (self: _dlib_pybind11.face_recognition_model_v1, batch_img: list[numpy.ndarray[(rows,cols,3),numpy.uint8]], batch_faces: list[_dlib_pybind11.full_object_detections], num_jitters: int = 0, padding: float = 0.25) -> _dlib_pybind11.vectorss
    5. (self: _dlib_pybind11.face_recognition_model_v1, batch_img: list[numpy.ndarray[(rows,cols,3),numpy.uint8]], num_jitters: int = 0) -> _dlib_pybind11.vectors

Invoked with: <_dlib_pybind11.face_recognition_model_v1 object at 0x111dd6070>, array([[[205, 171, 128],
        [205, 171, 128],
        [205, 171, 128],
        ...,
        [ 67,  63,  59],
        [ 68,  64,  60],
        [ 69,  65,  62]],

       [[206, 171, 127],
        [206, 171, 127],
        [206, 171, 127],
        ...,
        [ 67,  63,  59],
        [ 68,  64,  60],
        [ 68,  64,  60]],

       [[206, 169, 125],
        [206, 169, 125],
        [206, 169, 125],
        ...,
        [ 66,  62,  58],
        [ 67,  63,  59],
        [ 68,  64,  60]],

       ...,

       [[102,  58,  41],
        [111,  67,  50],
        [119,  77,  60],
        ...,
        [151, 109,  84],
        [152, 110,  85],
        [152, 110,  85]],

       [[106,  60,  43],
        [114,  71,  54],
        [122,  80,  65],
        ...,
        [153, 110,  85],
        [153, 110,  85],
        [153, 110,  85]],

       [[108,  63,  47],
        [118,  76,  59],
        [123,  83,  67],
        ...,
        [153, 110,  85],
        [153, 110,  84],
        [153, 110,  85]]], shape=(492, 492, 3), dtype=uint8), <_dlib_pybind11.full_object_detection object at 0x11213c6f0>, 1. Falling back to full frame.
2026-05-30 09:31:40 - EncodingCache - WARNING - Failed to generate encoding on crop: compute_face_descriptor(): incompatible function arguments. The following argument types are supported:
    1. (self: _dlib_pybind11.face_recognition_model_v1, img: numpy.ndarray[(rows,cols,3),numpy.uint8], face: _dlib_pybind11.full_object_detection, num_jitters: int = 0, padding: float = 0.25) -> _dlib_pybind11.vector
    2. (self: _dlib_pybind11.face_recognition_model_v1, img: numpy.ndarray[(rows,cols,3),numpy.uint8], num_jitters: int = 0) -> _dlib_pybind11.vector
    3. (self: _dlib_pybind11.face_recognition_model_v1, img: numpy.ndarray[(rows,cols,3),numpy.uint8], faces: _dlib_pybind11.full_object_detections, num_jitters: int = 0, padding: float = 0.25) -> _dlib_pybind11.vectors
    4. (self: _dlib_pybind11.face_recognition_model_v1, batch_img: list[numpy.ndarray[(rows,cols,3),numpy.uint8]], batch_faces: list[_dlib_pybind11.full_object_detections], num_jitters: int = 0, padding: float = 0.25) -> _dlib_pybind11.vectorss
    5. (self: _dlib_pybind11.face_recognition_model_v1, batch_img: list[numpy.ndarray[(rows,cols,3),numpy.uint8]], num_jitters: int = 0) -> _dlib_pybind11.vectors

Invoked with: <_dlib_pybind11.face_recognition_model_v1 object at 0x111dd6070>, array([[[248, 248, 248],
        [248, 248, 248],
        [248, 248, 248],
        ...,
        [218, 196, 166],
        [219, 197, 168],
        [219, 197, 168]],

       [[248, 248, 248],
        [248, 248, 248],
        [248, 248, 248],
        ...,
        [219, 197, 168],
        [219, 197, 168],
        [219, 197, 168]],

       [[248, 248, 248],
        [248, 248, 248],
        [248, 248, 248],
        ...,
        [219, 197, 168],
        [219, 197, 168],
        [219, 197, 168]],

       ...,

       [[230, 160, 174],
        [230, 157, 172],
        [221, 147, 161],
        ...,
        [156,  88, 101],
        [158,  89, 102],
        [158,  89, 102]],

       [[230, 159, 173],
        [227, 154, 168],
        [216, 140, 155],
        ...,
        [157,  89, 102],
        [158,  89, 102],
        [159,  90, 103]],

       [[228, 157, 170],
        [224, 150, 164],
        [213, 137, 151],
        ...,
        [157,  89, 102],
        [159,  90, 103],
        [159,  90, 103]]], shape=(360, 360, 3), dtype=uint8), <_dlib_pybind11.full_object_detection object at 0x111980bf0>, 1. Falling back to full frame.
2026-05-30 09:31:40 - EncodingCache - WARNING - Failed to generate encoding on crop: compute_face_descriptor(): incompatible function arguments. The following argument types are supported:
    1. (self: _dlib_pybind11.face_recognition_model_v1, img: numpy.ndarray[(rows,cols,3),numpy.uint8], face: _dlib_pybind11.full_object_detection, num_jitters: int = 0, padding: float = 0.25) -> _dlib_pybind11.vector
    2. (self: _dlib_pybind11.face_recognition_model_v1, img: numpy.ndarray[(rows,cols,3),numpy.uint8], num_jitters: int = 0) -> _dlib_pybind11.vector
    3. (self: _dlib_pybind11.face_recognition_model_v1, img: numpy.ndarray[(rows,cols,3),numpy.uint8], faces: _dlib_pybind11.full_object_detections, num_jitters: int = 0, padding: float = 0.25) -> _dlib_pybind11.vectors
    4. (self: _dlib_pybind11.face_recognition_model_v1, batch_img: list[numpy.ndarray[(rows,cols,3),numpy.uint8]], batch_faces: list[_dlib_pybind11.full_object_detections], num_jitters: int = 0, padding: float = 0.25) -> _dlib_pybind11.vectorss
    5. (self: _dlib_pybind11.face_recognition_model_v1, batch_img: list[numpy.ndarray[(rows,cols,3),numpy.uint8]], num_jitters: int = 0) -> _dlib_pybind11.vectors

Invoked with: <_dlib_pybind11.face_recognition_model_v1 object at 0x111dd6070>, array([[[205, 172, 134],
        [205, 172, 134],
        [205, 172, 134],
        ...,
        [ 91,  86,  82],
        [ 92,  86,  82],
        [ 92,  86,  82]],

       [[205, 172, 134],
        [205, 172, 134],
        [205, 172, 134],
        ...,
        [ 91,  86,  82],
        [ 91,  86,  82],
        [ 92,  86,  82]],

       [[203, 171, 133],
        [203, 171, 133],
        [203, 171, 133],
        ...,
        [ 90,  86,  82],
        [ 90,  86,  82],
        [ 91,  86,  82]],

       ...,

       [[140, 120, 117],
        [127, 104, 102],
        [106,  82,  80],
        ...,
        [184, 142,  92],
        [176, 137,  86],
        [168, 131,  80]],

       [[139, 119, 116],
        [128, 106, 104],
        [107,  83,  81],
        ...,
        [182, 136,  91],
        [172, 128,  84],
        [166, 125,  81]],

       [[139, 119, 116],
        [127, 104, 102],
        [105,  79,  78],
        ...,
        [180, 132,  88],
        [175, 129,  87],
        [169, 126,  85]]], shape=(492, 492, 3), dtype=uint8), <_dlib_pybind11.full_object_detection object at 0x111958bf0>, 1. Falling back to full frame.
2026-05-30 09:31:40 - EncodingCache - WARNING - Failed to generate encoding on crop: compute_face_descriptor(): incompatible function arguments. The following argument types are supported:
    1. (self: _dlib_pybind11.face_recognition_model_v1, img: numpy.ndarray[(rows,cols,3),numpy.uint8], face: _dlib_pybind11.full_object_detection, num_jitters: int = 0, padding: float = 0.25) -> _dlib_pybind11.vector
    2. (self: _dlib_pybind11.face_recognition_model_v1, img: numpy.ndarray[(rows,cols,3),numpy.uint8], num_jitters: int = 0) -> _dlib_pybind11.vector
    3. (self: _dlib_pybind11.face_recognition_model_v1, img: numpy.ndarray[(rows,cols,3),numpy.uint8], faces: _dlib_pybind11.full_object_detections, num_jitters: int = 0, padding: float = 0.25) -> _dlib_pybind11.vectors
    4. (self: _dlib_pybind11.face_recognition_model_v1, batch_img: list[numpy.ndarray[(rows,cols,3),numpy.uint8]], batch_faces: list[_dlib_pybind11.full_object_detections], num_jitters: int = 0, padding: float = 0.25) -> _dlib_pybind11.vectorss
    5. (self: _dlib_pybind11.face_recognition_model_v1, batch_img: list[numpy.ndarray[(rows,cols,3),numpy.uint8]], num_jitters: int = 0) -> _dlib_pybind11.vectors

Invoked with: <_dlib_pybind11.face_recognition_model_v1 object at 0x111dd6070>, array([[[218, 218, 213],
        [218, 218, 213],
        [218, 218, 213],
        ...,
        [142, 142, 136],
        [144, 144, 139],
        [145, 146, 139]],

       [[218, 218, 213],
        [218, 218, 213],
        [218, 218, 213],
        ...,
        [137, 136, 131],
        [142, 142, 138],
        [146, 146, 141]],

       [[218, 218, 213],
        [218, 218, 213],
        [218, 218, 213],
        ...,
        [126, 124, 121],
        [133, 131, 129],
        [143, 143, 138]],

       ...,

       [[168, 171, 174],
        [170, 172, 176],
        [171, 173, 177],
        ...,
        [155, 152, 156],
        [156, 153, 157],
        [159, 157, 161]],

       [[171, 173, 177],
        [172, 174, 178],
        [174, 176, 180],
        ...,
        [158, 156, 160],
        [162, 159, 164],
        [166, 164, 169]],

       [[172, 176, 179],
        [174, 178, 181],
        [176, 179, 182],
        ...,
        [167, 165, 170],
        [172, 170, 174],
        [175, 173, 178]]], shape=(204, 204, 3), dtype=uint8), <_dlib_pybind11.full_object_detection object at 0x111980bf0>, 1. Falling back to full frame.
2026-05-30 09:31:41 - EncodingCache - WARNING - Failed to generate encoding on crop: compute_face_descriptor(): incompatible function arguments. The following argument types are supported:
    1. (self: _dlib_pybind11.face_recognition_model_v1, img: numpy.ndarray[(rows,cols,3),numpy.uint8], face: _dlib_pybind11.full_object_detection, num_jitters: int = 0, padding: float = 0.25) -> _dlib_pybind11.vector
    2. (self: _dlib_pybind11.face_recognition_model_v1, img: numpy.ndarray[(rows,cols,3),numpy.uint8], num_jitters: int = 0) -> _dlib_pybind11.vector
    3. (self: _dlib_pybind11.face_recognition_model_v1, img: numpy.ndarray[(rows,cols,3),numpy.uint8], faces: _dlib_pybind11.full_object_detections, num_jitters: int = 0, padding: float = 0.25) -> _dlib_pybind11.vectors
    4. (self: _dlib_pybind11.face_recognition_model_v1, batch_img: list[numpy.ndarray[(rows,cols,3),numpy.uint8]], batch_faces: list[_dlib_pybind11.full_object_detections], num_jitters: int = 0, padding: float = 0.25) -> _dlib_pybind11.vectorss
    5. (self: _dlib_pybind11.face_recognition_model_v1, batch_img: list[numpy.ndarray[(rows,cols,3),numpy.uint8]], num_jitters: int = 0) -> _dlib_pybind11.vectors

Invoked with: <_dlib_pybind11.face_recognition_model_v1 object at 0x111dd6070>, array([[[249, 249, 249],
        [249, 249, 249],
        [249, 249, 249],
        ...,
        [220, 198, 169],
        [220, 198, 169],
        [220, 198, 169]],

       [[249, 249, 249],
        [249, 249, 249],
        [249, 249, 249],
        ...,
        [220, 198, 169],
        [220, 198, 169],
        [220, 198, 169]],

       [[249, 249, 249],
        [249, 249, 249],
        [249, 249, 249],
        ...,
        [220, 198, 169],
        [220, 198, 169],
        [220, 198, 169]],

       ...,

       [[171,  91, 104],
        [172,  92, 106],
        [174,  93, 107],
        ...,
        [155,  89, 104],
        [154,  90, 104],
        [153,  90, 104]],

       [[172,  92, 106],
        [174,  93, 107],
        [175,  94, 108],
        ...,
        [156,  90, 105],
        [154,  90, 104],
        [153,  90, 104]],

       [[172,  92, 106],
        [174,  93, 107],
        [175,  94, 108],
        ...,
        [155,  89, 104],
        [154,  90, 104],
        [152,  89, 103]]], shape=(360, 360, 3), dtype=uint8), <_dlib_pybind11.full_object_detection object at 0x11213c4f0>, 1. Falling back to full frame.
2026-05-30 09:31:41 - EncodingCache - WARNING - Failed to generate encoding on crop: compute_face_descriptor(): incompatible function arguments. The following argument types are supported:
    1. (self: _dlib_pybind11.face_recognition_model_v1, img: numpy.ndarray[(rows,cols,3),numpy.uint8], face: _dlib_pybind11.full_object_detection, num_jitters: int = 0, padding: float = 0.25) -> _dlib_pybind11.vector
    2. (self: _dlib_pybind11.face_recognition_model_v1, img: numpy.ndarray[(rows,cols,3),numpy.uint8], num_jitters: int = 0) -> _dlib_pybind11.vector
    3. (self: _dlib_pybind11.face_recognition_model_v1, img: numpy.ndarray[(rows,cols,3),numpy.uint8], faces: _dlib_pybind11.full_object_detections, num_jitters: int = 0, padding: float = 0.25) -> _dlib_pybind11.vectors
    4. (self: _dlib_pybind11.face_recognition_model_v1, batch_img: list[numpy.ndarray[(rows,cols,3),numpy.uint8]], batch_faces: list[_dlib_pybind11.full_object_detections], num_jitters: int = 0, padding: float = 0.25) -> _dlib_pybind11.vectorss
    5. (self: _dlib_pybind11.face_recognition_model_v1, batch_img: list[numpy.ndarray[(rows,cols,3),numpy.uint8]], num_jitters: int = 0) -> _dlib_pybind11.vectors

Invoked with: <_dlib_pybind11.face_recognition_model_v1 object at 0x111dd6070>, array([[[213, 211, 207],
        [213, 211, 207],
        [213, 211, 207],
        ...,
        [249, 249, 249],
        [249, 249, 249],
        [249, 249, 249]],

       [[213, 211, 207],
        [213, 211, 207],
        [213, 211, 207],
        ...,
        [249, 249, 249],
        [249, 249, 249],
        [249, 249, 249]],

       [[213, 211, 207],
        [213, 211, 207],
        [213, 211, 207],
        ...,
        [249, 249, 249],
        [249, 249, 249],
        [249, 249, 249]],

       ...,

       [[201, 206, 211],
        [205, 209, 215],
        [211, 215, 221],
        ...,
        [218, 159, 169],
        [216, 155, 167],
        [213, 151, 162]],

       [[205, 209, 215],
        [208, 213, 218],
        [211, 215, 221],
        ...,
        [218, 158, 168],
        [216, 154, 166],
        [213, 150, 162]],

       [[208, 213, 217],
        [209, 214, 219],
        [207, 213, 218],
        ...,
        [217, 157, 168],
        [216, 154, 167],
        [212, 149, 162]]], shape=(232, 232, 3), dtype=uint8), <_dlib_pybind11.full_object_detection object at 0x111938db0>, 1. Falling back to full frame.
2026-05-30 09:31:41 - EncodingCache - WARNING - Failed to generate encoding on crop: compute_face_descriptor(): incompatible function arguments. The following argument types are supported:
    1. (self: _dlib_pybind11.face_recognition_model_v1, img: numpy.ndarray[(rows,cols,3),numpy.uint8], face: _dlib_pybind11.full_object_detection, num_jitters: int = 0, padding: float = 0.25) -> _dlib_pybind11.vector
    2. (self: _dlib_pybind11.face_recognition_model_v1, img: numpy.ndarray[(rows,cols,3),numpy.uint8], num_jitters: int = 0) -> _dlib_pybind11.vector
    3. (self: _dlib_pybind11.face_recognition_model_v1, img: numpy.ndarray[(rows,cols,3),numpy.uint8], faces: _dlib_pybind11.full_object_detections, num_jitters: int = 0, padding: float = 0.25) -> _dlib_pybind11.vectors
    4. (self: _dlib_pybind11.face_recognition_model_v1, batch_img: list[numpy.ndarray[(rows,cols,3),numpy.uint8]], batch_faces: list[_dlib_pybind11.full_object_detections], num_jitters: int = 0, padding: float = 0.25) -> _dlib_pybind11.vectorss
    5. (self: _dlib_pybind11.face_recognition_model_v1, batch_img: list[numpy.ndarray[(rows,cols,3),numpy.uint8]], num_jitters: int = 0) -> _dlib_pybind11.vectors

Invoked with: <_dlib_pybind11.face_recognition_model_v1 object at 0x111dd6070>, array([[[196, 168, 138],
        [197, 167, 138],
        [198, 167, 138],
        ...,
        [ 86,  79,  73],
        [ 87,  79,  73],
        [ 89,  79,  75]],

       [[195, 165, 134],
        [195, 165, 134],
        [196, 165, 134],
        ...,
        [ 87,  80,  75],
        [ 87,  79,  73],
        [ 89,  79,  75]],

       [[196, 165, 133],
        [196, 165, 133],
        [196, 165, 133],
        ...,
        [ 87,  80,  75],
        [ 88,  80,  75],
        [ 89,  79,  75]],

       ...,

       [[230, 203, 159],
        [229, 201, 159],
        [229, 201, 160],
        ...,
        [218, 166, 123],
        [218, 166, 123],
        [218, 166, 123]],

       [[230, 203, 159],
        [230, 202, 160],
        [229, 201, 160],
        ...,
        [218, 166, 123],
        [217, 165, 122],
        [217, 165, 122]],

       [[230, 203, 159],
        [230, 202, 160],
        [229, 201, 160],
        ...,
        [218, 166, 123],
        [217, 165, 122],
        [217, 165, 122]]], shape=(492, 492, 3), dtype=uint8), <_dlib_pybind11.full_object_detection object at 0x1119809f0>, 1. Falling back to full frame.
2026-05-30 09:31:41 - EncodingCache - WARNING - Failed to generate encoding on crop: compute_face_descriptor(): incompatible function arguments. The following argument types are supported:
    1. (self: _dlib_pybind11.face_recognition_model_v1, img: numpy.ndarray[(rows,cols,3),numpy.uint8], face: _dlib_pybind11.full_object_detection, num_jitters: int = 0, padding: float = 0.25) -> _dlib_pybind11.vector
    2. (self: _dlib_pybind11.face_recognition_model_v1, img: numpy.ndarray[(rows,cols,3),numpy.uint8], num_jitters: int = 0) -> _dlib_pybind11.vector
    3. (self: _dlib_pybind11.face_recognition_model_v1, img: numpy.ndarray[(rows,cols,3),numpy.uint8], faces: _dlib_pybind11.full_object_detections, num_jitters: int = 0, padding: float = 0.25) -> _dlib_pybind11.vectors
    4. (self: _dlib_pybind11.face_recognition_model_v1, batch_img: list[numpy.ndarray[(rows,cols,3),numpy.uint8]], batch_faces: list[_dlib_pybind11.full_object_detections], num_jitters: int = 0, padding: float = 0.25) -> _dlib_pybind11.vectorss
    5. (self: _dlib_pybind11.face_recognition_model_v1, batch_img: list[numpy.ndarray[(rows,cols,3),numpy.uint8]], num_jitters: int = 0) -> _dlib_pybind11.vectors

Invoked with: <_dlib_pybind11.face_recognition_model_v1 object at 0x111dd6070>, array([[[250, 251, 250],
        [250, 251, 250],
        [250, 251, 250],
        ...,
        [217, 195, 163],
        [217, 195, 163],
        [217, 195, 163]],

       [[250, 251, 250],
        [250, 251, 250],
        [250, 251, 250],
        ...,
        [217, 195, 163],
        [217, 195, 163],
        [217, 195, 163]],

       [[250, 251, 250],
        [250, 251, 250],
        [250, 251, 250],
        ...,
        [217, 195, 163],
        [217, 195, 163],
        [217, 195, 163]],

       ...,

       [[176,  98, 111],
        [176,  98, 111],
        [176,  98, 111],
        ...,
        [148,  85,  99],
        [148,  85,  99],
        [148,  85,  99]],

       [[175,  97, 110],
        [176,  98, 111],
        [178, 100, 113],
        ...,
        [149,  87, 101],
        [148,  85,  99],
        [148,  85,  99]],

       [[175,  97, 110],
        [178,  99, 113],
        [178,  99, 114],
        ...,
        [149,  87, 101],
        [148,  85,  99],
        [148,  85,  99]]], shape=(360, 360, 3), dtype=uint8), <_dlib_pybind11.full_object_detection object at 0x11213c6f0>, 1. Falling back to full frame.
2026-05-30 09:31:41 - EncodingCache - WARNING - Failed to generate encoding on crop: compute_face_descriptor(): incompatible function arguments. The following argument types are supported:
    1. (self: _dlib_pybind11.face_recognition_model_v1, img: numpy.ndarray[(rows,cols,3),numpy.uint8], face: _dlib_pybind11.full_object_detection, num_jitters: int = 0, padding: float = 0.25) -> _dlib_pybind11.vector
    2. (self: _dlib_pybind11.face_recognition_model_v1, img: numpy.ndarray[(rows,cols,3),numpy.uint8], num_jitters: int = 0) -> _dlib_pybind11.vector
    3. (self: _dlib_pybind11.face_recognition_model_v1, img: numpy.ndarray[(rows,cols,3),numpy.uint8], faces: _dlib_pybind11.full_object_detections, num_jitters: int = 0, padding: float = 0.25) -> _dlib_pybind11.vectors
    4. (self: _dlib_pybind11.face_recognition_model_v1, batch_img: list[numpy.ndarray[(rows,cols,3),numpy.uint8]], batch_faces: list[_dlib_pybind11.full_object_detections], num_jitters: int = 0, padding: float = 0.25) -> _dlib_pybind11.vectorss
    5. (self: _dlib_pybind11.face_recognition_model_v1, batch_img: list[numpy.ndarray[(rows,cols,3),numpy.uint8]], num_jitters: int = 0) -> _dlib_pybind11.vectors

Invoked with: <_dlib_pybind11.face_recognition_model_v1 object at 0x111dd6070>, array([[[207, 186, 166],
        [207, 186, 166],
        [207, 186, 166],
        ...,
        [233, 185, 114],
        [233, 185, 114],
        [233, 185, 114]],

       [[207, 186, 167],
        [207, 186, 167],
        [207, 186, 167],
        ...,
        [233, 185, 114],
        [233, 185, 114],
        [233, 185, 114]],

       [[207, 186, 168],
        [207, 186, 168],
        [208, 187, 169],
        ...,
        [233, 185, 114],
        [233, 185, 114],
        [233, 185, 114]],

       ...,

       [[212, 188, 157],
        [211, 187, 157],
        [209, 185, 156],
        ...,
        [ 67,  48,  38],
        [ 65,  48,  38],
        [ 65,  50,  38]],

       [[212, 188, 157],
        [210, 186, 156],
        [209, 185, 156],
        ...,
        [ 68,  49,  37],
        [ 66,  49,  37],
        [ 70,  56,  42]],

       [[212, 188, 157],
        [211, 187, 157],
        [209, 185, 156],
        ...,
        [ 73,  54,  38],
        [ 74,  57,  40],
        [ 82,  66,  49]]], shape=(492, 492, 3), dtype=uint8), <_dlib_pybind11.full_object_detection object at 0x11213c6f0>, 1. Falling back to full frame.
2026-05-30 09:31:41 - EncodingCache - WARNING - Failed to generate encoding on crop: compute_face_descriptor(): incompatible function arguments. The following argument types are supported:
    1. (self: _dlib_pybind11.face_recognition_model_v1, img: numpy.ndarray[(rows,cols,3),numpy.uint8], face: _dlib_pybind11.full_object_detection, num_jitters: int = 0, padding: float = 0.25) -> _dlib_pybind11.vector
    2. (self: _dlib_pybind11.face_recognition_model_v1, img: numpy.ndarray[(rows,cols,3),numpy.uint8], num_jitters: int = 0) -> _dlib_pybind11.vector
    3. (self: _dlib_pybind11.face_recognition_model_v1, img: numpy.ndarray[(rows,cols,3),numpy.uint8], faces: _dlib_pybind11.full_object_detections, num_jitters: int = 0, padding: float = 0.25) -> _dlib_pybind11.vectors
    4. (self: _dlib_pybind11.face_recognition_model_v1, batch_img: list[numpy.ndarray[(rows,cols,3),numpy.uint8]], batch_faces: list[_dlib_pybind11.full_object_detections], num_jitters: int = 0, padding: float = 0.25) -> _dlib_pybind11.vectorss
    5. (self: _dlib_pybind11.face_recognition_model_v1, batch_img: list[numpy.ndarray[(rows,cols,3),numpy.uint8]], num_jitters: int = 0) -> _dlib_pybind11.vectors

Invoked with: <_dlib_pybind11.face_recognition_model_v1 object at 0x111dd6070>, array([[[217, 217, 214],
        [215, 216, 213],
        [215, 216, 213],
        ...,
        [253, 253, 252],
        [251, 252, 251],
        [250, 251, 250]],

       [[217, 217, 214],
        [217, 217, 214],
        [217, 217, 214],
        ...,
        [251, 252, 251],
        [251, 252, 251],
        [250, 251, 250]],

       [[217, 217, 214],
        [217, 217, 214],
        [215, 216, 213],
        ...,
        [250, 251, 250],
        [250, 251, 250],
        [250, 251, 250]],

       ...,

       [[171, 177, 182],
        [180, 187, 192],
        [186, 192, 197],
        ...,
        [197, 129, 147],
        [196, 129, 147],
        [195, 128, 146]],

       [[178, 184, 189],
        [183, 190, 195],
        [188, 195, 200],
        ...,
        [195, 128, 146],
        [195, 128, 146],
        [195, 128, 146]],

       [[183, 190, 195],
        [189, 196, 201],
        [190, 197, 202],
        ...,
        [195, 128, 146],
        [195, 128, 146],
        [195, 128, 146]]], shape=(232, 236, 3), dtype=uint8), <_dlib_pybind11.full_object_detection object at 0x11213c6f0>, 1. Falling back to full frame.
2026-05-30 09:31:41 - EncodingCache - WARNING - Failed to generate encoding on crop: compute_face_descriptor(): incompatible function arguments. The following argument types are supported:
    1. (self: _dlib_pybind11.face_recognition_model_v1, img: numpy.ndarray[(rows,cols,3),numpy.uint8], face: _dlib_pybind11.full_object_detection, num_jitters: int = 0, padding: float = 0.25) -> _dlib_pybind11.vector
    2. (self: _dlib_pybind11.face_recognition_model_v1, img: numpy.ndarray[(rows,cols,3),numpy.uint8], num_jitters: int = 0) -> _dlib_pybind11.vector
    3. (self: _dlib_pybind11.face_recognition_model_v1, img: numpy.ndarray[(rows,cols,3),numpy.uint8], faces: _dlib_pybind11.full_object_detections, num_jitters: int = 0, padding: float = 0.25) -> _dlib_pybind11.vectors
    4. (self: _dlib_pybind11.face_recognition_model_v1, batch_img: list[numpy.ndarray[(rows,cols,3),numpy.uint8]], batch_faces: list[_dlib_pybind11.full_object_detections], num_jitters: int = 0, padding: float = 0.25) -> _dlib_pybind11.vectorss
    5. (self: _dlib_pybind11.face_recognition_model_v1, batch_img: list[numpy.ndarray[(rows,cols,3),numpy.uint8]], num_jitters: int = 0) -> _dlib_pybind11.vectors

Invoked with: <_dlib_pybind11.face_recognition_model_v1 object at 0x111dd6070>, array([[[250, 251, 250],
        [250, 251, 250],
        [250, 251, 250],
        ...,
        [236, 216, 189],
        [229, 204, 176],
        [208, 182, 151]],

       [[250, 251, 250],
        [250, 251, 250],
        [250, 251, 250],
        ...,
        [239, 219, 193],
        [224, 201, 172],
        [209, 185, 153]],

       [[250, 251, 250],
        [250, 251, 250],
        [250, 251, 250],
        ...,
        [239, 220, 195],
        [223, 201, 172],
        [211, 187, 156]],

       ...,

       [[193, 115, 123],
        [185, 108, 117],
        [182, 106, 114],
        ...,
        [102,  53,  59],
        [103,  53,  59],
        [103,  53,  59]],

       [[188, 110, 119],
        [184, 107, 115],
        [180, 105, 113],
        ...,
        [104,  54,  60],
        [104,  54,  60],
        [104,  54,  60]],

       [[185, 108, 117],
        [181, 105, 114],
        [179, 104, 113],
        ...,
        [104,  54,  60],
        [104,  54,  60],
        [104,  54,  60]]], shape=(308, 308, 3), dtype=uint8), <_dlib_pybind11.full_object_detection object at 0x11213c830>, 1. Falling back to full frame.
2026-05-30 09:31:41 - EncodingCache - WARNING - Failed to generate encoding on crop: compute_face_descriptor(): incompatible function arguments. The following argument types are supported:
    1. (self: _dlib_pybind11.face_recognition_model_v1, img: numpy.ndarray[(rows,cols,3),numpy.uint8], face: _dlib_pybind11.full_object_detection, num_jitters: int = 0, padding: float = 0.25) -> _dlib_pybind11.vector
    2. (self: _dlib_pybind11.face_recognition_model_v1, img: numpy.ndarray[(rows,cols,3),numpy.uint8], num_jitters: int = 0) -> _dlib_pybind11.vector
    3. (self: _dlib_pybind11.face_recognition_model_v1, img: numpy.ndarray[(rows,cols,3),numpy.uint8], faces: _dlib_pybind11.full_object_detections, num_jitters: int = 0, padding: float = 0.25) -> _dlib_pybind11.vectors
    4. (self: _dlib_pybind11.face_recognition_model_v1, batch_img: list[numpy.ndarray[(rows,cols,3),numpy.uint8]], batch_faces: list[_dlib_pybind11.full_object_detections], num_jitters: int = 0, padding: float = 0.25) -> _dlib_pybind11.vectorss
    5. (self: _dlib_pybind11.face_recognition_model_v1, batch_img: list[numpy.ndarray[(rows,cols,3),numpy.uint8]], num_jitters: int = 0) -> _dlib_pybind11.vectors

Invoked with: <_dlib_pybind11.face_recognition_model_v1 object at 0x111dd6070>, array([[[216, 214, 210],
        [216, 214, 210],
        [216, 214, 210],
        ...,
        [250, 251, 250],
        [250, 251, 250],
        [250, 251, 250]],

       [[216, 214, 210],
        [216, 214, 210],
        [216, 214, 210],
        ...,
        [250, 251, 250],
        [250, 251, 250],
        [250, 251, 250]],

       [[217, 216, 211],
        [217, 216, 211],
        [216, 214, 210],
        ...,
        [250, 251, 250],
        [250, 251, 250],
        [250, 251, 250]],

       ...,

       [[181, 185, 188],
        [175, 179, 183],
        [172, 177, 181],
        ...,
        [195, 130, 146],
        [195, 130, 146],
        [195, 130, 146]],

       [[175, 179, 182],
        [172, 177, 181],
        [168, 172, 178],
        ...,
        [196, 130, 147],
        [195, 130, 147],
        [195, 130, 147]],

       [[172, 177, 181],
        [170, 174, 179],
        [168, 172, 178],
        ...,
        [197, 131, 148],
        [195, 130, 147],
        [195, 130, 147]]], shape=(232, 236, 3), dtype=uint8), <_dlib_pybind11.full_object_detection object at 0x111943ef0>, 1. Falling back to full frame.
2026-05-30 09:31:41 - EncodingCache - WARNING - Failed to generate encoding on crop: compute_face_descriptor(): incompatible function arguments. The following argument types are supported:
    1. (self: _dlib_pybind11.face_recognition_model_v1, img: numpy.ndarray[(rows,cols,3),numpy.uint8], face: _dlib_pybind11.full_object_detection, num_jitters: int = 0, padding: float = 0.25) -> _dlib_pybind11.vector
    2. (self: _dlib_pybind11.face_recognition_model_v1, img: numpy.ndarray[(rows,cols,3),numpy.uint8], num_jitters: int = 0) -> _dlib_pybind11.vector
    3. (self: _dlib_pybind11.face_recognition_model_v1, img: numpy.ndarray[(rows,cols,3),numpy.uint8], faces: _dlib_pybind11.full_object_detections, num_jitters: int = 0, padding: float = 0.25) -> _dlib_pybind11.vectors
    4. (self: _dlib_pybind11.face_recognition_model_v1, batch_img: list[numpy.ndarray[(rows,cols,3),numpy.uint8]], batch_faces: list[_dlib_pybind11.full_object_detections], num_jitters: int = 0, padding: float = 0.25) -> _dlib_pybind11.vectorss
    5. (self: _dlib_pybind11.face_recognition_model_v1, batch_img: list[numpy.ndarray[(rows,cols,3),numpy.uint8]], num_jitters: int = 0) -> _dlib_pybind11.vectors

Invoked with: <_dlib_pybind11.face_recognition_model_v1 object at 0x111dd6070>, array([[[192, 171, 153],
        [192, 171, 153],
        [193, 172, 154],
        ...,
        [ 70,  64,  54],
        [ 69,  63,  53],
        [ 71,  63,  52]],

       [[193, 172, 154],
        [193, 172, 154],
        [193, 172, 154],
        ...,
        [ 70,  64,  54],
        [ 70,  64,  54],
        [ 70,  63,  52]],

       [[193, 172, 154],
        [193, 172, 154],
        [193, 172, 154],
        ...,
        [ 71,  66,  55],
        [ 70,  64,  54],
        [ 70,  63,  52]],

       ...,

       [[233, 205, 173],
        [233, 205, 173],
        [233, 205, 173],
        ...,
        [218, 166, 123],
        [218, 166, 122],
        [218, 166, 122]],

       [[232, 205, 175],
        [232, 205, 175],
        [233, 206, 176],
        ...,
        [217, 166, 123],
        [218, 166, 123],
        [218, 166, 123]],

       [[224, 200, 171],
        [231, 207, 177],
        [234, 209, 179],
        ...,
        [217, 166, 123],
        [217, 166, 123],
        [217, 166, 123]]], shape=(492, 492, 3), dtype=uint8), <_dlib_pybind11.full_object_detection object at 0x11213c7f0>, 1. Falling back to full frame.
2026-05-30 09:31:42 - EncodingCache - WARNING - Failed to generate encoding on crop: compute_face_descriptor(): incompatible function arguments. The following argument types are supported:
    1. (self: _dlib_pybind11.face_recognition_model_v1, img: numpy.ndarray[(rows,cols,3),numpy.uint8], face: _dlib_pybind11.full_object_detection, num_jitters: int = 0, padding: float = 0.25) -> _dlib_pybind11.vector
    2. (self: _dlib_pybind11.face_recognition_model_v1, img: numpy.ndarray[(rows,cols,3),numpy.uint8], num_jitters: int = 0) -> _dlib_pybind11.vector
    3. (self: _dlib_pybind11.face_recognition_model_v1, img: numpy.ndarray[(rows,cols,3),numpy.uint8], faces: _dlib_pybind11.full_object_detections, num_jitters: int = 0, padding: float = 0.25) -> _dlib_pybind11.vectors
    4. (self: _dlib_pybind11.face_recognition_model_v1, batch_img: list[numpy.ndarray[(rows,cols,3),numpy.uint8]], batch_faces: list[_dlib_pybind11.full_object_detections], num_jitters: int = 0, padding: float = 0.25) -> _dlib_pybind11.vectorss
    5. (self: _dlib_pybind11.face_recognition_model_v1, batch_img: list[numpy.ndarray[(rows,cols,3),numpy.uint8]], num_jitters: int = 0) -> _dlib_pybind11.vectors

Invoked with: <_dlib_pybind11.face_recognition_model_v1 object at 0x111dd6070>, array([[[250, 252, 251],
        [250, 252, 250],
        [251, 254, 250],
        ...,
        [240, 207, 166],
        [239, 207, 167],
        [238, 206, 166]],

       [[250, 252, 250],
        [249, 253, 250],
        [251, 255, 252],
        ...,
        [240, 207, 164],
        [238, 206, 164],
        [237, 205, 165]],

       [[250, 252, 249],
        [250, 254, 250],
        [251, 255, 253],
        ...,
        [239, 206, 162],
        [237, 205, 162],
        [237, 205, 164]],

       ...,

       [[197, 125, 141],
        [198, 126, 142],
        [198, 126, 142],
        ...,
        [102,  53,  59],
        [103,  54,  59],
        [103,  54,  59]],

       [[198, 126, 142],
        [198, 126, 142],
        [199, 127, 143],
        ...,
        [103,  53,  58],
        [105,  55,  59],
        [105,  55,  59]],

       [[198, 126, 142],
        [199, 127, 143],
        [199, 127, 143],
        ...,
        [106,  55,  61],
        [107,  56,  61],
        [107,  56,  61]]], shape=(308, 308, 3), dtype=uint8), <_dlib_pybind11.full_object_detection object at 0x11213c7f0>, 1. Falling back to full frame.
2026-05-30 09:31:42 - EncodingCache - WARNING - Failed to generate encoding on crop: compute_face_descriptor(): incompatible function arguments. The following argument types are supported:
    1. (self: _dlib_pybind11.face_recognition_model_v1, img: numpy.ndarray[(rows,cols,3),numpy.uint8], face: _dlib_pybind11.full_object_detection, num_jitters: int = 0, padding: float = 0.25) -> _dlib_pybind11.vector
    2. (self: _dlib_pybind11.face_recognition_model_v1, img: numpy.ndarray[(rows,cols,3),numpy.uint8], num_jitters: int = 0) -> _dlib_pybind11.vector
    3. (self: _dlib_pybind11.face_recognition_model_v1, img: numpy.ndarray[(rows,cols,3),numpy.uint8], faces: _dlib_pybind11.full_object_detections, num_jitters: int = 0, padding: float = 0.25) -> _dlib_pybind11.vectors
    4. (self: _dlib_pybind11.face_recognition_model_v1, batch_img: list[numpy.ndarray[(rows,cols,3),numpy.uint8]], batch_faces: list[_dlib_pybind11.full_object_detections], num_jitters: int = 0, padding: float = 0.25) -> _dlib_pybind11.vectorss
    5. (self: _dlib_pybind11.face_recognition_model_v1, batch_img: list[numpy.ndarray[(rows,cols,3),numpy.uint8]], num_jitters: int = 0) -> _dlib_pybind11.vectors

Invoked with: <_dlib_pybind11.face_recognition_model_v1 object at 0x111dd6070>, array([[[135, 150, 137],
        [134, 148, 135],
        [132, 145, 133],
        ...,
        [203, 187, 163],
        [203, 187, 163],
        [203, 187, 163]],

       [[135, 150, 137],
        [134, 148, 135],
        [132, 145, 133],
        ...,
        [203, 187, 163],
        [203, 187, 163],
        [203, 187, 163]],

       [[133, 148, 135],
        [133, 146, 134],
        [131, 144, 132],
        ...,
        [203, 187, 163],
        [203, 187, 163],
        [203, 187, 163]],

       ...,

       [[161, 108, 109],
        [160, 107, 106],
        [157, 105, 103],
        ...,
        [135,  77,  88],
        [135,  76,  87],
        [134,  76,  87]],

       [[160, 108, 109],
        [158, 106, 105],
        [156, 104, 102],
        ...,
        [134,  76,  87],
        [134,  76,  87],
        [134,  76,  87]],

       [[160, 107, 107],
        [158, 106, 105],
        [154, 103, 101],
        ...,
        [134,  76,  87],
        [135,  77,  88],
        [135,  77,  88]]], shape=(420, 416, 3), dtype=uint8), <_dlib_pybind11.full_object_detection object at 0x11213c6f0>, 1. Falling back to full frame.
2026-05-30 09:31:43 - EncodingCache - WARNING - Failed to generate encoding on crop: compute_face_descriptor(): incompatible function arguments. The following argument types are supported:
    1. (self: _dlib_pybind11.face_recognition_model_v1, img: numpy.ndarray[(rows,cols,3),numpy.uint8], face: _dlib_pybind11.full_object_detection, num_jitters: int = 0, padding: float = 0.25) -> _dlib_pybind11.vector
    2. (self: _dlib_pybind11.face_recognition_model_v1, img: numpy.ndarray[(rows,cols,3),numpy.uint8], num_jitters: int = 0) -> _dlib_pybind11.vector
    3. (self: _dlib_pybind11.face_recognition_model_v1, img: numpy.ndarray[(rows,cols,3),numpy.uint8], faces: _dlib_pybind11.full_object_detections, num_jitters: int = 0, padding: float = 0.25) -> _dlib_pybind11.vectors
    4. (self: _dlib_pybind11.face_recognition_model_v1, batch_img: list[numpy.ndarray[(rows,cols,3),numpy.uint8]], batch_faces: list[_dlib_pybind11.full_object_detections], num_jitters: int = 0, padding: float = 0.25) -> _dlib_pybind11.vectorss
    5. (self: _dlib_pybind11.face_recognition_model_v1, batch_img: list[numpy.ndarray[(rows,cols,3),numpy.uint8]], num_jitters: int = 0) -> _dlib_pybind11.vectors

Invoked with: <_dlib_pybind11.face_recognition_model_v1 object at 0x111dd6070>, array([[[ 82,  80,  73],
        [ 83,  81,  75],
        [ 83,  81,  75],
        ...,
        [223, 202, 168],
        [223, 202, 168],
        [223, 202, 168]],

       [[ 81,  80,  73],
        [ 82,  81,  75],
        [ 83,  81,  75],
        ...,
        [223, 202, 168],
        [223, 202, 168],
        [223, 202, 168]],

       [[ 81,  82,  75],
        [ 82,  82,  75],
        [ 83,  81,  75],
        ...,
        [223, 202, 168],
        [223, 202, 168],
        [223, 202, 168]],

       ...,

       [[178, 142, 123],
        [159, 127, 109],
        [139, 110,  94],
        ...,
        [138,  82,  98],
        [138,  82,  98],
        [138,  82,  98]],

       [[187, 150, 131],
        [168, 134, 117],
        [150, 120, 104],
        ...,
        [138,  82,  98],
        [138,  82,  97],
        [137,  81,  96]],

       [[191, 154, 132],
        [174, 140, 120],
        [153, 122, 103],
        ...,
        [138,  82,  98],
        [137,  81,  97],
        [137,  81,  97]]], shape=(488, 442, 3), dtype=uint8), <_dlib_pybind11.full_object_detection object at 0x11213c930>, 1. Falling back to full frame.
2026-05-30 09:31:43 - EncodingCache - WARNING - Failed to generate encoding on crop: compute_face_descriptor(): incompatible function arguments. The following argument types are supported:
    1. (self: _dlib_pybind11.face_recognition_model_v1, img: numpy.ndarray[(rows,cols,3),numpy.uint8], face: _dlib_pybind11.full_object_detection, num_jitters: int = 0, padding: float = 0.25) -> _dlib_pybind11.vector
    2. (self: _dlib_pybind11.face_recognition_model_v1, img: numpy.ndarray[(rows,cols,3),numpy.uint8], num_jitters: int = 0) -> _dlib_pybind11.vector
    3. (self: _dlib_pybind11.face_recognition_model_v1, img: numpy.ndarray[(rows,cols,3),numpy.uint8], faces: _dlib_pybind11.full_object_detections, num_jitters: int = 0, padding: float = 0.25) -> _dlib_pybind11.vectors
    4. (self: _dlib_pybind11.face_recognition_model_v1, batch_img: list[numpy.ndarray[(rows,cols,3),numpy.uint8]], batch_faces: list[_dlib_pybind11.full_object_detections], num_jitters: int = 0, padding: float = 0.25) -> _dlib_pybind11.vectorss
    5. (self: _dlib_pybind11.face_recognition_model_v1, batch_img: list[numpy.ndarray[(rows,cols,3),numpy.uint8]], num_jitters: int = 0) -> _dlib_pybind11.vectors

Invoked with: <_dlib_pybind11.face_recognition_model_v1 object at 0x111dd6070>, array([[[175, 158, 146],
        [171, 154, 143],
        [164, 147, 137],
        ...,
        [105,  99,  91],
        [105,  99,  91],
        [106, 100,  92]],

       [[173, 156, 145],
        [168, 151, 141],
        [164, 147, 137],
        ...,
        [104,  98,  90],
        [105,  99,  92],
        [105,  99,  92]],

       [[171, 154, 144],
        [166, 149, 139],
        [161, 144, 134],
        ...,
        [104,  98,  91],
        [105,  99,  93],
        [105,  99,  92]],

       ...,

       [[ 93,  28,  29],
        [ 91,  27,  28],
        [ 89,  26,  26],
        ...,
        [223, 204, 185],
        [222, 204, 185],
        [222, 204, 185]],

       [[ 93,  28,  29],
        [ 91,  27,  28],
        [ 90,  27,  28],
        ...,
        [223, 204, 185],
        [222, 204, 185],
        [222, 204, 185]],

       [[ 94,  27,  29],
        [ 92,  26,  28],
        [ 91,  27,  28],
        ...,
        [224, 203, 185],
        [223, 204, 185],
        [223, 204, 185]]], shape=(446, 488, 3), dtype=uint8), <_dlib_pybind11.full_object_detection object at 0x11213c9b0>, 1. Falling back to full frame.
2026-05-30 09:31:43 - EncodingCache - WARNING - Failed to generate encoding on crop: compute_face_descriptor(): incompatible function arguments. The following argument types are supported:
    1. (self: _dlib_pybind11.face_recognition_model_v1, img: numpy.ndarray[(rows,cols,3),numpy.uint8], face: _dlib_pybind11.full_object_detection, num_jitters: int = 0, padding: float = 0.25) -> _dlib_pybind11.vector
    2. (self: _dlib_pybind11.face_recognition_model_v1, img: numpy.ndarray[(rows,cols,3),numpy.uint8], num_jitters: int = 0) -> _dlib_pybind11.vector
    3. (self: _dlib_pybind11.face_recognition_model_v1, img: numpy.ndarray[(rows,cols,3),numpy.uint8], faces: _dlib_pybind11.full_object_detections, num_jitters: int = 0, padding: float = 0.25) -> _dlib_pybind11.vectors
    4. (self: _dlib_pybind11.face_recognition_model_v1, batch_img: list[numpy.ndarray[(rows,cols,3),numpy.uint8]], batch_faces: list[_dlib_pybind11.full_object_detections], num_jitters: int = 0, padding: float = 0.25) -> _dlib_pybind11.vectorss
    5. (self: _dlib_pybind11.face_recognition_model_v1, batch_img: list[numpy.ndarray[(rows,cols,3),numpy.uint8]], num_jitters: int = 0) -> _dlib_pybind11.vectors

Invoked with: <_dlib_pybind11.face_recognition_model_v1 object at 0x111dd6070>, array([[[105,  95,  85],
        [106,  96,  88],
        [105,  94,  88],
        ...,
        [171, 151, 132],
        [182, 162, 141],
        [189, 167, 145]],

       [[105,  95,  85],
        [105,  95,  86],
        [105,  94,  88],
        ...,
        [169, 150, 131],
        [180, 159, 139],
        [187, 165, 143]],

       [[105,  95,  85],
        [105,  95,  86],
        [105,  94,  88],
        ...,
        [168, 149, 129],
        [178, 157, 137],
        [184, 163, 141]],

       ...,

       [[ 36,  26,  22],
        [ 41,  28,  20],
        [ 51,  36,  24],
        ...,
        [220, 204, 189],
        [220, 204, 189],
        [219, 204, 189]],

       [[ 32,  24,  21],
        [ 37,  26,  19],
        [ 50,  36,  25],
        ...,
        [220, 204, 189],
        [220, 204, 189],
        [220, 204, 189]],

       [[ 29,  22,  19],
        [ 34,  24,  17],
        [ 45,  33,  23],
        ...,
        [220, 204, 189],
        [220, 204, 189],
        [220, 204, 189]]], shape=(492, 488, 3), dtype=uint8), <_dlib_pybind11.full_object_detection object at 0x11213c6f0>, 1. Falling back to full frame.
2026-05-30 09:31:43 - EncodingCache - WARNING - Failed to generate encoding on crop: compute_face_descriptor(): incompatible function arguments. The following argument types are supported:
    1. (self: _dlib_pybind11.face_recognition_model_v1, img: numpy.ndarray[(rows,cols,3),numpy.uint8], face: _dlib_pybind11.full_object_detection, num_jitters: int = 0, padding: float = 0.25) -> _dlib_pybind11.vector
    2. (self: _dlib_pybind11.face_recognition_model_v1, img: numpy.ndarray[(rows,cols,3),numpy.uint8], num_jitters: int = 0) -> _dlib_pybind11.vector
    3. (self: _dlib_pybind11.face_recognition_model_v1, img: numpy.ndarray[(rows,cols,3),numpy.uint8], faces: _dlib_pybind11.full_object_detections, num_jitters: int = 0, padding: float = 0.25) -> _dlib_pybind11.vectors
    4. (self: _dlib_pybind11.face_recognition_model_v1, batch_img: list[numpy.ndarray[(rows,cols,3),numpy.uint8]], batch_faces: list[_dlib_pybind11.full_object_detections], num_jitters: int = 0, padding: float = 0.25) -> _dlib_pybind11.vectorss
    5. (self: _dlib_pybind11.face_recognition_model_v1, batch_img: list[numpy.ndarray[(rows,cols,3),numpy.uint8]], num_jitters: int = 0) -> _dlib_pybind11.vectors

Invoked with: <_dlib_pybind11.face_recognition_model_v1 object at 0x111dd6070>, array([[[ 95,  98,  97],
        [ 92,  95,  93],
        [ 88,  91,  88],
        ...,
        [238, 208, 162],
        [238, 208, 162],
        [238, 208, 162]],

       [[ 94,  97,  95],
        [ 91,  93,  91],
        [ 89,  91,  88],
        ...,
        [238, 208, 163],
        [238, 208, 163],
        [238, 208, 163]],

       [[ 92,  95,  92],
        [ 90,  92,  89],
        [ 89,  90,  87],
        ...,
        [239, 209, 166],
        [238, 208, 164],
        [238, 208, 163]],

       ...,

       [[227, 184, 156],
        [228, 185, 156],
        [228, 184, 154],
        ...,
        [ 49,  40,  47],
        [ 43,  38,  44],
        [ 42,  40,  45]],

       [[228, 185, 159],
        [228, 185, 157],
        [227, 184, 155],
        ...,
        [ 48,  42,  49],
        [ 44,  42,  49],
        [ 44,  44,  49]],

       [[228, 185, 159],
        [228, 185, 157],
        [228, 186, 156],
        ...,
        [ 45,  42,  48],
        [ 43,  42,  49],
        [ 42,  44,  49]]], shape=(488, 488, 3), dtype=uint8), <_dlib_pybind11.full_object_detection object at 0x11213c9f0>, 1. Falling back to full frame.
2026-05-30 09:31:43 - RealTimeRecognition - INFO - Exit command received.
2026-05-30 09:31:43 - CameraHandler - INFO - Webcam resources released.
2026-05-30 10:07:47 - ErrorTracker - WARNING - [TestComponent] Transient error 0
2026-05-30 10:07:47 - ErrorTracker - WARNING - [TestComponent] Transient error 1
2026-05-30 10:07:47 - ErrorTracker - WARNING - [TestComponent] Transient error 2
2026-05-30 10:07:47 - ErrorTracker - WARNING - [TestComponent] Error 0
2026-05-30 10:07:47 - ErrorTracker - WARNING - [TestComponent] Error 1
2026-05-30 10:07:47 - ErrorTracker - WARNING - [TestComponent] Error 2
2026-05-30 10:07:47 - ErrorTracker - WARNING - [TestComponent] Error 3
2026-05-30 10:07:47 - ErrorTracker - WARNING - [TestComponent] Error 4
2026-05-30 10:07:47 - ErrorTracker - WARNING - [TestComponent] Transient error
2026-05-30 10:07:47 - ErrorTracker - WARNING - [TestComponent] Transient error 0
2026-05-30 10:07:47 - ErrorTracker - WARNING - [TestComponent] Transient error 1
2026-05-30 10:07:47 - ErrorTracker - WARNING - [TestComponent] Transient error 2
2026-05-30 10:07:47 - ErrorTracker - WARNING - [TestComponent] Transient error 0
2026-05-30 10:07:47 - ErrorTracker - WARNING - [TestComponent] Transient error 1
2026-05-30 10:07:47 - ErrorTracker - WARNING - [TestComponent] Transient error 2
2026-05-30 10:07:47 - ErrorTracker - WARNING - [TestComponent] Transient error 3
2026-05-30 10:07:47 - ErrorTracker - WARNING - [TestComponent] Transient error 4
2026-05-30 10:07:47 - ErrorTracker - WARNING - [TestComponent] Transient error 5
2026-05-30 10:07:47 - ErrorTracker - WARNING - [TestComponent] Transient error 6
2026-05-30 10:07:47 - ErrorTracker - WARNING - [TestComponent] Transient error 7
2026-05-30 10:07:47 - ErrorTracker - WARNING - [TestComponent] Transient error 8
2026-05-30 10:07:47 - ErrorTracker - WARNING - [TestComponent] Transient error 9
2026-05-30 10:07:47 - ErrorTracker - WARNING - [TestComponent] Transient error 10
2026-05-30 10:07:47 - ErrorTracker - WARNING - [TestComponent] Transient error 11
2026-05-30 10:07:47 - ErrorTracker - WARNING - [SourceA] Error 0
2026-05-30 10:07:47 - ErrorTracker - WARNING - [SourceA] Error 1
2026-05-30 10:07:47 - ErrorTracker - WARNING - [SourceA] Error 2
2026-05-30 10:07:47 - ErrorTracker - WARNING - [SourceB] Error 0
2026-05-30 10:07:47 - ErrorTracker - WARNING - [SourceB] Error 1
2026-05-30 10:07:47 - ErrorTracker - WARNING - [TestComponent] Test message
2026-05-30 10:07:47 - ErrorTracker - WARNING - [TestComponent] Test message
2026-05-30 10:07:50 - EncodingCache - INFO - Successfully cached 12 face encodings in 0.31 ms.
2026-05-30 10:07:50 - EncodingCache - INFO - Successfully cached 500 face encodings in 29.61 ms.
2026-05-30 10:07:50 - EncodingCache - INFO - Successfully cached 500 face encodings in 26.76 ms.
2026-05-30 10:07:50 - EncodingCache - INFO - Successfully cached 500 face encodings in 26.58 ms.
2026-05-30 10:07:50 - EncodingCache - INFO - Successfully cached 500 face encodings in 26.66 ms.
2026-05-30 10:07:50 - EncodingCache - INFO - Successfully cached 500 face encodings in 26.47 ms.
2026-05-30 10:07:50 - EncodingCache - INFO - Successfully cached 500 face encodings in 26.80 ms.
2026-05-30 10:07:50 - EncodingCache - INFO - Performance report generated successfully: benchmark_report_20260530_100750.txt
2026-05-30 10:07:51 - ErrorTracker - WARNING - [TestComponent] Transient error 0
2026-05-30 10:07:51 - ErrorTracker - WARNING - [TestComponent] Transient error 1
2026-05-30 10:07:51 - ErrorTracker - WARNING - [TestComponent] Transient error 2
2026-05-30 10:07:51 - ErrorTracker - WARNING - [TestComponent] Error 0
2026-05-30 10:07:51 - ErrorTracker - WARNING - [TestComponent] Error 1
2026-05-30 10:07:51 - ErrorTracker - WARNING - [TestComponent] Error 2
2026-05-30 10:07:51 - ErrorTracker - WARNING - [TestComponent] Error 3
2026-05-30 10:07:51 - ErrorTracker - WARNING - [TestComponent] Error 4
2026-05-30 10:07:51 - ErrorTracker - WARNING - [TestComponent] Transient error
2026-05-30 10:07:51 - ErrorTracker - WARNING - [TestComponent] Transient error 0
2026-05-30 10:07:51 - ErrorTracker - WARNING - [TestComponent] Transient error 1
2026-05-30 10:07:51 - ErrorTracker - WARNING - [TestComponent] Transient error 2
2026-05-30 10:07:51 - ErrorTracker - WARNING - [TestComponent] Transient error 0
2026-05-30 10:07:51 - ErrorTracker - WARNING - [TestComponent] Transient error 1
2026-05-30 10:07:51 - ErrorTracker - WARNING - [TestComponent] Transient error 2
2026-05-30 10:07:51 - ErrorTracker - WARNING - [TestComponent] Transient error 3
2026-05-30 10:07:51 - ErrorTracker - WARNING - [TestComponent] Transient error 4
2026-05-30 10:07:51 - ErrorTracker - WARNING - [TestComponent] Transient error 5
2026-05-30 10:07:51 - ErrorTracker - WARNING - [TestComponent] Transient error 6
2026-05-30 10:07:51 - ErrorTracker - WARNING - [TestComponent] Transient error 7
2026-05-30 10:07:51 - ErrorTracker - WARNING - [TestComponent] Transient error 8
2026-05-30 10:07:51 - ErrorTracker - WARNING - [TestComponent] Transient error 9
2026-05-30 10:07:51 - ErrorTracker - WARNING - [TestComponent] Transient error 10
2026-05-30 10:07:51 - ErrorTracker - WARNING - [TestComponent] Transient error 11
2026-05-30 10:07:51 - ErrorTracker - WARNING - [SourceA] Error 0
2026-05-30 10:07:51 - ErrorTracker - WARNING - [SourceA] Error 1
2026-05-30 10:07:51 - ErrorTracker - WARNING - [SourceA] Error 2
2026-05-30 10:07:51 - ErrorTracker - WARNING - [SourceB] Error 0
2026-05-30 10:07:51 - ErrorTracker - WARNING - [SourceB] Error 1
2026-05-30 10:07:51 - ErrorTracker - WARNING - [TestComponent] Test message
2026-05-30 10:07:51 - ErrorTracker - WARNING - [TestComponent] Test message
2026-05-30 10:07:51 - API_Connector - WARNING - Attendance transmission attempt 1/2 failed: Connection refused
2026-05-30 10:07:51 - API_Connector - WARNING - Attendance transmission attempt 2/2 failed: Connection refused
2026-05-30 10:07:51 - API_Connector - WARNING - Attendance transmission rejected. status_code=500 message=Server Error
2026-05-30 10:07:51 - API_Connector - INFO - Attendance logged successfully. status_code=200
2026-05-30 10:07:51 - API_Connector - INFO - Attendance logged successfully. status_code=201
2026-05-30 10:07:51 - API_Connector - WARNING - Attendance transmission attempt 1/2 failed: Request timed out
2026-05-30 10:07:51 - API_Connector - WARNING - Attendance transmission attempt 2/2 failed: Request timed out
2026-05-30 10:07:51 - API_Connector - WARNING - Payload validation failed: Missing student_id
2026-05-30 10:07:51 - API_Connector - WARNING - Mock transmission failed for student_id=1
2026-05-30 10:07:51 - API_Connector - INFO - Mock transmission succeeded for student_id=1
2026-05-30 10:07:51 - AttendanceManager - INFO - ATTENDANCE VERIFIED: 1_Aayushi (ID: 1)
2026-05-30 10:07:51 - EncodingCache - INFO - Successfully cached 3 face encodings in 0.42 ms.
2026-05-30 10:07:51 - EncodingCache - WARNING - Encoding file this_file_does_not_exist_12345.pickle not found. Recognition will not work until faces are encoded.
2026-05-30 10:07:51 - EncodingCache - ERROR - Failed to load encodings: pickle data was truncated
2026-05-30 10:07:51 - EncodingCache - INFO - Successfully cached 3 face encodings in 0.32 ms.
2026-05-30 10:07:52 - EncodingCache - INFO - Encoding file change detected (mtime changed). Reloading cache...
2026-05-30 10:07:52 - EncodingCache - INFO - Successfully cached 4 face encodings in 0.88 ms.
2026-05-30 10:07:52 - EncodingCache - INFO - Successfully cached 3 face encodings in 1.39 ms.
2026-05-30 10:07:52 - EncodingCache - INFO - Successfully cached 3 face encodings in 0.50 ms.
2026-05-30 10:07:52 - EncodingCache - INFO - Successfully cached 3 face encodings in 0.49 ms.
2026-05-30 10:08:47 - ErrorTracker - WARNING - [TestComponent] Transient error 0
2026-05-30 10:08:47 - ErrorTracker - WARNING - [TestComponent] Transient error 1
2026-05-30 10:08:47 - ErrorTracker - WARNING - [TestComponent] Transient error 2
2026-05-30 10:08:47 - ErrorTracker - WARNING - [TestComponent] Error 0
2026-05-30 10:08:47 - ErrorTracker - WARNING - [TestComponent] Error 1
2026-05-30 10:08:47 - ErrorTracker - WARNING - [TestComponent] Error 2
2026-05-30 10:08:47 - ErrorTracker - WARNING - [TestComponent] Error 3
2026-05-30 10:08:47 - ErrorTracker - WARNING - [TestComponent] Error 4
2026-05-30 10:08:47 - ErrorTracker - WARNING - [TestComponent] Transient error
2026-05-30 10:08:47 - ErrorTracker - WARNING - [TestComponent] Transient error 0
2026-05-30 10:08:47 - ErrorTracker - WARNING - [TestComponent] Transient error 1
2026-05-30 10:08:47 - ErrorTracker - WARNING - [TestComponent] Transient error 2
2026-05-30 10:08:47 - ErrorTracker - WARNING - [TestComponent] Transient error 0
2026-05-30 10:08:47 - ErrorTracker - WARNING - [TestComponent] Transient error 1
2026-05-30 10:08:47 - ErrorTracker - WARNING - [TestComponent] Transient error 2
2026-05-30 10:08:47 - ErrorTracker - WARNING - [TestComponent] Transient error 3
2026-05-30 10:08:47 - ErrorTracker - WARNING - [TestComponent] Transient error 4
2026-05-30 10:08:47 - ErrorTracker - WARNING - [TestComponent] Transient error 5
2026-05-30 10:08:47 - ErrorTracker - WARNING - [TestComponent] Transient error 6
2026-05-30 10:08:47 - ErrorTracker - WARNING - [TestComponent] Transient error 7
2026-05-30 10:08:47 - ErrorTracker - WARNING - [TestComponent] Transient error 8
2026-05-30 10:08:47 - ErrorTracker - WARNING - [TestComponent] Transient error 9
2026-05-30 10:08:47 - ErrorTracker - WARNING - [TestComponent] Transient error 10
2026-05-30 10:08:47 - ErrorTracker - WARNING - [TestComponent] Transient error 11
2026-05-30 10:08:47 - ErrorTracker - WARNING - [SourceA] Error 0
2026-05-30 10:08:47 - ErrorTracker - WARNING - [SourceA] Error 1
2026-05-30 10:08:47 - ErrorTracker - WARNING - [SourceA] Error 2
2026-05-30 10:08:47 - ErrorTracker - WARNING - [SourceB] Error 0
2026-05-30 10:08:47 - ErrorTracker - WARNING - [SourceB] Error 1
2026-05-30 10:08:47 - ErrorTracker - WARNING - [TestComponent] Test message
2026-05-30 10:08:47 - ErrorTracker - WARNING - [TestComponent] Test message
2026-05-30 10:08:57 - EncodingCache - INFO - Successfully cached 12 face encodings in 0.32 ms.
2026-05-30 10:08:57 - EncodingCache - INFO - Successfully cached 500 face encodings in 29.17 ms.
2026-05-30 10:08:57 - EncodingCache - INFO - Successfully cached 500 face encodings in 26.41 ms.
2026-05-30 10:08:57 - EncodingCache - INFO - Successfully cached 500 face encodings in 26.34 ms.
2026-05-30 10:08:57 - EncodingCache - INFO - Successfully cached 500 face encodings in 26.36 ms.
2026-05-30 10:08:57 - EncodingCache - INFO - Successfully cached 500 face encodings in 26.25 ms.
2026-05-30 10:08:57 - EncodingCache - INFO - Successfully cached 500 face encodings in 27.05 ms.
2026-05-30 10:08:57 - EncodingCache - INFO - Performance report generated successfully: benchmark_report_20260530_100857.txt
2026-05-30 10:08:59 - ErrorTracker - WARNING - [TestComponent] Transient error 0
2026-05-30 10:08:59 - ErrorTracker - WARNING - [TestComponent] Transient error 1
2026-05-30 10:08:59 - ErrorTracker - WARNING - [TestComponent] Transient error 2
2026-05-30 10:08:59 - ErrorTracker - WARNING - [TestComponent] Error 0
2026-05-30 10:08:59 - ErrorTracker - WARNING - [TestComponent] Error 1
2026-05-30 10:08:59 - ErrorTracker - WARNING - [TestComponent] Error 2
2026-05-30 10:08:59 - ErrorTracker - WARNING - [TestComponent] Error 3
2026-05-30 10:08:59 - ErrorTracker - WARNING - [TestComponent] Error 4
2026-05-30 10:08:59 - ErrorTracker - WARNING - [TestComponent] Transient error
2026-05-30 10:08:59 - ErrorTracker - WARNING - [TestComponent] Transient error 0
2026-05-30 10:08:59 - ErrorTracker - WARNING - [TestComponent] Transient error 1
2026-05-30 10:08:59 - ErrorTracker - WARNING - [TestComponent] Transient error 2
2026-05-30 10:08:59 - ErrorTracker - WARNING - [TestComponent] Transient error 0
2026-05-30 10:08:59 - ErrorTracker - WARNING - [TestComponent] Transient error 1
2026-05-30 10:08:59 - ErrorTracker - WARNING - [TestComponent] Transient error 2
2026-05-30 10:08:59 - ErrorTracker - WARNING - [TestComponent] Transient error 3
2026-05-30 10:08:59 - ErrorTracker - WARNING - [TestComponent] Transient error 4
2026-05-30 10:08:59 - ErrorTracker - WARNING - [TestComponent] Transient error 5
2026-05-30 10:08:59 - ErrorTracker - WARNING - [TestComponent] Transient error 6
2026-05-30 10:08:59 - ErrorTracker - WARNING - [TestComponent] Transient error 7
2026-05-30 10:08:59 - ErrorTracker - WARNING - [TestComponent] Transient error 8
2026-05-30 10:08:59 - ErrorTracker - WARNING - [TestComponent] Transient error 9
2026-05-30 10:08:59 - ErrorTracker - WARNING - [TestComponent] Transient error 10
2026-05-30 10:08:59 - ErrorTracker - WARNING - [TestComponent] Transient error 11
2026-05-30 10:08:59 - ErrorTracker - WARNING - [SourceA] Error 0
2026-05-30 10:08:59 - ErrorTracker - WARNING - [SourceA] Error 1
2026-05-30 10:08:59 - ErrorTracker - WARNING - [SourceA] Error 2
2026-05-30 10:08:59 - ErrorTracker - WARNING - [SourceB] Error 0
2026-05-30 10:08:59 - ErrorTracker - WARNING - [SourceB] Error 1
2026-05-30 10:08:59 - ErrorTracker - WARNING - [TestComponent] Test message
2026-05-30 10:08:59 - ErrorTracker - WARNING - [TestComponent] Test message
2026-05-30 10:08:59 - API_Connector - WARNING - Attendance transmission attempt 1/2 failed: Connection refused
2026-05-30 10:08:59 - API_Connector - WARNING - Attendance transmission attempt 2/2 failed: Connection refused
2026-05-30 10:08:59 - API_Connector - WARNING - Attendance transmission rejected. status_code=500 message=Server Error
2026-05-30 10:08:59 - API_Connector - INFO - Attendance logged successfully. status_code=200
2026-05-30 10:08:59 - API_Connector - INFO - Attendance logged successfully. status_code=201
2026-05-30 10:08:59 - API_Connector - WARNING - Attendance transmission attempt 1/2 failed: Request timed out
2026-05-30 10:08:59 - API_Connector - WARNING - Attendance transmission attempt 2/2 failed: Request timed out
2026-05-30 10:08:59 - API_Connector - WARNING - Payload validation failed: Missing student_id
2026-05-30 10:08:59 - API_Connector - WARNING - Mock transmission failed for student_id=1
2026-05-30 10:08:59 - API_Connector - INFO - Mock transmission succeeded for student_id=1
2026-05-30 10:08:59 - AttendanceManager - INFO - ATTENDANCE VERIFIED: 1_Aayushi (ID: 1)
2026-05-30 10:08:59 - EncodingCache - INFO - Successfully cached 3 face encodings in 0.41 ms.
2026-05-30 10:08:59 - EncodingCache - WARNING - Encoding file this_file_does_not_exist_12345.pickle not found. Recognition will not work until faces are encoded.
2026-05-30 10:08:59 - EncodingCache - ERROR - Failed to load encodings: pickle data was truncated
2026-05-30 10:08:59 - EncodingCache - INFO - Successfully cached 3 face encodings in 0.31 ms.
2026-05-30 10:09:00 - EncodingCache - INFO - Encoding file change detected (mtime changed). Reloading cache...
2026-05-30 10:09:00 - EncodingCache - INFO - Successfully cached 4 face encodings in 1.19 ms.
2026-05-30 10:09:00 - EncodingCache - INFO - Successfully cached 3 face encodings in 1.42 ms.
2026-05-30 10:09:00 - EncodingCache - INFO - Successfully cached 3 face encodings in 0.51 ms.
2026-05-30 10:09:00 - EncodingCache - INFO - Successfully cached 3 face encodings in 0.48 ms.
2026-05-30 10:09:40 | EncodingCache | INFO | Successfully cached 12 face encodings in 0.19 ms.
2026-05-30 10:09:40 | EncodingCache | INFO | Successfully cached 500 face encodings in 27.78 ms.
2026-05-30 10:09:40 | EncodingCache | INFO | Successfully cached 500 face encodings in 26.41 ms.
2026-05-30 10:09:40 | EncodingCache | INFO | Successfully cached 500 face encodings in 26.74 ms.
2026-05-30 10:09:40 | EncodingCache | INFO | Successfully cached 500 face encodings in 27.06 ms.
2026-05-30 10:09:40 | EncodingCache | INFO | Successfully cached 500 face encodings in 26.46 ms.
2026-05-30 10:09:40 | EncodingCache | INFO | Successfully cached 500 face encodings in 26.35 ms.
2026-05-30 10:09:40 | EncodingCache | INFO | Performance report generated successfully: benchmark_report_20260530_100940.txt
2026-05-30 10:09:41 | ErrorTracker | WARNING | [TestComponent] Transient error 0
2026-05-30 10:09:41 | ErrorTracker | WARNING | [TestComponent] Transient error 1
2026-05-30 10:09:41 | ErrorTracker | WARNING | [TestComponent] Transient error 2
2026-05-30 10:09:41 | ErrorTracker | WARNING | [TestComponent] Error 0
2026-05-30 10:09:41 | ErrorTracker | WARNING | [TestComponent] Error 1
2026-05-30 10:09:41 | ErrorTracker | WARNING | [TestComponent] Error 2
2026-05-30 10:09:41 | ErrorTracker | WARNING | [TestComponent] Error 3
2026-05-30 10:09:41 | ErrorTracker | WARNING | [TestComponent] Error 4
2026-05-30 10:09:41 | ErrorTracker | WARNING | [TestComponent] Transient error
2026-05-30 10:09:41 | ErrorTracker | WARNING | [TestComponent] Transient error 0
2026-05-30 10:09:41 | ErrorTracker | WARNING | [TestComponent] Transient error 1
2026-05-30 10:09:41 | ErrorTracker | WARNING | [TestComponent] Transient error 2
2026-05-30 10:09:41 | ErrorTracker | WARNING | [TestComponent] Transient error 0
2026-05-30 10:09:41 | ErrorTracker | WARNING | [TestComponent] Transient error 1
2026-05-30 10:09:41 | ErrorTracker | WARNING | [TestComponent] Transient error 2
2026-05-30 10:09:41 | ErrorTracker | WARNING | [TestComponent] Transient error 3
2026-05-30 10:09:41 | ErrorTracker | WARNING | [TestComponent] Transient error 4
2026-05-30 10:09:41 | ErrorTracker | WARNING | [TestComponent] Transient error 5
2026-05-30 10:09:41 | ErrorTracker | WARNING | [TestComponent] Transient error 6
2026-05-30 10:09:41 | ErrorTracker | WARNING | [TestComponent] Transient error 7
2026-05-30 10:09:41 | ErrorTracker | WARNING | [TestComponent] Transient error 8
2026-05-30 10:09:41 | ErrorTracker | WARNING | [TestComponent] Transient error 9
2026-05-30 10:09:41 | ErrorTracker | WARNING | [TestComponent] Transient error 10
2026-05-30 10:09:41 | ErrorTracker | WARNING | [TestComponent] Transient error 11
2026-05-30 10:09:41 | ErrorTracker | WARNING | [SourceA] Error 0
2026-05-30 10:09:41 | ErrorTracker | WARNING | [SourceA] Error 1
2026-05-30 10:09:41 | ErrorTracker | WARNING | [SourceA] Error 2
2026-05-30 10:09:41 | ErrorTracker | WARNING | [SourceB] Error 0
2026-05-30 10:09:41 | ErrorTracker | WARNING | [SourceB] Error 1
2026-05-30 10:09:41 | ErrorTracker | WARNING | [TestComponent] Test message
2026-05-30 10:09:41 | ErrorTracker | WARNING | [TestComponent] Test message
2026-05-30 10:09:41 | API_Connector | WARNING | Attendance transmission attempt 1/2 failed: Connection refused
2026-05-30 10:09:41 | API_Connector | WARNING | Attendance transmission attempt 2/2 failed: Connection refused
2026-05-30 10:09:41 | API_Connector | WARNING | Attendance transmission rejected. status_code=500 message=Server Error
2026-05-30 10:09:41 | API_Connector | INFO | Attendance logged successfully. status_code=200
2026-05-30 10:09:41 | API_Connector | INFO | Attendance logged successfully. status_code=201
2026-05-30 10:09:41 | API_Connector | WARNING | Attendance transmission attempt 1/2 failed: Request timed out
2026-05-30 10:09:41 | API_Connector | WARNING | Attendance transmission attempt 2/2 failed: Request timed out
2026-05-30 10:09:41 | API_Connector | WARNING | Payload validation failed: Missing student_id
2026-05-30 10:09:41 | API_Connector | WARNING | Mock transmission failed for student_id=1
2026-05-30 10:09:41 | API_Connector | INFO | Mock transmission succeeded for student_id=1
2026-05-30 10:09:41 | AttendanceManager | INFO | ATTENDANCE VERIFIED: 1_Aayushi (ID: 1)
2026-05-30 10:09:41 | EncodingCache | INFO | Successfully cached 3 face encodings in 0.40 ms.
2026-05-30 10:09:41 | EncodingCache | WARNING | Encoding file this_file_does_not_exist_12345.pickle not found. Recognition will not work until faces are encoded.
2026-05-30 10:09:41 | EncodingCache | ERROR | Failed to load encodings: pickle data was truncated
2026-05-30 10:09:41 | EncodingCache | INFO | Successfully cached 3 face encodings in 0.34 ms.
2026-05-30 10:09:42 | EncodingCache | INFO | Encoding file change detected (mtime changed). Reloading cache...
2026-05-30 10:09:42 | EncodingCache | INFO | Successfully cached 4 face encodings in 0.74 ms.
2026-05-30 10:09:42 | EncodingCache | INFO | Successfully cached 3 face encodings in 0.58 ms.
2026-05-30 10:09:42 | EncodingCache | INFO | Successfully cached 3 face encodings in 0.74 ms.
2026-05-30 10:09:42 | EncodingCache | INFO | Successfully cached 3 face encodings in 0.56 ms.
2026-05-30 10:10:10 | EncodingCache | INFO | Successfully cached 12 face encodings in 0.42 ms.
2026-05-30 10:10:10 | EncodingCache | INFO | Successfully cached 500 face encodings in 37.68 ms.
2026-05-30 10:10:10 | EncodingCache | INFO | Successfully cached 500 face encodings in 28.13 ms.
2026-05-30 10:10:10 | EncodingCache | INFO | Successfully cached 500 face encodings in 26.67 ms.
2026-05-30 10:10:10 | EncodingCache | INFO | Successfully cached 500 face encodings in 26.47 ms.
2026-05-30 10:10:10 | EncodingCache | INFO | Successfully cached 500 face encodings in 26.83 ms.
2026-05-30 10:10:10 | EncodingCache | INFO | Successfully cached 500 face encodings in 27.35 ms.
2026-05-30 10:10:10 | EncodingCache | INFO | Performance report generated successfully: benchmark_report_20260530_101010.txt
2026-05-30 10:10:11 | ErrorTracker | WARNING | [TestComponent] Transient error 0
2026-05-30 10:10:11 | ErrorTracker | WARNING | [TestComponent] Transient error 1
2026-05-30 10:10:11 | ErrorTracker | WARNING | [TestComponent] Transient error 2
2026-05-30 10:10:11 | ErrorTracker | WARNING | [TestComponent] Error 0
2026-05-30 10:10:11 | ErrorTracker | WARNING | [TestComponent] Error 1
2026-05-30 10:10:11 | ErrorTracker | WARNING | [TestComponent] Error 2
2026-05-30 10:10:11 | ErrorTracker | WARNING | [TestComponent] Error 3
2026-05-30 10:10:11 | ErrorTracker | WARNING | [TestComponent] Error 4
2026-05-30 10:10:11 | ErrorTracker | WARNING | [TestComponent] Transient error
2026-05-30 10:10:11 | ErrorTracker | WARNING | [TestComponent] Transient error 0
2026-05-30 10:10:11 | ErrorTracker | WARNING | [TestComponent] Transient error 1
2026-05-30 10:10:11 | ErrorTracker | WARNING | [TestComponent] Transient error 2
2026-05-30 10:10:11 | ErrorTracker | WARNING | [TestComponent] Transient error 0
2026-05-30 10:10:11 | ErrorTracker | WARNING | [TestComponent] Transient error 1
2026-05-30 10:10:11 | ErrorTracker | WARNING | [TestComponent] Transient error 2
2026-05-30 10:10:11 | ErrorTracker | WARNING | [TestComponent] Transient error 3
2026-05-30 10:10:11 | ErrorTracker | WARNING | [TestComponent] Transient error 4
2026-05-30 10:10:11 | ErrorTracker | WARNING | [TestComponent] Transient error 5
2026-05-30 10:10:11 | ErrorTracker | WARNING | [TestComponent] Transient error 6
2026-05-30 10:10:11 | ErrorTracker | WARNING | [TestComponent] Transient error 7
2026-05-30 10:10:11 | ErrorTracker | WARNING | [TestComponent] Transient error 8
2026-05-30 10:10:11 | ErrorTracker | WARNING | [TestComponent] Transient error 9
2026-05-30 10:10:11 | ErrorTracker | WARNING | [TestComponent] Transient error 10
2026-05-30 10:10:11 | ErrorTracker | WARNING | [TestComponent] Transient error 11
2026-05-30 10:10:11 | ErrorTracker | WARNING | [SourceA] Error 0
2026-05-30 10:10:11 | ErrorTracker | WARNING | [SourceA] Error 1
2026-05-30 10:10:11 | ErrorTracker | WARNING | [SourceA] Error 2
2026-05-30 10:10:11 | ErrorTracker | WARNING | [SourceB] Error 0
2026-05-30 10:10:11 | ErrorTracker | WARNING | [SourceB] Error 1
2026-05-30 10:10:11 | ErrorTracker | WARNING | [TestComponent] Test message
2026-05-30 10:10:11 | ErrorTracker | WARNING | [TestComponent] Test message
2026-05-30 10:10:11 | API_Connector | WARNING | Attendance transmission attempt 1/2 failed: Connection refused
2026-05-30 10:10:11 | API_Connector | WARNING | Attendance transmission attempt 2/2 failed: Connection refused
2026-05-30 10:10:11 | API_Connector | WARNING | Attendance transmission rejected. status_code=500 message=Server Error
2026-05-30 10:10:11 | API_Connector | INFO | Attendance logged successfully. status_code=200
2026-05-30 10:10:11 | API_Connector | INFO | Attendance logged successfully. status_code=201
2026-05-30 10:10:11 | API_Connector | WARNING | Attendance transmission attempt 1/2 failed: Request timed out
2026-05-30 10:10:11 | API_Connector | WARNING | Attendance transmission attempt 2/2 failed: Request timed out
2026-05-30 10:10:11 | API_Connector | WARNING | Payload validation failed: Missing student_id
2026-05-30 10:10:11 | API_Connector | WARNING | Mock transmission failed for student_id=1
2026-05-30 10:10:11 | API_Connector | INFO | Mock transmission succeeded for student_id=1
2026-05-30 10:10:11 | AttendanceManager | INFO | ATTENDANCE VERIFIED: 1_Aayushi (ID: 1)
2026-05-30 10:10:11 | EncodingCache | INFO | Successfully cached 3 face encodings in 0.40 ms.
2026-05-30 10:10:11 | EncodingCache | WARNING | Encoding file this_file_does_not_exist_12345.pickle not found. Recognition will not work until faces are encoded.
2026-05-30 10:10:11 | EncodingCache | ERROR | Failed to load encodings: pickle data was truncated
2026-05-30 10:10:11 | EncodingCache | INFO | Successfully cached 3 face encodings in 0.32 ms.
2026-05-30 10:10:12 | EncodingCache | INFO | Encoding file change detected (mtime changed). Reloading cache...
2026-05-30 10:10:12 | EncodingCache | INFO | Successfully cached 4 face encodings in 1.82 ms.
2026-05-30 10:10:12 | EncodingCache | INFO | Successfully cached 3 face encodings in 0.60 ms.
2026-05-30 10:10:12 | EncodingCache | INFO | Successfully cached 3 face encodings in 0.54 ms.
2026-05-30 10:10:12 | EncodingCache | INFO | Successfully cached 3 face encodings in 0.49 ms.
2026-05-30 10:47:10 | EncodingCache | INFO | Successfully cached 12 face encodings in 0.48 ms.
2026-05-30 10:47:10 | EncodingCache | INFO | Successfully cached 500 face encodings in 27.02 ms.
2026-05-30 10:47:11 | EncodingCache | INFO | Successfully cached 500 face encodings in 26.57 ms.
2026-05-30 10:47:11 | EncodingCache | INFO | Successfully cached 500 face encodings in 26.60 ms.
2026-05-30 10:47:11 | EncodingCache | INFO | Successfully cached 500 face encodings in 26.37 ms.
2026-05-30 10:47:11 | EncodingCache | INFO | Successfully cached 500 face encodings in 26.56 ms.
2026-05-30 10:47:11 | EncodingCache | INFO | Successfully cached 500 face encodings in 26.28 ms.
2026-05-30 10:47:11 | EncodingCache | INFO | Performance report generated successfully: benchmark_report_20260530_104711.txt
2026-05-30 10:47:12 | ErrorTracker | WARNING | [TestComponent] Transient error 0
2026-05-30 10:47:12 | ErrorTracker | WARNING | [TestComponent] Transient error 1
2026-05-30 10:47:12 | ErrorTracker | WARNING | [TestComponent] Transient error 2
2026-05-30 10:47:12 | ErrorTracker | WARNING | [TestComponent] Error 0
2026-05-30 10:47:12 | ErrorTracker | WARNING | [TestComponent] Error 1
2026-05-30 10:47:12 | ErrorTracker | WARNING | [TestComponent] Error 2
2026-05-30 10:47:12 | ErrorTracker | WARNING | [TestComponent] Error 3
2026-05-30 10:47:12 | ErrorTracker | WARNING | [TestComponent] Error 4
2026-05-30 10:47:12 | ErrorTracker | WARNING | [TestComponent] Transient error
2026-05-30 10:47:12 | ErrorTracker | WARNING | [TestComponent] Transient error 0
2026-05-30 10:47:12 | ErrorTracker | WARNING | [TestComponent] Transient error 1
2026-05-30 10:47:12 | ErrorTracker | WARNING | [TestComponent] Transient error 2
2026-05-30 10:47:12 | ErrorTracker | WARNING | [TestComponent] Transient error 0
2026-05-30 10:47:12 | ErrorTracker | WARNING | [TestComponent] Transient error 1
2026-05-30 10:47:12 | ErrorTracker | WARNING | [TestComponent] Transient error 2
2026-05-30 10:47:12 | ErrorTracker | WARNING | [TestComponent] Transient error 3
2026-05-30 10:47:12 | ErrorTracker | WARNING | [TestComponent] Transient error 4
2026-05-30 10:47:12 | ErrorTracker | WARNING | [TestComponent] Transient error 5
2026-05-30 10:47:12 | ErrorTracker | WARNING | [TestComponent] Transient error 6
2026-05-30 10:47:12 | ErrorTracker | WARNING | [TestComponent] Transient error 7
2026-05-30 10:47:12 | ErrorTracker | WARNING | [TestComponent] Transient error 8
2026-05-30 10:47:12 | ErrorTracker | WARNING | [TestComponent] Transient error 9
2026-05-30 10:47:12 | ErrorTracker | WARNING | [TestComponent] Transient error 10
2026-05-30 10:47:12 | ErrorTracker | WARNING | [TestComponent] Transient error 11
2026-05-30 10:47:12 | ErrorTracker | WARNING | [SourceA] Error 0
2026-05-30 10:47:12 | ErrorTracker | WARNING | [SourceA] Error 1
2026-05-30 10:47:12 | ErrorTracker | WARNING | [SourceA] Error 2
2026-05-30 10:47:12 | ErrorTracker | WARNING | [SourceB] Error 0
2026-05-30 10:47:12 | ErrorTracker | WARNING | [SourceB] Error 1
2026-05-30 10:47:12 | ErrorTracker | WARNING | [TestComponent] Test message
2026-05-30 10:47:12 | ErrorTracker | WARNING | [TestComponent] Test message
2026-05-30 10:47:12 | API_Connector | WARNING | Attendance transmission attempt 1/2 failed: Connection refused
2026-05-30 10:47:12 | API_Connector | WARNING | Attendance transmission attempt 2/2 failed: Connection refused
2026-05-30 10:47:12 | API_Connector | WARNING | Attendance transmission rejected. status_code=500 message=Server Error
2026-05-30 10:47:12 | API_Connector | INFO | Attendance logged successfully. status_code=200
2026-05-30 10:47:12 | API_Connector | INFO | Attendance logged successfully. status_code=201
2026-05-30 10:47:12 | API_Connector | WARNING | Attendance transmission attempt 1/2 failed: Request timed out
2026-05-30 10:47:12 | API_Connector | WARNING | Attendance transmission attempt 2/2 failed: Request timed out
2026-05-30 10:47:12 | API_Connector | WARNING | Payload validation failed: Missing student_id
2026-05-30 10:47:12 | API_Connector | WARNING | Mock transmission failed for student_id=1
2026-05-30 10:47:12 | API_Connector | INFO | Mock transmission succeeded for student_id=1
2026-05-30 10:47:12 | AttendanceManager | INFO | ATTENDANCE VERIFIED: 1_Aayushi (ID: 1)
2026-05-30 10:47:12 | EncodingCache | INFO | Successfully cached 3 face encodings in 0.41 ms.
2026-05-30 10:47:12 | EncodingCache | WARNING | Encoding file this_file_does_not_exist_12345.pickle not found. Recognition will not work until faces are encoded.
2026-05-30 10:47:12 | EncodingCache | ERROR | Failed to load encodings: pickle data was truncated
2026-05-30 10:47:12 | EncodingCache | INFO | Successfully cached 3 face encodings in 0.36 ms.
2026-05-30 10:47:13 | EncodingCache | INFO | Encoding file change detected (mtime changed). Reloading cache...
2026-05-30 10:47:13 | EncodingCache | INFO | Successfully cached 4 face encodings in 0.74 ms.
2026-05-30 10:47:13 | EncodingCache | INFO | Successfully cached 3 face encodings in 0.54 ms.
2026-05-30 10:47:13 | EncodingCache | INFO | Successfully cached 3 face encodings in 0.47 ms.
2026-05-30 10:47:13 | EncodingCache | INFO | Successfully cached 3 face encodings in 0.56 ms.
2026-05-30 10:52:21 | EncodingCache | INFO | Successfully cached 12 face encodings in 0.19 ms.
2026-05-30 10:52:21 | EncodingCache | INFO | Successfully cached 500 face encodings in 27.36 ms.
2026-05-30 10:52:21 | EncodingCache | INFO | Successfully cached 500 face encodings in 27.66 ms.
2026-05-30 10:52:21 | EncodingCache | INFO | Successfully cached 500 face encodings in 27.04 ms.
2026-05-30 10:52:21 | EncodingCache | INFO | Successfully cached 500 face encodings in 27.20 ms.
2026-05-30 10:52:21 | EncodingCache | INFO | Successfully cached 500 face encodings in 26.27 ms.
2026-05-30 10:52:21 | EncodingCache | INFO | Successfully cached 500 face encodings in 28.29 ms.
2026-05-30 10:52:21 | EncodingCache | INFO | Performance report generated successfully: benchmark_report_20260530_105221.txt
2026-05-30 10:52:22 | ErrorTracker | WARNING | [TestComponent] Transient error 0
2026-05-30 10:52:22 | ErrorTracker | WARNING | [TestComponent] Transient error 1
2026-05-30 10:52:22 | ErrorTracker | WARNING | [TestComponent] Transient error 2
2026-05-30 10:52:22 | ErrorTracker | WARNING | [TestComponent] Error 0
2026-05-30 10:52:22 | ErrorTracker | WARNING | [TestComponent] Error 1
2026-05-30 10:52:22 | ErrorTracker | WARNING | [TestComponent] Error 2
2026-05-30 10:52:22 | ErrorTracker | WARNING | [TestComponent] Error 3
2026-05-30 10:52:22 | ErrorTracker | WARNING | [TestComponent] Error 4
2026-05-30 10:52:22 | ErrorTracker | WARNING | [TestComponent] Transient error
2026-05-30 10:52:22 | ErrorTracker | WARNING | [TestComponent] Transient error 0
2026-05-30 10:52:22 | ErrorTracker | WARNING | [TestComponent] Transient error 1
2026-05-30 10:52:22 | ErrorTracker | WARNING | [TestComponent] Transient error 2
2026-05-30 10:52:22 | ErrorTracker | WARNING | [TestComponent] Transient error 0
2026-05-30 10:52:22 | ErrorTracker | WARNING | [TestComponent] Transient error 1
2026-05-30 10:52:22 | ErrorTracker | WARNING | [TestComponent] Transient error 2
2026-05-30 10:52:22 | ErrorTracker | WARNING | [TestComponent] Transient error 3
2026-05-30 10:52:22 | ErrorTracker | WARNING | [TestComponent] Transient error 4
2026-05-30 10:52:22 | ErrorTracker | WARNING | [TestComponent] Transient error 5
2026-05-30 10:52:22 | ErrorTracker | WARNING | [TestComponent] Transient error 6
2026-05-30 10:52:22 | ErrorTracker | WARNING | [TestComponent] Transient error 7
2026-05-30 10:52:22 | ErrorTracker | WARNING | [TestComponent] Transient error 8
2026-05-30 10:52:22 | ErrorTracker | WARNING | [TestComponent] Transient error 9
2026-05-30 10:52:22 | ErrorTracker | WARNING | [TestComponent] Transient error 10
2026-05-30 10:52:22 | ErrorTracker | WARNING | [TestComponent] Transient error 11
2026-05-30 10:52:22 | ErrorTracker | WARNING | [SourceA] Error 0
2026-05-30 10:52:22 | ErrorTracker | WARNING | [SourceA] Error 1
2026-05-30 10:52:22 | ErrorTracker | WARNING | [SourceA] Error 2
2026-05-30 10:52:22 | ErrorTracker | WARNING | [SourceB] Error 0
2026-05-30 10:52:22 | ErrorTracker | WARNING | [SourceB] Error 1
2026-05-30 10:52:22 | ErrorTracker | WARNING | [TestComponent] Test message
2026-05-30 10:52:22 | ErrorTracker | WARNING | [TestComponent] Test message
2026-05-30 10:52:22 | API_Connector | WARNING | Attendance transmission attempt 1/2 failed: Connection refused
2026-05-30 10:52:22 | API_Connector | WARNING | Attendance transmission attempt 2/2 failed: Connection refused
2026-05-30 10:52:22 | API_Connector | WARNING | Attendance transmission rejected. status_code=500 message=Server Error
2026-05-30 10:52:22 | API_Connector | INFO | Attendance logged successfully. status_code=200
2026-05-30 10:52:22 | API_Connector | INFO | Attendance logged successfully. status_code=201
2026-05-30 10:52:22 | API_Connector | WARNING | Attendance transmission attempt 1/2 failed: Request timed out
2026-05-30 10:52:22 | API_Connector | WARNING | Attendance transmission attempt 2/2 failed: Request timed out
2026-05-30 10:52:22 | API_Connector | WARNING | Payload validation failed: Missing student_id
2026-05-30 10:52:22 | API_Connector | WARNING | Mock transmission failed for student_id=1
2026-05-30 10:52:22 | API_Connector | INFO | Mock transmission succeeded for student_id=1
2026-05-30 10:52:22 | AttendanceManager | INFO | ATTENDANCE VERIFIED: 1_Aayushi (ID: 1)
2026-05-30 10:52:22 | EncodingCache | INFO | Successfully cached 3 face encodings in 0.66 ms.
2026-05-30 10:52:22 | EncodingCache | WARNING | Encoding file this_file_does_not_exist_12345.pickle not found. Recognition will not work until faces are encoded.
2026-05-30 10:52:22 | EncodingCache | ERROR | Failed to load encodings: pickle data was truncated
2026-05-30 10:52:22 | EncodingCache | INFO | Successfully cached 3 face encodings in 0.31 ms.
2026-05-30 10:52:23 | EncodingCache | INFO | Encoding file change detected (mtime changed). Reloading cache...
2026-05-30 10:52:23 | EncodingCache | INFO | Successfully cached 4 face encodings in 1.16 ms.
2026-05-30 10:52:23 | EncodingCache | INFO | Successfully cached 3 face encodings in 0.59 ms.
2026-05-30 10:52:23 | EncodingCache | INFO | Successfully cached 3 face encodings in 0.54 ms.
2026-05-30 10:52:23 | EncodingCache | INFO | Successfully cached 3 face encodings in 0.51 ms.
2026-05-30 10:53:24 | EncodingCache | INFO | Successfully cached 12 face encodings in 0.19 ms.
2026-05-30 10:53:24 | EncodingCache | INFO | Successfully cached 500 face encodings in 27.10 ms.
2026-05-30 10:53:24 | EncodingCache | INFO | Successfully cached 500 face encodings in 26.19 ms.
2026-05-30 10:53:25 | EncodingCache | INFO | Successfully cached 500 face encodings in 26.78 ms.
2026-05-30 10:53:25 | EncodingCache | INFO | Successfully cached 500 face encodings in 26.24 ms.
2026-05-30 10:53:25 | EncodingCache | INFO | Successfully cached 500 face encodings in 26.06 ms.
2026-05-30 10:53:25 | EncodingCache | INFO | Successfully cached 500 face encodings in 26.24 ms.
2026-05-30 10:53:25 | EncodingCache | INFO | Performance report generated successfully: benchmark_report_20260530_105325.txt
2026-05-30 10:53:26 | ErrorTracker | WARNING | [TestComponent] Transient error 0
2026-05-30 10:53:26 | ErrorTracker | WARNING | [TestComponent] Transient error 1
2026-05-30 10:53:26 | ErrorTracker | WARNING | [TestComponent] Transient error 2
2026-05-30 10:53:26 | ErrorTracker | WARNING | [TestComponent] Error 0
2026-05-30 10:53:26 | ErrorTracker | WARNING | [TestComponent] Error 1
2026-05-30 10:53:26 | ErrorTracker | WARNING | [TestComponent] Error 2
2026-05-30 10:53:26 | ErrorTracker | WARNING | [TestComponent] Error 3
2026-05-30 10:53:26 | ErrorTracker | WARNING | [TestComponent] Error 4
2026-05-30 10:53:26 | ErrorTracker | WARNING | [TestComponent] Transient error
2026-05-30 10:53:26 | ErrorTracker | WARNING | [TestComponent] Transient error 0
2026-05-30 10:53:26 | ErrorTracker | WARNING | [TestComponent] Transient error 1
2026-05-30 10:53:26 | ErrorTracker | WARNING | [TestComponent] Transient error 2
2026-05-30 10:53:26 | ErrorTracker | WARNING | [TestComponent] Transient error 0
2026-05-30 10:53:26 | ErrorTracker | WARNING | [TestComponent] Transient error 1
2026-05-30 10:53:26 | ErrorTracker | WARNING | [TestComponent] Transient error 2
2026-05-30 10:53:26 | ErrorTracker | WARNING | [TestComponent] Transient error 3
2026-05-30 10:53:26 | ErrorTracker | WARNING | [TestComponent] Transient error 4
2026-05-30 10:53:26 | ErrorTracker | WARNING | [TestComponent] Transient error 5
2026-05-30 10:53:26 | ErrorTracker | WARNING | [TestComponent] Transient error 6
2026-05-30 10:53:26 | ErrorTracker | WARNING | [TestComponent] Transient error 7
2026-05-30 10:53:26 | ErrorTracker | WARNING | [TestComponent] Transient error 8
2026-05-30 10:53:26 | ErrorTracker | WARNING | [TestComponent] Transient error 9
2026-05-30 10:53:26 | ErrorTracker | WARNING | [TestComponent] Transient error 10
2026-05-30 10:53:26 | ErrorTracker | WARNING | [TestComponent] Transient error 11
2026-05-30 10:53:26 | ErrorTracker | WARNING | [SourceA] Error 0
2026-05-30 10:53:26 | ErrorTracker | WARNING | [SourceA] Error 1
2026-05-30 10:53:26 | ErrorTracker | WARNING | [SourceA] Error 2
2026-05-30 10:53:26 | ErrorTracker | WARNING | [SourceB] Error 0
2026-05-30 10:53:26 | ErrorTracker | WARNING | [SourceB] Error 1
2026-05-30 10:53:26 | ErrorTracker | WARNING | [TestComponent] Test message
2026-05-30 10:53:26 | ErrorTracker | WARNING | [TestComponent] Test message
2026-05-30 10:53:26 | API_Connector | WARNING | Attendance transmission attempt 1/2 failed: Connection refused
2026-05-30 10:53:26 | API_Connector | WARNING | Attendance transmission attempt 2/2 failed: Connection refused
2026-05-30 10:53:26 | API_Connector | WARNING | Attendance transmission rejected. status_code=500 message=Server Error
2026-05-30 10:53:26 | API_Connector | INFO | Attendance logged successfully. status_code=200
2026-05-30 10:53:26 | API_Connector | INFO | Attendance logged successfully. status_code=201
2026-05-30 10:53:26 | API_Connector | WARNING | Attendance transmission attempt 1/2 failed: Request timed out
2026-05-30 10:53:26 | API_Connector | WARNING | Attendance transmission attempt 2/2 failed: Request timed out
2026-05-30 10:53:26 | API_Connector | WARNING | Payload validation failed: Missing student_id
2026-05-30 10:53:26 | API_Connector | WARNING | Mock transmission failed for student_id=1
2026-05-30 10:53:26 | API_Connector | INFO | Mock transmission succeeded for student_id=1
2026-05-30 10:53:26 | AttendanceManager | INFO | ATTENDANCE VERIFIED: 1_Aayushi (ID: 1)
2026-05-30 10:53:26 | EncodingCache | INFO | Successfully cached 3 face encodings in 0.39 ms.
2026-05-30 10:53:26 | EncodingCache | WARNING | Encoding file this_file_does_not_exist_12345.pickle not found. Recognition will not work until faces are encoded.
2026-05-30 10:53:26 | EncodingCache | ERROR | Failed to load encodings: pickle data was truncated
2026-05-30 10:53:26 | EncodingCache | INFO | Successfully cached 3 face encodings in 0.34 ms.
2026-05-30 10:53:27 | EncodingCache | INFO | Encoding file change detected (mtime changed). Reloading cache...
2026-05-30 10:53:27 | EncodingCache | INFO | Successfully cached 4 face encodings in 1.83 ms.
2026-05-30 10:53:27 | EncodingCache | INFO | Successfully cached 3 face encodings in 0.54 ms.
2026-05-30 10:53:27 | EncodingCache | INFO | Successfully cached 3 face encodings in 0.52 ms.
2026-05-30 10:53:27 | EncodingCache | INFO | Successfully cached 3 face encodings in 0.45 ms.
2026-05-30 10:54:03 | ErrorTracker | WARNING | [TestComponent] Transient error 0
2026-05-30 10:54:03 | ErrorTracker | WARNING | [TestComponent] Transient error 1
2026-05-30 10:54:03 | ErrorTracker | WARNING | [TestComponent] Transient error 2
2026-05-30 10:54:03 | ErrorTracker | WARNING | [TestComponent] Error 0
2026-05-30 10:54:03 | ErrorTracker | WARNING | [TestComponent] Error 1
2026-05-30 10:54:03 | ErrorTracker | WARNING | [TestComponent] Error 2
2026-05-30 10:54:03 | ErrorTracker | WARNING | [TestComponent] Error 3
2026-05-30 10:54:03 | ErrorTracker | WARNING | [TestComponent] Error 4
2026-05-30 10:54:03 | ErrorTracker | WARNING | [TestComponent] Transient error
2026-05-30 10:54:03 | ErrorTracker | WARNING | [TestComponent] Transient error 0
2026-05-30 10:54:03 | ErrorTracker | WARNING | [TestComponent] Transient error 1
2026-05-30 10:54:03 | ErrorTracker | WARNING | [TestComponent] Transient error 2
2026-05-30 10:54:03 | ErrorTracker | WARNING | [TestComponent] Transient error 0
2026-05-30 10:54:03 | ErrorTracker | WARNING | [TestComponent] Transient error 1
2026-05-30 10:54:03 | ErrorTracker | WARNING | [TestComponent] Transient error 2
2026-05-30 10:54:03 | ErrorTracker | WARNING | [TestComponent] Transient error 3
2026-05-30 10:54:03 | ErrorTracker | WARNING | [TestComponent] Transient error 4
2026-05-30 10:54:03 | ErrorTracker | WARNING | [TestComponent] Transient error 5
2026-05-30 10:54:03 | ErrorTracker | WARNING | [TestComponent] Transient error 6
2026-05-30 10:54:03 | ErrorTracker | WARNING | [TestComponent] Transient error 7
2026-05-30 10:54:03 | ErrorTracker | WARNING | [TestComponent] Transient error 8
2026-05-30 10:54:03 | ErrorTracker | WARNING | [TestComponent] Transient error 9
2026-05-30 10:54:03 | ErrorTracker | WARNING | [TestComponent] Transient error 10
2026-05-30 10:54:03 | ErrorTracker | WARNING | [TestComponent] Transient error 11
2026-05-30 10:54:03 | ErrorTracker | WARNING | [SourceA] Error 0
2026-05-30 10:54:03 | ErrorTracker | WARNING | [SourceA] Error 1
2026-05-30 10:54:03 | ErrorTracker | WARNING | [SourceA] Error 2
2026-05-30 10:54:03 | ErrorTracker | WARNING | [SourceB] Error 0
2026-05-30 10:54:03 | ErrorTracker | WARNING | [SourceB] Error 1
2026-05-30 10:54:03 | ErrorTracker | WARNING | [TestComponent] Test message
2026-05-30 10:54:03 | ErrorTracker | WARNING | [TestComponent] Test message
2026-05-30 10:54:46 | EncodingCache | INFO | Successfully cached 12 face encodings in 0.19 ms.
2026-05-30 10:54:46 | EncodingCache | INFO | Successfully cached 500 face encodings in 27.48 ms.
2026-05-30 10:54:46 | EncodingCache | INFO | Successfully cached 500 face encodings in 27.44 ms.
2026-05-30 10:54:46 | EncodingCache | INFO | Successfully cached 500 face encodings in 26.55 ms.
2026-05-30 10:54:46 | EncodingCache | INFO | Successfully cached 500 face encodings in 26.16 ms.
2026-05-30 10:54:46 | EncodingCache | INFO | Successfully cached 500 face encodings in 26.95 ms.
2026-05-30 10:54:46 | EncodingCache | INFO | Successfully cached 500 face encodings in 26.23 ms.
2026-05-30 10:54:46 | EncodingCache | INFO | Performance report generated successfully: benchmark_report_20260530_105446.txt
2026-05-30 10:54:47 | ErrorTracker | WARNING | [TestComponent] Transient error 0
2026-05-30 10:54:47 | ErrorTracker | WARNING | [TestComponent] Transient error 1
2026-05-30 10:54:47 | ErrorTracker | WARNING | [TestComponent] Transient error 2
2026-05-30 10:54:47 | ErrorTracker | WARNING | [TestComponent] Error 0
2026-05-30 10:54:47 | ErrorTracker | WARNING | [TestComponent] Error 1
2026-05-30 10:54:47 | ErrorTracker | WARNING | [TestComponent] Error 2
2026-05-30 10:54:47 | ErrorTracker | WARNING | [TestComponent] Error 3
2026-05-30 10:54:47 | ErrorTracker | WARNING | [TestComponent] Error 4
2026-05-30 10:54:47 | ErrorTracker | WARNING | [TestComponent] Transient error
2026-05-30 10:54:47 | ErrorTracker | WARNING | [TestComponent] Transient error 0
2026-05-30 10:54:47 | ErrorTracker | WARNING | [TestComponent] Transient error 1
2026-05-30 10:54:47 | ErrorTracker | WARNING | [TestComponent] Transient error 2
2026-05-30 10:54:47 | ErrorTracker | WARNING | [TestComponent] Transient error 0
2026-05-30 10:54:47 | ErrorTracker | WARNING | [TestComponent] Transient error 1
2026-05-30 10:54:47 | ErrorTracker | WARNING | [TestComponent] Transient error 2
2026-05-30 10:54:47 | ErrorTracker | WARNING | [TestComponent] Transient error 3
2026-05-30 10:54:47 | ErrorTracker | WARNING | [TestComponent] Transient error 4
2026-05-30 10:54:47 | ErrorTracker | WARNING | [TestComponent] Transient error 5
2026-05-30 10:54:47 | ErrorTracker | WARNING | [TestComponent] Transient error 6
2026-05-30 10:54:47 | ErrorTracker | WARNING | [TestComponent] Transient error 7
2026-05-30 10:54:47 | ErrorTracker | WARNING | [TestComponent] Transient error 8
2026-05-30 10:54:47 | ErrorTracker | WARNING | [TestComponent] Transient error 9
2026-05-30 10:54:47 | ErrorTracker | WARNING | [TestComponent] Transient error 10
2026-05-30 10:54:47 | ErrorTracker | WARNING | [TestComponent] Transient error 11
2026-05-30 10:54:47 | ErrorTracker | WARNING | [SourceA] Error 0
2026-05-30 10:54:47 | ErrorTracker | WARNING | [SourceA] Error 1
2026-05-30 10:54:47 | ErrorTracker | WARNING | [SourceA] Error 2
2026-05-30 10:54:47 | ErrorTracker | WARNING | [SourceB] Error 0
2026-05-30 10:54:47 | ErrorTracker | WARNING | [SourceB] Error 1
2026-05-30 10:54:47 | ErrorTracker | WARNING | [TestComponent] Test message
2026-05-30 10:54:47 | ErrorTracker | WARNING | [TestComponent] Test message
2026-05-30 10:54:47 | API_Connector | WARNING | Attendance transmission attempt 1/2 failed: Connection refused
2026-05-30 10:54:47 | API_Connector | WARNING | Attendance transmission attempt 2/2 failed: Connection refused
2026-05-30 10:54:47 | API_Connector | WARNING | Attendance transmission rejected. status_code=500 message=Server Error
2026-05-30 10:54:47 | API_Connector | INFO | Attendance logged successfully. status_code=200
2026-05-30 10:54:47 | API_Connector | INFO | Attendance logged successfully. status_code=201
2026-05-30 10:54:47 | API_Connector | WARNING | Attendance transmission attempt 1/2 failed: Request timed out
2026-05-30 10:54:47 | API_Connector | WARNING | Attendance transmission attempt 2/2 failed: Request timed out
2026-05-30 10:54:47 | API_Connector | WARNING | Payload validation failed: Missing student_id
2026-05-30 10:54:47 | API_Connector | WARNING | Mock transmission failed for student_id=1
2026-05-30 10:54:47 | API_Connector | INFO | Mock transmission succeeded for student_id=1
2026-05-30 10:54:47 | AttendanceManager | INFO | ATTENDANCE VERIFIED: 1_Aayushi (ID: 1)
2026-05-30 10:54:47 | EncodingCache | INFO | Successfully cached 3 face encodings in 0.40 ms.
2026-05-30 10:54:47 | EncodingCache | WARNING | Encoding file this_file_does_not_exist_12345.pickle not found. Recognition will not work until faces are encoded.
2026-05-30 10:54:47 | EncodingCache | ERROR | Failed to load encodings: pickle data was truncated
2026-05-30 10:54:47 | EncodingCache | INFO | Successfully cached 3 face encodings in 0.34 ms.
2026-05-30 10:54:48 | EncodingCache | INFO | Encoding file change detected (mtime changed). Reloading cache...
2026-05-30 10:54:48 | EncodingCache | INFO | Successfully cached 4 face encodings in 1.84 ms.
2026-05-30 10:54:48 | EncodingCache | INFO | Successfully cached 3 face encodings in 0.61 ms.
2026-05-30 10:54:48 | EncodingCache | INFO | Successfully cached 3 face encodings in 0.49 ms.
2026-05-30 10:54:48 | EncodingCache | INFO | Successfully cached 3 face encodings in 0.49 ms.
2026-05-30 10:55:08 | ErrorTracker | WARNING | [TestComponent] Transient error 0
2026-05-30 10:55:08 | ErrorTracker | WARNING | [TestComponent] Transient error 1
2026-05-30 10:55:08 | ErrorTracker | WARNING | [TestComponent] Transient error 2
2026-05-30 10:55:08 | ErrorTracker | WARNING | [TestComponent] Error 0
2026-05-30 10:55:08 | ErrorTracker | WARNING | [TestComponent] Error 1
2026-05-30 10:55:08 | ErrorTracker | WARNING | [TestComponent] Error 2
2026-05-30 10:55:08 | ErrorTracker | WARNING | [TestComponent] Error 3
2026-05-30 10:55:08 | ErrorTracker | WARNING | [TestComponent] Error 4
2026-05-30 10:55:08 | ErrorTracker | WARNING | [TestComponent] Transient error
2026-05-30 10:55:08 | ErrorTracker | WARNING | [TestComponent] Transient error 0
2026-05-30 10:55:08 | ErrorTracker | WARNING | [TestComponent] Transient error 1
2026-05-30 10:55:08 | ErrorTracker | WARNING | [TestComponent] Transient error 2
2026-05-30 10:55:08 | ErrorTracker | WARNING | [TestComponent] Transient error 0
2026-05-30 10:55:08 | ErrorTracker | WARNING | [TestComponent] Transient error 1
2026-05-30 10:55:08 | ErrorTracker | WARNING | [TestComponent] Transient error 2
2026-05-30 10:55:08 | ErrorTracker | WARNING | [TestComponent] Transient error 3
2026-05-30 10:55:08 | ErrorTracker | WARNING | [TestComponent] Transient error 4
2026-05-30 10:55:08 | ErrorTracker | WARNING | [TestComponent] Transient error 5
2026-05-30 10:55:08 | ErrorTracker | WARNING | [TestComponent] Transient error 6
2026-05-30 10:55:08 | ErrorTracker | WARNING | [TestComponent] Transient error 7
2026-05-30 10:55:08 | ErrorTracker | WARNING | [TestComponent] Transient error 8
2026-05-30 10:55:08 | ErrorTracker | WARNING | [TestComponent] Transient error 9
2026-05-30 10:55:08 | ErrorTracker | WARNING | [TestComponent] Transient error 10
2026-05-30 10:55:08 | ErrorTracker | WARNING | [TestComponent] Transient error 11
2026-05-30 10:55:08 | ErrorTracker | WARNING | [SourceA] Error 0
2026-05-30 10:55:08 | ErrorTracker | WARNING | [SourceA] Error 1
2026-05-30 10:55:08 | ErrorTracker | WARNING | [SourceA] Error 2
2026-05-30 10:55:08 | ErrorTracker | WARNING | [SourceB] Error 0
2026-05-30 10:55:08 | ErrorTracker | WARNING | [SourceB] Error 1
2026-05-30 10:55:08 | ErrorTracker | WARNING | [TestComponent] Test message
2026-05-30 10:55:08 | ErrorTracker | WARNING | [TestComponent] Test message
2026-05-30 10:55:08 | RecoveryManager | INFO | Webcam recovery attempt 1/5. Waiting 1.0s...
2026-05-30 10:55:08 | RecoveryManager | INFO | Webcam recovered successfully.
2026-05-30 10:55:08 | RecoveryManager | INFO | Webcam recovery attempt 1/5. Waiting 1.0s...
2026-05-30 10:55:08 | RecoveryManager | INFO | Webcam recovery attempt 2/5. Waiting 2.0s...
2026-05-30 10:55:08 | RecoveryManager | INFO | Webcam recovery attempt 3/5. Waiting 4.0s...
2026-05-30 10:55:08 | RecoveryManager | INFO | Webcam recovery attempt 4/5. Waiting 8.0s...
2026-05-30 10:55:08 | RecoveryManager | INFO | Webcam recovery attempt 5/5. Waiting 16.0s...
2026-05-30 10:55:08 | RecoveryManager | ERROR | Webcam recovery failed after max attempts.
2026-05-30 10:55:08 | RecoveryManager | ERROR | Encoding file dummy_encodings.pickle corrupted or invalid: Load error
2026-05-30 10:55:11 | EncodingCache | INFO | Successfully cached 12 face encodings in 0.19 ms.
2026-05-30 10:55:11 | EncodingCache | INFO | Successfully cached 500 face encodings in 27.53 ms.
2026-05-30 10:55:11 | EncodingCache | INFO | Successfully cached 500 face encodings in 27.24 ms.
2026-05-30 10:55:11 | EncodingCache | INFO | Successfully cached 500 face encodings in 27.41 ms.
2026-05-30 10:55:11 | EncodingCache | INFO | Successfully cached 500 face encodings in 27.75 ms.
2026-05-30 10:55:11 | EncodingCache | INFO | Successfully cached 500 face encodings in 27.21 ms.
2026-05-30 10:55:11 | EncodingCache | INFO | Successfully cached 500 face encodings in 26.90 ms.
2026-05-30 10:55:11 | EncodingCache | INFO | Performance report generated successfully: benchmark_report_20260530_105511.txt
2026-05-30 10:55:12 | ErrorTracker | WARNING | [TestComponent] Transient error 0
2026-05-30 10:55:12 | ErrorTracker | WARNING | [TestComponent] Transient error 1
2026-05-30 10:55:12 | ErrorTracker | WARNING | [TestComponent] Transient error 2
2026-05-30 10:55:12 | ErrorTracker | WARNING | [TestComponent] Error 0
2026-05-30 10:55:12 | ErrorTracker | WARNING | [TestComponent] Error 1
2026-05-30 10:55:12 | ErrorTracker | WARNING | [TestComponent] Error 2
2026-05-30 10:55:12 | ErrorTracker | WARNING | [TestComponent] Error 3
2026-05-30 10:55:12 | ErrorTracker | WARNING | [TestComponent] Error 4
2026-05-30 10:55:12 | ErrorTracker | WARNING | [TestComponent] Transient error
2026-05-30 10:55:12 | ErrorTracker | WARNING | [TestComponent] Transient error 0
2026-05-30 10:55:12 | ErrorTracker | WARNING | [TestComponent] Transient error 1
2026-05-30 10:55:12 | ErrorTracker | WARNING | [TestComponent] Transient error 2
2026-05-30 10:55:12 | ErrorTracker | WARNING | [TestComponent] Transient error 0
2026-05-30 10:55:12 | ErrorTracker | WARNING | [TestComponent] Transient error 1
2026-05-30 10:55:12 | ErrorTracker | WARNING | [TestComponent] Transient error 2
2026-05-30 10:55:12 | ErrorTracker | WARNING | [TestComponent] Transient error 3
2026-05-30 10:55:12 | ErrorTracker | WARNING | [TestComponent] Transient error 4
2026-05-30 10:55:12 | ErrorTracker | WARNING | [TestComponent] Transient error 5
2026-05-30 10:55:12 | ErrorTracker | WARNING | [TestComponent] Transient error 6
2026-05-30 10:55:12 | ErrorTracker | WARNING | [TestComponent] Transient error 7
2026-05-30 10:55:12 | ErrorTracker | WARNING | [TestComponent] Transient error 8
2026-05-30 10:55:12 | ErrorTracker | WARNING | [TestComponent] Transient error 9
2026-05-30 10:55:12 | ErrorTracker | WARNING | [TestComponent] Transient error 10
2026-05-30 10:55:12 | ErrorTracker | WARNING | [TestComponent] Transient error 11
2026-05-30 10:55:12 | ErrorTracker | WARNING | [SourceA] Error 0
2026-05-30 10:55:12 | ErrorTracker | WARNING | [SourceA] Error 1
2026-05-30 10:55:12 | ErrorTracker | WARNING | [SourceA] Error 2
2026-05-30 10:55:12 | ErrorTracker | WARNING | [SourceB] Error 0
2026-05-30 10:55:12 | ErrorTracker | WARNING | [SourceB] Error 1
2026-05-30 10:55:12 | ErrorTracker | WARNING | [TestComponent] Test message
2026-05-30 10:55:12 | ErrorTracker | WARNING | [TestComponent] Test message
2026-05-30 10:55:12 | RecoveryManager | INFO | Webcam recovery attempt 1/5. Waiting 1.0s...
2026-05-30 10:55:12 | RecoveryManager | INFO | Webcam recovered successfully.
2026-05-30 10:55:12 | RecoveryManager | INFO | Webcam recovery attempt 1/5. Waiting 1.0s...
2026-05-30 10:55:12 | RecoveryManager | INFO | Webcam recovery attempt 2/5. Waiting 2.0s...
2026-05-30 10:55:12 | RecoveryManager | INFO | Webcam recovery attempt 3/5. Waiting 4.0s...
2026-05-30 10:55:12 | RecoveryManager | INFO | Webcam recovery attempt 4/5. Waiting 8.0s...
2026-05-30 10:55:12 | RecoveryManager | INFO | Webcam recovery attempt 5/5. Waiting 16.0s...
2026-05-30 10:55:12 | RecoveryManager | ERROR | Webcam recovery failed after max attempts.
2026-05-30 10:55:12 | RecoveryManager | ERROR | Encoding file dummy_encodings.pickle corrupted or invalid: Load error
2026-05-30 10:55:12 | API_Connector | WARNING | Attendance transmission attempt 1/2 failed: Connection refused
2026-05-30 10:55:12 | API_Connector | WARNING | Attendance transmission attempt 2/2 failed: Connection refused
2026-05-30 10:55:12 | API_Connector | WARNING | Attendance transmission rejected. status_code=500 message=Server Error
2026-05-30 10:55:12 | API_Connector | INFO | Attendance logged successfully. status_code=200
2026-05-30 10:55:12 | API_Connector | INFO | Attendance logged successfully. status_code=201
2026-05-30 10:55:12 | API_Connector | WARNING | Attendance transmission attempt 1/2 failed: Request timed out
2026-05-30 10:55:12 | API_Connector | WARNING | Attendance transmission attempt 2/2 failed: Request timed out
2026-05-30 10:55:12 | API_Connector | WARNING | Payload validation failed: Missing student_id
2026-05-30 10:55:12 | API_Connector | WARNING | Mock transmission failed for student_id=1
2026-05-30 10:55:12 | API_Connector | INFO | Mock transmission succeeded for student_id=1
2026-05-30 10:55:12 | AttendanceManager | INFO | ATTENDANCE VERIFIED: 1_Aayushi (ID: 1)
2026-05-30 10:55:12 | EncodingCache | INFO | Successfully cached 3 face encodings in 0.32 ms.
2026-05-30 10:55:12 | EncodingCache | WARNING | Encoding file this_file_does_not_exist_12345.pickle not found. Recognition will not work until faces are encoded.
2026-05-30 10:55:12 | EncodingCache | ERROR | Failed to load encodings: pickle data was truncated
2026-05-30 10:55:12 | EncodingCache | INFO | Successfully cached 3 face encodings in 0.30 ms.
2026-05-30 10:55:14 | EncodingCache | INFO | Encoding file change detected (mtime changed). Reloading cache...
2026-05-30 10:55:14 | EncodingCache | INFO | Successfully cached 4 face encodings in 1.52 ms.
2026-05-30 10:55:14 | EncodingCache | INFO | Successfully cached 3 face encodings in 0.60 ms.
2026-05-30 10:55:14 | EncodingCache | INFO | Successfully cached 3 face encodings in 0.49 ms.
2026-05-30 10:55:14 | EncodingCache | INFO | Successfully cached 3 face encodings in 0.45 ms.
2026-05-30 10:55:49 | RealTimeRecognition | INFO | Initializing Hardened Face Recognition System (Phase 8)...
2026-05-30 10:55:49 | CameraHandler | INFO | Webcam 0 initialized successfully.
2026-05-30 10:55:49 | EncodingCache | INFO | Successfully cached 12 face encodings in 0.30 ms.
2026-05-30 10:55:49 | EncodingCache | INFO | Successfully cached 12 face encodings in 0.18 ms.
2026-05-30 10:55:49 | EncodingCache | INFO | Successfully cached 12 face encodings in 0.15 ms.
2026-05-30 10:55:49 | EncodingManager | INFO | Delegated known face loading to EncodingCache. Cached 12 faces.
2026-05-30 10:55:49 | RealTimeRecognition | CRITICAL | Unhandled Loop Exception: name 'FRAME_WIDTH' is not defined
2026-05-30 10:55:49 | ErrorTracker | CRITICAL | [MainLoop] Unhandled loop exception | Exception: NameError: name 'FRAME_WIDTH' is not defined
2026-05-30 10:55:49 | RealTimeRecognition | INFO | Cleaning up resources...
2026-05-30 10:55:49 | CameraHandler | INFO | Webcam resources released.
2026-05-30 10:56:01 | RealTimeRecognition | INFO | Initializing Hardened Face Recognition System (Phase 8)...
2026-05-30 10:56:02 | CameraHandler | INFO | Webcam 0 initialized successfully.
2026-05-30 10:56:02 | EncodingCache | INFO | Successfully cached 12 face encodings in 0.26 ms.
2026-05-30 10:56:02 | EncodingCache | INFO | Successfully cached 12 face encodings in 0.17 ms.
2026-05-30 10:56:02 | EncodingCache | INFO | Successfully cached 12 face encodings in 0.20 ms.
2026-05-30 10:56:02 | EncodingManager | INFO | Delegated known face loading to EncodingCache. Cached 12 faces.
2026-05-30 10:56:02 | RealTimeRecognition | INFO | Recognition system active. Press 'ESC' to exit.
2026-05-30 10:56:02 | RealTimeRecognition | WARNING | Error drawing HUD overlay: 'PerformanceTracker' object has no attribute 'get_average_processing_time'
2026-05-30 10:56:02 | RealTimeRecognition | WARNING | Error drawing HUD overlay: 'PerformanceTracker' object has no attribute 'get_average_processing_time'
2026-05-30 10:56:02 | RealTimeRecognition | WARNING | Error drawing HUD overlay: 'PerformanceTracker' object has no attribute 'get_average_processing_time'
2026-05-30 10:56:02 | RealTimeRecognition | WARNING | Error drawing HUD overlay: 'PerformanceTracker' object has no attribute 'get_average_processing_time'
2026-05-30 10:56:02 | RealTimeRecognition | WARNING | Error drawing HUD overlay: 'PerformanceTracker' object has no attribute 'get_average_processing_time'
2026-05-30 10:56:02 | RealTimeRecognition | WARNING | Error drawing HUD overlay: 'PerformanceTracker' object has no attribute 'get_average_processing_time'
2026-05-30 10:56:02 | RealTimeRecognition | WARNING | Error drawing HUD overlay: 'PerformanceTracker' object has no attribute 'get_average_processing_time'
2026-05-30 10:56:02 | RealTimeRecognition | WARNING | Error drawing HUD overlay: 'PerformanceTracker' object has no attribute 'get_average_processing_time'
2026-05-30 10:56:02 | RealTimeRecognition | WARNING | Error drawing HUD overlay: 'PerformanceTracker' object has no attribute 'get_average_processing_time'
2026-05-30 10:56:02 | RealTimeRecognition | WARNING | Error drawing HUD overlay: 'PerformanceTracker' object has no attribute 'get_average_processing_time'
2026-05-30 10:56:02 | RealTimeRecognition | WARNING | Error drawing HUD overlay: 'PerformanceTracker' object has no attribute 'get_average_processing_time'
2026-05-30 10:56:02 | ErrorTracker | WARNING | [MemoryMonitor] High memory usage detected: 500.1 MB (Threshold: 500 MB)
2026-05-30 10:56:02 | RealTimeRecognition | WARNING | Error drawing HUD overlay: 'PerformanceTracker' object has no attribute 'get_average_processing_time'
2026-05-30 10:56:02 | ErrorTracker | WARNING | [MemoryMonitor] High memory usage detected: 513.9 MB (Threshold: 500 MB)
2026-05-30 10:56:02 | RealTimeRecognition | WARNING | Error drawing HUD overlay: 'PerformanceTracker' object has no attribute 'get_average_processing_time'
2026-05-30 10:56:02 | ErrorTracker | WARNING | [MemoryMonitor] High memory usage detected: 515.5 MB (Threshold: 500 MB)
2026-05-30 10:56:02 | RealTimeRecognition | WARNING | Error drawing HUD overlay: 'PerformanceTracker' object has no attribute 'get_average_processing_time'
2026-05-30 10:56:02 | ErrorTracker | WARNING | [MemoryMonitor] High memory usage detected: 515.5 MB (Threshold: 500 MB)
2026-05-30 10:56:02 | RealTimeRecognition | WARNING | Error drawing HUD overlay: 'PerformanceTracker' object has no attribute 'get_average_processing_time'
2026-05-30 10:56:02 | ErrorTracker | WARNING | [MemoryMonitor] High memory usage detected: 515.6 MB (Threshold: 500 MB)
2026-05-30 10:56:02 | RealTimeRecognition | WARNING | Error drawing HUD overlay: 'PerformanceTracker' object has no attribute 'get_average_processing_time'
2026-05-30 10:56:02 | ErrorTracker | WARNING | [MemoryMonitor] High memory usage detected: 515.6 MB (Threshold: 500 MB)
2026-05-30 10:56:02 | RealTimeRecognition | WARNING | Error drawing HUD overlay: 'PerformanceTracker' object has no attribute 'get_average_processing_time'
2026-05-30 10:56:03 | ErrorTracker | WARNING | [MemoryMonitor] High memory usage detected: 516.6 MB (Threshold: 500 MB)
2026-05-30 10:56:03 | RealTimeRecognition | WARNING | Error drawing HUD overlay: 'PerformanceTracker' object has no attribute 'get_average_processing_time'
2026-05-30 10:56:03 | ErrorTracker | WARNING | [MemoryMonitor] High memory usage detected: 516.6 MB (Threshold: 500 MB)
2026-05-30 10:56:03 | RealTimeRecognition | WARNING | Error drawing HUD overlay: 'PerformanceTracker' object has no attribute 'get_average_processing_time'
2026-05-30 10:56:03 | ErrorTracker | WARNING | [MemoryMonitor] High memory usage detected: 516.6 MB (Threshold: 500 MB)
2026-05-30 10:56:03 | RealTimeRecognition | WARNING | Error drawing HUD overlay: 'PerformanceTracker' object has no attribute 'get_average_processing_time'
2026-05-30 10:56:03 | ErrorTracker | WARNING | [MemoryMonitor] High memory usage detected: 516.6 MB (Threshold: 500 MB)
2026-05-30 10:56:03 | RealTimeRecognition | WARNING | Error drawing HUD overlay: 'PerformanceTracker' object has no attribute 'get_average_processing_time'
2026-05-30 10:56:03 | ErrorTracker | WARNING | [MemoryMonitor] High memory usage detected: 516.6 MB (Threshold: 500 MB)
2026-05-30 10:56:03 | RealTimeRecognition | WARNING | Error drawing HUD overlay: 'PerformanceTracker' object has no attribute 'get_average_processing_time'
2026-05-30 10:56:03 | ErrorTracker | WARNING | [MemoryMonitor] High memory usage detected: 516.6 MB (Threshold: 500 MB)
2026-05-30 10:56:03 | RealTimeRecognition | WARNING | Error drawing HUD overlay: 'PerformanceTracker' object has no attribute 'get_average_processing_time'
2026-05-30 10:56:03 | ErrorTracker | WARNING | [MemoryMonitor] High memory usage detected: 516.7 MB (Threshold: 500 MB)
2026-05-30 10:56:03 | RealTimeRecognition | WARNING | Error drawing HUD overlay: 'PerformanceTracker' object has no attribute 'get_average_processing_time'
2026-05-30 10:56:03 | ErrorTracker | WARNING | [MemoryMonitor] High memory usage detected: 516.7 MB (Threshold: 500 MB)
2026-05-30 10:56:03 | RealTimeRecognition | WARNING | Error drawing HUD overlay: 'PerformanceTracker' object has no attribute 'get_average_processing_time'
2026-05-30 10:56:03 | ErrorTracker | WARNING | [MemoryMonitor] High memory usage detected: 516.7 MB (Threshold: 500 MB)
2026-05-30 10:56:03 | RealTimeRecognition | WARNING | Error drawing HUD overlay: 'PerformanceTracker' object has no attribute 'get_average_processing_time'
2026-05-30 10:56:03 | ErrorTracker | WARNING | [MemoryMonitor] High memory usage detected: 516.7 MB (Threshold: 500 MB)
2026-05-30 10:56:03 | RealTimeRecognition | WARNING | Error drawing HUD overlay: 'PerformanceTracker' object has no attribute 'get_average_processing_time'
2026-05-30 10:56:03 | ErrorTracker | WARNING | [MemoryMonitor] High memory usage detected: 516.7 MB (Threshold: 500 MB)
2026-05-30 10:56:03 | RealTimeRecognition | WARNING | Error drawing HUD overlay: 'PerformanceTracker' object has no attribute 'get_average_processing_time'
2026-05-30 10:56:03 | ErrorTracker | WARNING | [MemoryMonitor] High memory usage detected: 516.7 MB (Threshold: 500 MB)
2026-05-30 10:56:03 | RealTimeRecognition | WARNING | Error drawing HUD overlay: 'PerformanceTracker' object has no attribute 'get_average_processing_time'
2026-05-30 10:56:03 | ErrorTracker | WARNING | [MemoryMonitor] High memory usage detected: 517.2 MB (Threshold: 500 MB)
2026-05-30 10:56:03 | RealTimeRecognition | WARNING | Error drawing HUD overlay: 'PerformanceTracker' object has no attribute 'get_average_processing_time'
2026-05-30 10:56:03 | ErrorTracker | WARNING | [MemoryMonitor] High memory usage detected: 519.4 MB (Threshold: 500 MB)
2026-05-30 10:56:03 | RealTimeRecognition | WARNING | Error drawing HUD overlay: 'PerformanceTracker' object has no attribute 'get_average_processing_time'
2026-05-30 10:56:03 | ErrorTracker | WARNING | [MemoryMonitor] High memory usage detected: 519.9 MB (Threshold: 500 MB)
2026-05-30 10:56:03 | RealTimeRecognition | WARNING | Error drawing HUD overlay: 'PerformanceTracker' object has no attribute 'get_average_processing_time'
2026-05-30 10:56:03 | ErrorTracker | WARNING | [MemoryMonitor] High memory usage detected: 520.1 MB (Threshold: 500 MB)
2026-05-30 10:56:03 | RealTimeRecognition | WARNING | Error drawing HUD overlay: 'PerformanceTracker' object has no attribute 'get_average_processing_time'
2026-05-30 10:56:03 | ErrorTracker | WARNING | [MemoryMonitor] High memory usage detected: 520.1 MB (Threshold: 500 MB)
2026-05-30 10:56:03 | RealTimeRecognition | WARNING | Error drawing HUD overlay: 'PerformanceTracker' object has no attribute 'get_average_processing_time'
2026-05-30 10:56:03 | ErrorTracker | WARNING | [MemoryMonitor] High memory usage detected: 520.1 MB (Threshold: 500 MB)
2026-05-30 10:56:03 | RealTimeRecognition | WARNING | Error drawing HUD overlay: 'PerformanceTracker' object has no attribute 'get_average_processing_time'
2026-05-30 10:56:03 | ErrorTracker | WARNING | [MemoryMonitor] High memory usage detected: 520.1 MB (Threshold: 500 MB)
2026-05-30 10:56:03 | RealTimeRecognition | WARNING | Error drawing HUD overlay: 'PerformanceTracker' object has no attribute 'get_average_processing_time'
2026-05-30 10:56:03 | ErrorTracker | WARNING | [MemoryMonitor] High memory usage detected: 520.1 MB (Threshold: 500 MB)
2026-05-30 10:56:03 | RealTimeRecognition | WARNING | Error drawing HUD overlay: 'PerformanceTracker' object has no attribute 'get_average_processing_time'
2026-05-30 10:56:03 | ErrorTracker | WARNING | [MemoryMonitor] High memory usage detected: 520.1 MB (Threshold: 500 MB)
2026-05-30 10:56:03 | RealTimeRecognition | WARNING | Error drawing HUD overlay: 'PerformanceTracker' object has no attribute 'get_average_processing_time'
2026-05-30 10:56:03 | ErrorTracker | WARNING | [MemoryMonitor] High memory usage detected: 520.1 MB (Threshold: 500 MB)
2026-05-30 10:56:03 | RealTimeRecognition | WARNING | Error drawing HUD overlay: 'PerformanceTracker' object has no attribute 'get_average_processing_time'
2026-05-30 10:56:03 | ErrorTracker | WARNING | [MemoryMonitor] High memory usage detected: 520.1 MB (Threshold: 500 MB)
2026-05-30 10:56:03 | RealTimeRecognition | WARNING | Error drawing HUD overlay: 'PerformanceTracker' object has no attribute 'get_average_processing_time'
2026-05-30 10:56:03 | ErrorTracker | WARNING | [MemoryMonitor] High memory usage detected: 520.1 MB (Threshold: 500 MB)
2026-05-30 10:56:03 | RealTimeRecognition | WARNING | Error drawing HUD overlay: 'PerformanceTracker' object has no attribute 'get_average_processing_time'
2026-05-30 10:56:03 | ErrorTracker | WARNING | [MemoryMonitor] High memory usage detected: 520.2 MB (Threshold: 500 MB)
2026-05-30 10:56:03 | RealTimeRecognition | WARNING | Error drawing HUD overlay: 'PerformanceTracker' object has no attribute 'get_average_processing_time'
2026-05-30 10:56:03 | ErrorTracker | WARNING | [MemoryMonitor] High memory usage detected: 520.2 MB (Threshold: 500 MB)
2026-05-30 10:56:03 | RealTimeRecognition | WARNING | Error drawing HUD overlay: 'PerformanceTracker' object has no attribute 'get_average_processing_time'
2026-05-30 10:56:03 | ErrorTracker | WARNING | [MemoryMonitor] High memory usage detected: 520.2 MB (Threshold: 500 MB)
2026-05-30 10:56:03 | RealTimeRecognition | WARNING | Error drawing HUD overlay: 'PerformanceTracker' object has no attribute 'get_average_processing_time'
2026-05-30 10:56:03 | ErrorTracker | WARNING | [MemoryMonitor] High memory usage detected: 520.2 MB (Threshold: 500 MB)
2026-05-30 10:56:03 | RealTimeRecognition | WARNING | Error drawing HUD overlay: 'PerformanceTracker' object has no attribute 'get_average_processing_time'
2026-05-30 10:56:03 | ErrorTracker | WARNING | [MemoryMonitor] High memory usage detected: 520.2 MB (Threshold: 500 MB)
2026-05-30 10:56:03 | RealTimeRecognition | WARNING | Error drawing HUD overlay: 'PerformanceTracker' object has no attribute 'get_average_processing_time'
2026-05-30 10:56:03 | ErrorTracker | WARNING | [MemoryMonitor] High memory usage detected: 520.2 MB (Threshold: 500 MB)
2026-05-30 10:56:03 | RealTimeRecognition | WARNING | Error drawing HUD overlay: 'PerformanceTracker' object has no attribute 'get_average_processing_time'
2026-05-30 10:56:04 | ErrorTracker | WARNING | [MemoryMonitor] High memory usage detected: 520.2 MB (Threshold: 500 MB)
2026-05-30 10:56:04 | RealTimeRecognition | WARNING | Error drawing HUD overlay: 'PerformanceTracker' object has no attribute 'get_average_processing_time'
2026-05-30 10:56:04 | ErrorTracker | WARNING | [MemoryMonitor] High memory usage detected: 520.2 MB (Threshold: 500 MB)
2026-05-30 10:56:04 | RealTimeRecognition | WARNING | Error drawing HUD overlay: 'PerformanceTracker' object has no attribute 'get_average_processing_time'
2026-05-30 10:56:04 | ErrorTracker | WARNING | [MemoryMonitor] High memory usage detected: 520.2 MB (Threshold: 500 MB)
2026-05-30 10:56:04 | RealTimeRecognition | WARNING | Error drawing HUD overlay: 'PerformanceTracker' object has no attribute 'get_average_processing_time'
2026-05-30 10:56:04 | ErrorTracker | WARNING | [MemoryMonitor] High memory usage detected: 520.2 MB (Threshold: 500 MB)
2026-05-30 10:56:04 | RealTimeRecognition | WARNING | Error drawing HUD overlay: 'PerformanceTracker' object has no attribute 'get_average_processing_time'
2026-05-30 10:56:04 | ErrorTracker | WARNING | [MemoryMonitor] High memory usage detected: 520.2 MB (Threshold: 500 MB)
2026-05-30 10:56:04 | RealTimeRecognition | WARNING | Error drawing HUD overlay: 'PerformanceTracker' object has no attribute 'get_average_processing_time'
2026-05-30 10:56:04 | ErrorTracker | WARNING | [MemoryMonitor] High memory usage detected: 520.2 MB (Threshold: 500 MB)
2026-05-30 10:56:04 | RealTimeRecognition | WARNING | Error drawing HUD overlay: 'PerformanceTracker' object has no attribute 'get_average_processing_time'
2026-05-30 10:56:04 | ErrorTracker | WARNING | [MemoryMonitor] High memory usage detected: 520.2 MB (Threshold: 500 MB)
2026-05-30 10:56:04 | RealTimeRecognition | WARNING | Error drawing HUD overlay: 'PerformanceTracker' object has no attribute 'get_average_processing_time'
2026-05-30 10:56:04 | ErrorTracker | WARNING | [MemoryMonitor] High memory usage detected: 520.2 MB (Threshold: 500 MB)
2026-05-30 10:56:04 | RealTimeRecognition | WARNING | Error drawing HUD overlay: 'PerformanceTracker' object has no attribute 'get_average_processing_time'
2026-05-30 10:56:04 | ErrorTracker | WARNING | [MemoryMonitor] High memory usage detected: 520.2 MB (Threshold: 500 MB)
2026-05-30 10:56:04 | RealTimeRecognition | WARNING | Error drawing HUD overlay: 'PerformanceTracker' object has no attribute 'get_average_processing_time'
2026-05-30 10:56:04 | ErrorTracker | WARNING | [MemoryMonitor] High memory usage detected: 520.2 MB (Threshold: 500 MB)
2026-05-30 10:56:04 | RealTimeRecognition | WARNING | Error drawing HUD overlay: 'PerformanceTracker' object has no attribute 'get_average_processing_time'
2026-05-30 10:56:04 | ErrorTracker | WARNING | [MemoryMonitor] High memory usage detected: 520.2 MB (Threshold: 500 MB)
2026-05-30 10:56:04 | RealTimeRecognition | WARNING | Error drawing HUD overlay: 'PerformanceTracker' object has no attribute 'get_average_processing_time'
2026-05-30 10:56:04 | ErrorTracker | WARNING | [MemoryMonitor] High memory usage detected: 520.2 MB (Threshold: 500 MB)
2026-05-30 10:56:04 | RealTimeRecognition | WARNING | Error drawing HUD overlay: 'PerformanceTracker' object has no attribute 'get_average_processing_time'
2026-05-30 10:56:04 | ErrorTracker | WARNING | [MemoryMonitor] High memory usage detected: 521.0 MB (Threshold: 500 MB)
2026-05-30 10:56:04 | RealTimeRecognition | WARNING | Error drawing HUD overlay: 'PerformanceTracker' object has no attribute 'get_average_processing_time'
2026-05-30 10:56:04 | ErrorTracker | WARNING | [MemoryMonitor] High memory usage detected: 521.0 MB (Threshold: 500 MB)
2026-05-30 10:56:04 | RealTimeRecognition | WARNING | Error drawing HUD overlay: 'PerformanceTracker' object has no attribute 'get_average_processing_time'
2026-05-30 10:56:04 | ErrorTracker | WARNING | [MemoryMonitor] High memory usage detected: 521.0 MB (Threshold: 500 MB)
2026-05-30 10:56:04 | RealTimeRecognition | WARNING | Error drawing HUD overlay: 'PerformanceTracker' object has no attribute 'get_average_processing_time'
2026-05-30 10:56:04 | ErrorTracker | WARNING | [MemoryMonitor] High memory usage detected: 521.0 MB (Threshold: 500 MB)
2026-05-30 10:56:04 | RealTimeRecognition | WARNING | Error drawing HUD overlay: 'PerformanceTracker' object has no attribute 'get_average_processing_time'
2026-05-30 10:56:04 | ErrorTracker | WARNING | [MemoryMonitor] High memory usage detected: 521.0 MB (Threshold: 500 MB)
2026-05-30 10:56:04 | RealTimeRecognition | WARNING | Error drawing HUD overlay: 'PerformanceTracker' object has no attribute 'get_average_processing_time'
2026-05-30 10:56:04 | ErrorTracker | WARNING | [MemoryMonitor] High memory usage detected: 521.0 MB (Threshold: 500 MB)
2026-05-30 10:56:04 | RealTimeRecognition | WARNING | Error drawing HUD overlay: 'PerformanceTracker' object has no attribute 'get_average_processing_time'
2026-05-30 10:56:04 | ErrorTracker | WARNING | [MemoryMonitor] High memory usage detected: 521.0 MB (Threshold: 500 MB)
2026-05-30 10:56:04 | RealTimeRecognition | WARNING | Error drawing HUD overlay: 'PerformanceTracker' object has no attribute 'get_average_processing_time'
2026-05-30 10:56:04 | ErrorTracker | WARNING | [MemoryMonitor] High memory usage detected: 521.0 MB (Threshold: 500 MB)
2026-05-30 10:56:04 | RealTimeRecognition | WARNING | Error drawing HUD overlay: 'PerformanceTracker' object has no attribute 'get_average_processing_time'
2026-05-30 10:56:04 | ErrorTracker | WARNING | [MemoryMonitor] High memory usage detected: 521.0 MB (Threshold: 500 MB)
2026-05-30 10:56:04 | RealTimeRecognition | WARNING | Error drawing HUD overlay: 'PerformanceTracker' object has no attribute 'get_average_processing_time'
2026-05-30 10:56:04 | ErrorTracker | WARNING | [MemoryMonitor] High memory usage detected: 521.0 MB (Threshold: 500 MB)
2026-05-30 10:56:04 | RealTimeRecognition | WARNING | Error drawing HUD overlay: 'PerformanceTracker' object has no attribute 'get_average_processing_time'
2026-05-30 10:56:04 | ErrorTracker | WARNING | [MemoryMonitor] High memory usage detected: 521.0 MB (Threshold: 500 MB)
2026-05-30 10:56:04 | RealTimeRecognition | WARNING | Error drawing HUD overlay: 'PerformanceTracker' object has no attribute 'get_average_processing_time'
2026-05-30 10:56:04 | ErrorTracker | WARNING | [MemoryMonitor] High memory usage detected: 521.0 MB (Threshold: 500 MB)
2026-05-30 10:56:04 | RealTimeRecognition | WARNING | Error drawing HUD overlay: 'PerformanceTracker' object has no attribute 'get_average_processing_time'
2026-05-30 10:56:04 | ErrorTracker | WARNING | [MemoryMonitor] High memory usage detected: 521.0 MB (Threshold: 500 MB)
2026-05-30 10:56:04 | RealTimeRecognition | WARNING | Error drawing HUD overlay: 'PerformanceTracker' object has no attribute 'get_average_processing_time'
2026-05-30 10:56:04 | ErrorTracker | WARNING | [MemoryMonitor] High memory usage detected: 521.0 MB (Threshold: 500 MB)
2026-05-30 10:56:04 | RealTimeRecognition | WARNING | Error drawing HUD overlay: 'PerformanceTracker' object has no attribute 'get_average_processing_time'
2026-05-30 10:56:04 | ErrorTracker | WARNING | [MemoryMonitor] High memory usage detected: 521.0 MB (Threshold: 500 MB)
2026-05-30 10:56:04 | RealTimeRecognition | WARNING | Error drawing HUD overlay: 'PerformanceTracker' object has no attribute 'get_average_processing_time'
2026-05-30 10:56:04 | ErrorTracker | WARNING | [MemoryMonitor] High memory usage detected: 521.0 MB (Threshold: 500 MB)
2026-05-30 10:56:04 | RealTimeRecognition | WARNING | Error drawing HUD overlay: 'PerformanceTracker' object has no attribute 'get_average_processing_time'
2026-05-30 10:56:04 | ErrorTracker | WARNING | [MemoryMonitor] High memory usage detected: 521.0 MB (Threshold: 500 MB)
2026-05-30 10:56:04 | RealTimeRecognition | WARNING | Error drawing HUD overlay: 'PerformanceTracker' object has no attribute 'get_average_processing_time'
2026-05-30 10:56:04 | ErrorTracker | WARNING | [MemoryMonitor] High memory usage detected: 521.0 MB (Threshold: 500 MB)
2026-05-30 10:56:04 | RealTimeRecognition | WARNING | Error drawing HUD overlay: 'PerformanceTracker' object has no attribute 'get_average_processing_time'
2026-05-30 10:56:05 | ErrorTracker | WARNING | [MemoryMonitor] High memory usage detected: 521.0 MB (Threshold: 500 MB)
2026-05-30 10:56:05 | RealTimeRecognition | WARNING | Error drawing HUD overlay: 'PerformanceTracker' object has no attribute 'get_average_processing_time'
2026-05-30 10:56:05 | ErrorTracker | WARNING | [MemoryMonitor] High memory usage detected: 521.0 MB (Threshold: 500 MB)
2026-05-30 10:56:05 | RealTimeRecognition | WARNING | Error drawing HUD overlay: 'PerformanceTracker' object has no attribute 'get_average_processing_time'
2026-05-30 10:56:05 | ErrorTracker | WARNING | [MemoryMonitor] High memory usage detected: 521.0 MB (Threshold: 500 MB)
2026-05-30 10:56:05 | RealTimeRecognition | WARNING | Error drawing HUD overlay: 'PerformanceTracker' object has no attribute 'get_average_processing_time'
2026-05-30 10:56:05 | ErrorTracker | WARNING | [MemoryMonitor] High memory usage detected: 521.0 MB (Threshold: 500 MB)
2026-05-30 10:56:05 | RealTimeRecognition | WARNING | Error drawing HUD overlay: 'PerformanceTracker' object has no attribute 'get_average_processing_time'
2026-05-30 10:56:05 | ErrorTracker | WARNING | [MemoryMonitor] High memory usage detected: 521.0 MB (Threshold: 500 MB)
2026-05-30 10:56:05 | RealTimeRecognition | WARNING | Error drawing HUD overlay: 'PerformanceTracker' object has no attribute 'get_average_processing_time'
2026-05-30 10:56:05 | ErrorTracker | WARNING | [MemoryMonitor] High memory usage detected: 521.0 MB (Threshold: 500 MB)
2026-05-30 10:56:05 | RealTimeRecognition | WARNING | Error drawing HUD overlay: 'PerformanceTracker' object has no attribute 'get_average_processing_time'
2026-05-30 10:56:05 | ErrorTracker | WARNING | [MemoryMonitor] High memory usage detected: 521.0 MB (Threshold: 500 MB)
2026-05-30 10:56:05 | RealTimeRecognition | WARNING | Error drawing HUD overlay: 'PerformanceTracker' object has no attribute 'get_average_processing_time'
2026-05-30 10:56:05 | ErrorTracker | WARNING | [MemoryMonitor] High memory usage detected: 521.0 MB (Threshold: 500 MB)
2026-05-30 10:56:05 | RealTimeRecognition | WARNING | Error drawing HUD overlay: 'PerformanceTracker' object has no attribute 'get_average_processing_time'
2026-05-30 10:56:05 | ErrorTracker | WARNING | [MemoryMonitor] High memory usage detected: 521.1 MB (Threshold: 500 MB)
2026-05-30 10:56:05 | RealTimeRecognition | WARNING | Error drawing HUD overlay: 'PerformanceTracker' object has no attribute 'get_average_processing_time'
2026-05-30 10:56:05 | ErrorTracker | WARNING | [MemoryMonitor] High memory usage detected: 521.1 MB (Threshold: 500 MB)
2026-05-30 10:56:05 | RealTimeRecognition | WARNING | Error drawing HUD overlay: 'PerformanceTracker' object has no attribute 'get_average_processing_time'
2026-05-30 10:56:05 | ErrorTracker | WARNING | [MemoryMonitor] High memory usage detected: 521.1 MB (Threshold: 500 MB)
2026-05-30 10:56:05 | RealTimeRecognition | WARNING | Error drawing HUD overlay: 'PerformanceTracker' object has no attribute 'get_average_processing_time'
2026-05-30 10:56:05 | ErrorTracker | WARNING | [MemoryMonitor] High memory usage detected: 521.1 MB (Threshold: 500 MB)
2026-05-30 10:56:05 | RealTimeRecognition | WARNING | Error drawing HUD overlay: 'PerformanceTracker' object has no attribute 'get_average_processing_time'
2026-05-30 10:56:05 | ErrorTracker | WARNING | [MemoryMonitor] High memory usage detected: 521.1 MB (Threshold: 500 MB)
2026-05-30 10:56:05 | RealTimeRecognition | WARNING | Error drawing HUD overlay: 'PerformanceTracker' object has no attribute 'get_average_processing_time'
2026-05-30 10:56:05 | ErrorTracker | WARNING | [MemoryMonitor] High memory usage detected: 521.1 MB (Threshold: 500 MB)
2026-05-30 10:56:05 | RealTimeRecognition | WARNING | Error drawing HUD overlay: 'PerformanceTracker' object has no attribute 'get_average_processing_time'
2026-05-30 10:56:05 | ErrorTracker | WARNING | [MemoryMonitor] High memory usage detected: 521.1 MB (Threshold: 500 MB)
2026-05-30 10:56:05 | RealTimeRecognition | WARNING | Error drawing HUD overlay: 'PerformanceTracker' object has no attribute 'get_average_processing_time'
2026-05-30 10:56:05 | ErrorTracker | WARNING | [MemoryMonitor] High memory usage detected: 521.1 MB (Threshold: 500 MB)
2026-05-30 10:56:05 | RealTimeRecognition | WARNING | Error drawing HUD overlay: 'PerformanceTracker' object has no attribute 'get_average_processing_time'
2026-05-30 10:56:05 | ErrorTracker | WARNING | [MemoryMonitor] High memory usage detected: 521.1 MB (Threshold: 500 MB)
2026-05-30 10:56:05 | RealTimeRecognition | WARNING | Error drawing HUD overlay: 'PerformanceTracker' object has no attribute 'get_average_processing_time'
2026-05-30 10:56:05 | ErrorTracker | WARNING | [MemoryMonitor] High memory usage detected: 521.1 MB (Threshold: 500 MB)
2026-05-30 10:56:05 | RealTimeRecognition | WARNING | Error drawing HUD overlay: 'PerformanceTracker' object has no attribute 'get_average_processing_time'
2026-05-30 10:56:05 | ErrorTracker | WARNING | [MemoryMonitor] High memory usage detected: 521.1 MB (Threshold: 500 MB)
2026-05-30 10:56:05 | RealTimeRecognition | WARNING | Error drawing HUD overlay: 'PerformanceTracker' object has no attribute 'get_average_processing_time'
2026-05-30 10:56:05 | ErrorTracker | WARNING | [MemoryMonitor] High memory usage detected: 521.1 MB (Threshold: 500 MB)
2026-05-30 10:56:05 | RealTimeRecognition | WARNING | Error drawing HUD overlay: 'PerformanceTracker' object has no attribute 'get_average_processing_time'
2026-05-30 10:56:05 | ErrorTracker | WARNING | [MemoryMonitor] High memory usage detected: 521.1 MB (Threshold: 500 MB)
2026-05-30 10:56:05 | RealTimeRecognition | WARNING | Error drawing HUD overlay: 'PerformanceTracker' object has no attribute 'get_average_processing_time'
2026-05-30 10:56:05 | ErrorTracker | WARNING | [MemoryMonitor] High memory usage detected: 521.1 MB (Threshold: 500 MB)
2026-05-30 10:56:05 | RealTimeRecognition | WARNING | Error drawing HUD overlay: 'PerformanceTracker' object has no attribute 'get_average_processing_time'
2026-05-30 10:56:05 | ErrorTracker | WARNING | [MemoryMonitor] High memory usage detected: 521.1 MB (Threshold: 500 MB)
2026-05-30 10:56:05 | RealTimeRecognition | WARNING | Error drawing HUD overlay: 'PerformanceTracker' object has no attribute 'get_average_processing_time'
2026-05-30 10:56:05 | ErrorTracker | WARNING | [MemoryMonitor] High memory usage detected: 521.1 MB (Threshold: 500 MB)
2026-05-30 10:56:05 | RealTimeRecognition | WARNING | Error drawing HUD overlay: 'PerformanceTracker' object has no attribute 'get_average_processing_time'
2026-05-30 10:56:05 | RealTimeRecognition | WARNING | SYSTEM IN DEGRADED HEALTH: error rate is 90.0 errors/min. Errors by source: {'MemoryMonitor': 90}
2026-05-30 10:56:05 | RealTimeRecognition | WARNING | System memory usage is high: 521.1 MB (Threshold: 500 MB)
2026-05-30 10:56:05 | ErrorTracker | WARNING | [MemoryMonitor] High memory usage detected: 521.1 MB (Threshold: 500 MB)
2026-05-30 10:56:05 | RealTimeRecognition | WARNING | Error drawing HUD overlay: 'PerformanceTracker' object has no attribute 'get_average_processing_time'
2026-05-30 10:56:05 | ErrorTracker | WARNING | [MemoryMonitor] High memory usage detected: 521.1 MB (Threshold: 500 MB)
2026-05-30 10:56:05 | RealTimeRecognition | WARNING | Error drawing HUD overlay: 'PerformanceTracker' object has no attribute 'get_average_processing_time'
2026-05-30 10:56:05 | ErrorTracker | WARNING | [MemoryMonitor] High memory usage detected: 521.1 MB (Threshold: 500 MB)
2026-05-30 10:56:05 | RealTimeRecognition | WARNING | Error drawing HUD overlay: 'PerformanceTracker' object has no attribute 'get_average_processing_time'
2026-05-30 10:56:05 | ErrorTracker | WARNING | [MemoryMonitor] High memory usage detected: 521.1 MB (Threshold: 500 MB)
2026-05-30 10:56:05 | RealTimeRecognition | WARNING | Error drawing HUD overlay: 'PerformanceTracker' object has no attribute 'get_average_processing_time'
2026-05-30 10:56:05 | ErrorTracker | WARNING | [MemoryMonitor] High memory usage detected: 521.1 MB (Threshold: 500 MB)
2026-05-30 10:56:05 | RealTimeRecognition | WARNING | Error drawing HUD overlay: 'PerformanceTracker' object has no attribute 'get_average_processing_time'
2026-05-30 10:56:05 | ErrorTracker | WARNING | [MemoryMonitor] High memory usage detected: 521.1 MB (Threshold: 500 MB)
2026-05-30 10:56:05 | RealTimeRecognition | WARNING | Error drawing HUD overlay: 'PerformanceTracker' object has no attribute 'get_average_processing_time'
2026-05-30 10:56:06 | ErrorTracker | WARNING | [MemoryMonitor] High memory usage detected: 521.1 MB (Threshold: 500 MB)
2026-05-30 10:56:06 | RealTimeRecognition | WARNING | Error drawing HUD overlay: 'PerformanceTracker' object has no attribute 'get_average_processing_time'
2026-05-30 10:56:06 | ErrorTracker | WARNING | [MemoryMonitor] High memory usage detected: 521.1 MB (Threshold: 500 MB)
2026-05-30 10:56:06 | RealTimeRecognition | WARNING | Error drawing HUD overlay: 'PerformanceTracker' object has no attribute 'get_average_processing_time'
2026-05-30 10:56:06 | ErrorTracker | WARNING | [MemoryMonitor] High memory usage detected: 521.1 MB (Threshold: 500 MB)
2026-05-30 10:56:06 | RealTimeRecognition | WARNING | Error drawing HUD overlay: 'PerformanceTracker' object has no attribute 'get_average_processing_time'
2026-05-30 10:56:06 | ErrorTracker | WARNING | [MemoryMonitor] High memory usage detected: 521.1 MB (Threshold: 500 MB)
2026-05-30 10:56:06 | RealTimeRecognition | WARNING | Error drawing HUD overlay: 'PerformanceTracker' object has no attribute 'get_average_processing_time'
2026-05-30 10:56:06 | ErrorTracker | WARNING | [MemoryMonitor] High memory usage detected: 521.1 MB (Threshold: 500 MB)
2026-05-30 10:56:06 | RealTimeRecognition | WARNING | Error drawing HUD overlay: 'PerformanceTracker' object has no attribute 'get_average_processing_time'
2026-05-30 10:56:06 | ErrorTracker | WARNING | [MemoryMonitor] High memory usage detected: 521.1 MB (Threshold: 500 MB)
2026-05-30 10:56:06 | RealTimeRecognition | WARNING | Error drawing HUD overlay: 'PerformanceTracker' object has no attribute 'get_average_processing_time'
2026-05-30 10:56:06 | ErrorTracker | WARNING | [MemoryMonitor] High memory usage detected: 521.1 MB (Threshold: 500 MB)
2026-05-30 10:56:06 | RealTimeRecognition | WARNING | Error drawing HUD overlay: 'PerformanceTracker' object has no attribute 'get_average_processing_time'
2026-05-30 10:56:06 | ErrorTracker | WARNING | [MemoryMonitor] High memory usage detected: 521.1 MB (Threshold: 500 MB)
2026-05-30 10:56:06 | RealTimeRecognition | WARNING | Error drawing HUD overlay: 'PerformanceTracker' object has no attribute 'get_average_processing_time'
2026-05-30 10:56:06 | ErrorTracker | WARNING | [MemoryMonitor] High memory usage detected: 521.1 MB (Threshold: 500 MB)
2026-05-30 10:56:06 | RealTimeRecognition | WARNING | Error drawing HUD overlay: 'PerformanceTracker' object has no attribute 'get_average_processing_time'
2026-05-30 10:56:06 | ErrorTracker | WARNING | [MemoryMonitor] High memory usage detected: 521.1 MB (Threshold: 500 MB)
2026-05-30 10:56:06 | RealTimeRecognition | WARNING | Error drawing HUD overlay: 'PerformanceTracker' object has no attribute 'get_average_processing_time'
2026-05-30 10:56:06 | ErrorTracker | WARNING | [MemoryMonitor] High memory usage detected: 521.1 MB (Threshold: 500 MB)
2026-05-30 10:56:06 | RealTimeRecognition | WARNING | Error drawing HUD overlay: 'PerformanceTracker' object has no attribute 'get_average_processing_time'
2026-05-30 10:56:06 | ErrorTracker | WARNING | [MemoryMonitor] High memory usage detected: 521.1 MB (Threshold: 500 MB)
2026-05-30 10:56:06 | RealTimeRecognition | WARNING | Error drawing HUD overlay: 'PerformanceTracker' object has no attribute 'get_average_processing_time'
2026-05-30 10:56:06 | ErrorTracker | WARNING | [MemoryMonitor] High memory usage detected: 521.1 MB (Threshold: 500 MB)
2026-05-30 10:56:06 | RealTimeRecognition | WARNING | Error drawing HUD overlay: 'PerformanceTracker' object has no attribute 'get_average_processing_time'
2026-05-30 10:56:06 | ErrorTracker | WARNING | [MemoryMonitor] High memory usage detected: 521.1 MB (Threshold: 500 MB)
2026-05-30 10:56:06 | RealTimeRecognition | WARNING | Error drawing HUD overlay: 'PerformanceTracker' object has no attribute 'get_average_processing_time'
2026-05-30 10:56:06 | ErrorTracker | WARNING | [MemoryMonitor] High memory usage detected: 521.1 MB (Threshold: 500 MB)
2026-05-30 10:56:06 | RealTimeRecognition | WARNING | Error drawing HUD overlay: 'PerformanceTracker' object has no attribute 'get_average_processing_time'
2026-05-30 10:56:06 | ErrorTracker | WARNING | [MemoryMonitor] High memory usage detected: 521.1 MB (Threshold: 500 MB)
2026-05-30 10:56:06 | RealTimeRecognition | WARNING | Error drawing HUD overlay: 'PerformanceTracker' object has no attribute 'get_average_processing_time'
2026-05-30 10:56:06 | ErrorTracker | WARNING | [MemoryMonitor] High memory usage detected: 521.1 MB (Threshold: 500 MB)
2026-05-30 10:56:06 | RealTimeRecognition | WARNING | Error drawing HUD overlay: 'PerformanceTracker' object has no attribute 'get_average_processing_time'
2026-05-30 10:56:06 | ErrorTracker | WARNING | [MemoryMonitor] High memory usage detected: 521.2 MB (Threshold: 500 MB)
2026-05-30 10:56:06 | RealTimeRecognition | WARNING | Error drawing HUD overlay: 'PerformanceTracker' object has no attribute 'get_average_processing_time'
2026-05-30 10:56:06 | ErrorTracker | WARNING | [MemoryMonitor] High memory usage detected: 521.2 MB (Threshold: 500 MB)
2026-05-30 10:56:06 | RealTimeRecognition | WARNING | Error drawing HUD overlay: 'PerformanceTracker' object has no attribute 'get_average_processing_time'
2026-05-30 10:56:06 | ErrorTracker | WARNING | [MemoryMonitor] High memory usage detected: 521.2 MB (Threshold: 500 MB)
2026-05-30 10:56:06 | RealTimeRecognition | WARNING | Error drawing HUD overlay: 'PerformanceTracker' object has no attribute 'get_average_processing_time'
2026-05-30 10:56:06 | ErrorTracker | WARNING | [MemoryMonitor] High memory usage detected: 521.2 MB (Threshold: 500 MB)
2026-05-30 10:56:06 | RealTimeRecognition | WARNING | Error drawing HUD overlay: 'PerformanceTracker' object has no attribute 'get_average_processing_time'
2026-05-30 10:56:06 | ErrorTracker | WARNING | [MemoryMonitor] High memory usage detected: 521.2 MB (Threshold: 500 MB)
2026-05-30 10:56:06 | RealTimeRecognition | WARNING | Error drawing HUD overlay: 'PerformanceTracker' object has no attribute 'get_average_processing_time'
2026-05-30 10:56:06 | ErrorTracker | WARNING | [MemoryMonitor] High memory usage detected: 521.2 MB (Threshold: 500 MB)
2026-05-30 10:56:06 | RealTimeRecognition | WARNING | Error drawing HUD overlay: 'PerformanceTracker' object has no attribute 'get_average_processing_time'
2026-05-30 10:56:06 | ErrorTracker | WARNING | [MemoryMonitor] High memory usage detected: 521.2 MB (Threshold: 500 MB)
2026-05-30 10:56:06 | RealTimeRecognition | WARNING | Error drawing HUD overlay: 'PerformanceTracker' object has no attribute 'get_average_processing_time'
2026-05-30 10:56:06 | ErrorTracker | WARNING | [MemoryMonitor] High memory usage detected: 521.2 MB (Threshold: 500 MB)
2026-05-30 10:56:06 | RealTimeRecognition | WARNING | Error drawing HUD overlay: 'PerformanceTracker' object has no attribute 'get_average_processing_time'
2026-05-30 10:56:06 | ErrorTracker | WARNING | [MemoryMonitor] High memory usage detected: 521.2 MB (Threshold: 500 MB)
2026-05-30 10:56:06 | RealTimeRecognition | WARNING | Error drawing HUD overlay: 'PerformanceTracker' object has no attribute 'get_average_processing_time'
2026-05-30 10:56:06 | ErrorTracker | WARNING | [MemoryMonitor] High memory usage detected: 521.2 MB (Threshold: 500 MB)
2026-05-30 10:56:06 | RealTimeRecognition | WARNING | Error drawing HUD overlay: 'PerformanceTracker' object has no attribute 'get_average_processing_time'
2026-05-30 10:56:06 | ErrorTracker | WARNING | [MemoryMonitor] High memory usage detected: 521.2 MB (Threshold: 500 MB)
2026-05-30 10:56:06 | RealTimeRecognition | WARNING | Error drawing HUD overlay: 'PerformanceTracker' object has no attribute 'get_average_processing_time'
2026-05-30 10:56:06 | ErrorTracker | WARNING | [MemoryMonitor] High memory usage detected: 521.2 MB (Threshold: 500 MB)
2026-05-30 10:56:06 | RealTimeRecognition | WARNING | Error drawing HUD overlay: 'PerformanceTracker' object has no attribute 'get_average_processing_time'
2026-05-30 10:56:06 | ErrorTracker | WARNING | [MemoryMonitor] High memory usage detected: 521.2 MB (Threshold: 500 MB)
2026-05-30 10:56:06 | RealTimeRecognition | WARNING | Error drawing HUD overlay: 'PerformanceTracker' object has no attribute 'get_average_processing_time'
2026-05-30 10:56:07 | ErrorTracker | WARNING | [MemoryMonitor] High memory usage detected: 521.2 MB (Threshold: 500 MB)
2026-05-30 10:56:07 | RealTimeRecognition | WARNING | Error drawing HUD overlay: 'PerformanceTracker' object has no attribute 'get_average_processing_time'
2026-05-30 10:56:07 | ErrorTracker | WARNING | [MemoryMonitor] High memory usage detected: 521.2 MB (Threshold: 500 MB)
2026-05-30 10:56:07 | RealTimeRecognition | WARNING | Error drawing HUD overlay: 'PerformanceTracker' object has no attribute 'get_average_processing_time'
2026-05-30 10:56:07 | ErrorTracker | WARNING | [MemoryMonitor] High memory usage detected: 521.2 MB (Threshold: 500 MB)
2026-05-30 10:56:07 | RealTimeRecognition | WARNING | Error drawing HUD overlay: 'PerformanceTracker' object has no attribute 'get_average_processing_time'
2026-05-30 10:56:07 | ErrorTracker | WARNING | [MemoryMonitor] High memory usage detected: 521.2 MB (Threshold: 500 MB)
2026-05-30 10:56:07 | RealTimeRecognition | WARNING | Error drawing HUD overlay: 'PerformanceTracker' object has no attribute 'get_average_processing_time'
2026-05-30 10:56:07 | ErrorTracker | WARNING | [MemoryMonitor] High memory usage detected: 521.2 MB (Threshold: 500 MB)
2026-05-30 10:56:07 | RealTimeRecognition | WARNING | Error drawing HUD overlay: 'PerformanceTracker' object has no attribute 'get_average_processing_time'
2026-05-30 10:56:07 | ErrorTracker | WARNING | [MemoryMonitor] High memory usage detected: 521.2 MB (Threshold: 500 MB)
2026-05-30 10:56:07 | RealTimeRecognition | WARNING | Error drawing HUD overlay: 'PerformanceTracker' object has no attribute 'get_average_processing_time'
2026-05-30 10:56:07 | ErrorTracker | WARNING | [MemoryMonitor] High memory usage detected: 521.2 MB (Threshold: 500 MB)
2026-05-30 10:56:07 | RealTimeRecognition | WARNING | Error drawing HUD overlay: 'PerformanceTracker' object has no attribute 'get_average_processing_time'
2026-05-30 10:56:07 | ErrorTracker | WARNING | [MemoryMonitor] High memory usage detected: 521.2 MB (Threshold: 500 MB)
2026-05-30 10:56:07 | RealTimeRecognition | WARNING | Error drawing HUD overlay: 'PerformanceTracker' object has no attribute 'get_average_processing_time'
2026-05-30 10:56:07 | ErrorTracker | WARNING | [MemoryMonitor] High memory usage detected: 521.2 MB (Threshold: 500 MB)
2026-05-30 10:56:07 | RealTimeRecognition | WARNING | Error drawing HUD overlay: 'PerformanceTracker' object has no attribute 'get_average_processing_time'
2026-05-30 10:56:07 | ErrorTracker | WARNING | [MemoryMonitor] High memory usage detected: 521.2 MB (Threshold: 500 MB)
2026-05-30 10:56:07 | RealTimeRecognition | WARNING | Error drawing HUD overlay: 'PerformanceTracker' object has no attribute 'get_average_processing_time'
2026-05-30 10:56:07 | ErrorTracker | WARNING | [MemoryMonitor] High memory usage detected: 521.2 MB (Threshold: 500 MB)
2026-05-30 10:56:07 | RealTimeRecognition | WARNING | Error drawing HUD overlay: 'PerformanceTracker' object has no attribute 'get_average_processing_time'
2026-05-30 10:56:07 | ErrorTracker | WARNING | [MemoryMonitor] High memory usage detected: 521.2 MB (Threshold: 500 MB)
2026-05-30 10:56:07 | RealTimeRecognition | WARNING | Error drawing HUD overlay: 'PerformanceTracker' object has no attribute 'get_average_processing_time'
2026-05-30 10:56:07 | ErrorTracker | WARNING | [MemoryMonitor] High memory usage detected: 521.2 MB (Threshold: 500 MB)
2026-05-30 10:56:07 | RealTimeRecognition | WARNING | Error drawing HUD overlay: 'PerformanceTracker' object has no attribute 'get_average_processing_time'
2026-05-30 10:56:07 | ErrorTracker | WARNING | [MemoryMonitor] High memory usage detected: 521.2 MB (Threshold: 500 MB)
2026-05-30 10:56:07 | RealTimeRecognition | WARNING | Error drawing HUD overlay: 'PerformanceTracker' object has no attribute 'get_average_processing_time'
2026-05-30 10:56:07 | ErrorTracker | WARNING | [MemoryMonitor] High memory usage detected: 521.2 MB (Threshold: 500 MB)
2026-05-30 10:56:07 | RealTimeRecognition | WARNING | Error drawing HUD overlay: 'PerformanceTracker' object has no attribute 'get_average_processing_time'
2026-05-30 10:56:07 | ErrorTracker | WARNING | [MemoryMonitor] High memory usage detected: 521.2 MB (Threshold: 500 MB)
2026-05-30 10:56:07 | RealTimeRecognition | WARNING | Error drawing HUD overlay: 'PerformanceTracker' object has no attribute 'get_average_processing_time'
2026-05-30 10:56:07 | ErrorTracker | WARNING | [MemoryMonitor] High memory usage detected: 521.2 MB (Threshold: 500 MB)
2026-05-30 10:56:07 | RealTimeRecognition | WARNING | Error drawing HUD overlay: 'PerformanceTracker' object has no attribute 'get_average_processing_time'
2026-05-30 10:56:07 | ErrorTracker | WARNING | [MemoryMonitor] High memory usage detected: 521.2 MB (Threshold: 500 MB)
2026-05-30 10:56:07 | RealTimeRecognition | WARNING | Error drawing HUD overlay: 'PerformanceTracker' object has no attribute 'get_average_processing_time'
2026-05-30 10:56:07 | ErrorTracker | WARNING | [MemoryMonitor] High memory usage detected: 521.2 MB (Threshold: 500 MB)
2026-05-30 10:56:07 | RealTimeRecognition | WARNING | Error drawing HUD overlay: 'PerformanceTracker' object has no attribute 'get_average_processing_time'
2026-05-30 10:56:07 | ErrorTracker | WARNING | [MemoryMonitor] High memory usage detected: 521.2 MB (Threshold: 500 MB)
2026-05-30 10:56:07 | RealTimeRecognition | WARNING | Error drawing HUD overlay: 'PerformanceTracker' object has no attribute 'get_average_processing_time'
2026-05-30 10:56:07 | ErrorTracker | WARNING | [MemoryMonitor] High memory usage detected: 521.2 MB (Threshold: 500 MB)
2026-05-30 10:56:07 | RealTimeRecognition | WARNING | Error drawing HUD overlay: 'PerformanceTracker' object has no attribute 'get_average_processing_time'
2026-05-30 10:56:07 | ErrorTracker | WARNING | [MemoryMonitor] High memory usage detected: 521.2 MB (Threshold: 500 MB)
2026-05-30 10:56:07 | RealTimeRecognition | WARNING | Error drawing HUD overlay: 'PerformanceTracker' object has no attribute 'get_average_processing_time'
2026-05-30 10:56:07 | ErrorTracker | WARNING | [MemoryMonitor] High memory usage detected: 521.2 MB (Threshold: 500 MB)
2026-05-30 10:56:07 | RealTimeRecognition | WARNING | Error drawing HUD overlay: 'PerformanceTracker' object has no attribute 'get_average_processing_time'
2026-05-30 10:56:07 | ErrorTracker | WARNING | [MemoryMonitor] High memory usage detected: 521.2 MB (Threshold: 500 MB)
2026-05-30 10:56:07 | RealTimeRecognition | WARNING | Error drawing HUD overlay: 'PerformanceTracker' object has no attribute 'get_average_processing_time'
2026-05-30 10:56:07 | ErrorTracker | WARNING | [MemoryMonitor] High memory usage detected: 521.2 MB (Threshold: 500 MB)
2026-05-30 10:56:07 | RealTimeRecognition | WARNING | Error drawing HUD overlay: 'PerformanceTracker' object has no attribute 'get_average_processing_time'
2026-05-30 10:56:07 | ErrorTracker | WARNING | [MemoryMonitor] High memory usage detected: 521.2 MB (Threshold: 500 MB)
2026-05-30 10:56:07 | RealTimeRecognition | WARNING | Error drawing HUD overlay: 'PerformanceTracker' object has no attribute 'get_average_processing_time'
2026-05-30 10:56:07 | ErrorTracker | WARNING | [MemoryMonitor] High memory usage detected: 521.2 MB (Threshold: 500 MB)
2026-05-30 10:56:07 | RealTimeRecognition | WARNING | Error drawing HUD overlay: 'PerformanceTracker' object has no attribute 'get_average_processing_time'
2026-05-30 10:56:07 | ErrorTracker | WARNING | [MemoryMonitor] High memory usage detected: 521.2 MB (Threshold: 500 MB)
2026-05-30 10:56:07 | RealTimeRecognition | WARNING | Error drawing HUD overlay: 'PerformanceTracker' object has no attribute 'get_average_processing_time'
2026-05-30 10:56:07 | ErrorTracker | WARNING | [MemoryMonitor] High memory usage detected: 521.2 MB (Threshold: 500 MB)
2026-05-30 10:56:07 | RealTimeRecognition | WARNING | Error drawing HUD overlay: 'PerformanceTracker' object has no attribute 'get_average_processing_time'
2026-05-30 10:56:07 | ErrorTracker | WARNING | [MemoryMonitor] High memory usage detected: 521.2 MB (Threshold: 500 MB)
2026-05-30 10:56:07 | RealTimeRecognition | WARNING | Error drawing HUD overlay: 'PerformanceTracker' object has no attribute 'get_average_processing_time'
2026-05-30 10:56:08 | ErrorTracker | WARNING | [MemoryMonitor] High memory usage detected: 521.2 MB (Threshold: 500 MB)
2026-05-30 10:56:08 | RealTimeRecognition | WARNING | Error drawing HUD overlay: 'PerformanceTracker' object has no attribute 'get_average_processing_time'
2026-05-30 10:56:08 | ErrorTracker | WARNING | [MemoryMonitor] High memory usage detected: 521.2 MB (Threshold: 500 MB)
2026-05-30 10:56:08 | RealTimeRecognition | WARNING | Error drawing HUD overlay: 'PerformanceTracker' object has no attribute 'get_average_processing_time'
2026-05-30 10:56:08 | ErrorTracker | WARNING | [MemoryMonitor] High memory usage detected: 521.2 MB (Threshold: 500 MB)
2026-05-30 10:56:08 | RealTimeRecognition | WARNING | Error drawing HUD overlay: 'PerformanceTracker' object has no attribute 'get_average_processing_time'
2026-05-30 10:56:08 | ErrorTracker | WARNING | [MemoryMonitor] High memory usage detected: 521.2 MB (Threshold: 500 MB)
2026-05-30 10:56:08 | RealTimeRecognition | WARNING | Error drawing HUD overlay: 'PerformanceTracker' object has no attribute 'get_average_processing_time'
2026-05-30 10:56:08 | ErrorTracker | WARNING | [MemoryMonitor] High memory usage detected: 521.2 MB (Threshold: 500 MB)
2026-05-30 10:56:08 | RealTimeRecognition | WARNING | Error drawing HUD overlay: 'PerformanceTracker' object has no attribute 'get_average_processing_time'
2026-05-30 10:56:08 | ErrorTracker | WARNING | [MemoryMonitor] High memory usage detected: 521.2 MB (Threshold: 500 MB)
2026-05-30 10:56:08 | RealTimeRecognition | WARNING | Error drawing HUD overlay: 'PerformanceTracker' object has no attribute 'get_average_processing_time'
2026-05-30 10:56:08 | ErrorTracker | WARNING | [MemoryMonitor] High memory usage detected: 521.2 MB (Threshold: 500 MB)
2026-05-30 10:56:08 | RealTimeRecognition | WARNING | Error drawing HUD overlay: 'PerformanceTracker' object has no attribute 'get_average_processing_time'
2026-05-30 10:56:08 | ErrorTracker | WARNING | [MemoryMonitor] High memory usage detected: 521.2 MB (Threshold: 500 MB)
2026-05-30 10:56:08 | RealTimeRecognition | WARNING | Error drawing HUD overlay: 'PerformanceTracker' object has no attribute 'get_average_processing_time'
2026-05-30 10:56:08 | ErrorTracker | WARNING | [MemoryMonitor] High memory usage detected: 521.2 MB (Threshold: 500 MB)
2026-05-30 10:56:08 | RealTimeRecognition | WARNING | Error drawing HUD overlay: 'PerformanceTracker' object has no attribute 'get_average_processing_time'
2026-05-30 10:56:08 | ErrorTracker | WARNING | [MemoryMonitor] High memory usage detected: 521.2 MB (Threshold: 500 MB)
2026-05-30 10:56:08 | RealTimeRecognition | WARNING | Error drawing HUD overlay: 'PerformanceTracker' object has no attribute 'get_average_processing_time'
2026-05-30 10:56:08 | ErrorTracker | WARNING | [MemoryMonitor] High memory usage detected: 521.2 MB (Threshold: 500 MB)
2026-05-30 10:56:08 | RealTimeRecognition | WARNING | Error drawing HUD overlay: 'PerformanceTracker' object has no attribute 'get_average_processing_time'
2026-05-30 10:56:08 | ErrorTracker | WARNING | [MemoryMonitor] High memory usage detected: 521.2 MB (Threshold: 500 MB)
2026-05-30 10:56:08 | RealTimeRecognition | WARNING | Error drawing HUD overlay: 'PerformanceTracker' object has no attribute 'get_average_processing_time'
2026-05-30 10:56:08 | ErrorTracker | WARNING | [MemoryMonitor] High memory usage detected: 521.2 MB (Threshold: 500 MB)
2026-05-30 10:56:08 | RealTimeRecognition | WARNING | Error drawing HUD overlay: 'PerformanceTracker' object has no attribute 'get_average_processing_time'
2026-05-30 10:56:08 | ErrorTracker | WARNING | [MemoryMonitor] High memory usage detected: 521.2 MB (Threshold: 500 MB)
2026-05-30 10:56:08 | RealTimeRecognition | WARNING | Error drawing HUD overlay: 'PerformanceTracker' object has no attribute 'get_average_processing_time'
2026-05-30 10:56:08 | ErrorTracker | WARNING | [MemoryMonitor] High memory usage detected: 521.2 MB (Threshold: 500 MB)
2026-05-30 10:56:08 | RealTimeRecognition | WARNING | Error drawing HUD overlay: 'PerformanceTracker' object has no attribute 'get_average_processing_time'
2026-05-30 10:56:08 | ErrorTracker | WARNING | [MemoryMonitor] High memory usage detected: 521.2 MB (Threshold: 500 MB)
2026-05-30 10:56:08 | RealTimeRecognition | WARNING | Error drawing HUD overlay: 'PerformanceTracker' object has no attribute 'get_average_processing_time'
2026-05-30 10:56:08 | ErrorTracker | WARNING | [MemoryMonitor] High memory usage detected: 521.2 MB (Threshold: 500 MB)
2026-05-30 10:56:08 | RealTimeRecognition | WARNING | Error drawing HUD overlay: 'PerformanceTracker' object has no attribute 'get_average_processing_time'
2026-05-30 10:56:08 | ErrorTracker | WARNING | [MemoryMonitor] High memory usage detected: 521.2 MB (Threshold: 500 MB)
2026-05-30 10:56:08 | RealTimeRecognition | WARNING | Error drawing HUD overlay: 'PerformanceTracker' object has no attribute 'get_average_processing_time'
2026-05-30 10:56:08 | ErrorTracker | WARNING | [MemoryMonitor] High memory usage detected: 521.2 MB (Threshold: 500 MB)
2026-05-30 10:56:08 | RealTimeRecognition | WARNING | Error drawing HUD overlay: 'PerformanceTracker' object has no attribute 'get_average_processing_time'
2026-05-30 10:56:08 | ErrorTracker | WARNING | [MemoryMonitor] High memory usage detected: 521.2 MB (Threshold: 500 MB)
2026-05-30 10:56:08 | RealTimeRecognition | WARNING | Error drawing HUD overlay: 'PerformanceTracker' object has no attribute 'get_average_processing_time'
2026-05-30 10:56:08 | ErrorTracker | WARNING | [MemoryMonitor] High memory usage detected: 521.2 MB (Threshold: 500 MB)
2026-05-30 10:56:08 | RealTimeRecognition | WARNING | Error drawing HUD overlay: 'PerformanceTracker' object has no attribute 'get_average_processing_time'
2026-05-30 10:56:08 | ErrorTracker | WARNING | [MemoryMonitor] High memory usage detected: 521.2 MB (Threshold: 500 MB)
2026-05-30 10:56:08 | RealTimeRecognition | WARNING | Error drawing HUD overlay: 'PerformanceTracker' object has no attribute 'get_average_processing_time'
2026-05-30 10:56:08 | ErrorTracker | WARNING | [MemoryMonitor] High memory usage detected: 521.2 MB (Threshold: 500 MB)
2026-05-30 10:56:08 | RealTimeRecognition | WARNING | Error drawing HUD overlay: 'PerformanceTracker' object has no attribute 'get_average_processing_time'
2026-05-30 10:56:08 | ErrorTracker | WARNING | [MemoryMonitor] High memory usage detected: 521.2 MB (Threshold: 500 MB)
2026-05-30 10:56:08 | RealTimeRecognition | WARNING | Error drawing HUD overlay: 'PerformanceTracker' object has no attribute 'get_average_processing_time'
2026-05-30 10:56:08 | ErrorTracker | WARNING | [MemoryMonitor] High memory usage detected: 521.2 MB (Threshold: 500 MB)
2026-05-30 10:56:08 | RealTimeRecognition | WARNING | Error drawing HUD overlay: 'PerformanceTracker' object has no attribute 'get_average_processing_time'
2026-05-30 10:56:08 | ErrorTracker | WARNING | [MemoryMonitor] High memory usage detected: 521.2 MB (Threshold: 500 MB)
2026-05-30 10:56:08 | RealTimeRecognition | WARNING | Error drawing HUD overlay: 'PerformanceTracker' object has no attribute 'get_average_processing_time'
2026-05-30 10:56:08 | ErrorTracker | WARNING | [MemoryMonitor] High memory usage detected: 521.2 MB (Threshold: 500 MB)
2026-05-30 10:56:08 | RealTimeRecognition | WARNING | Error drawing HUD overlay: 'PerformanceTracker' object has no attribute 'get_average_processing_time'
2026-05-30 10:56:08 | ErrorTracker | WARNING | [MemoryMonitor] High memory usage detected: 521.2 MB (Threshold: 500 MB)
2026-05-30 10:56:08 | RealTimeRecognition | WARNING | Error drawing HUD overlay: 'PerformanceTracker' object has no attribute 'get_average_processing_time'
2026-05-30 10:56:08 | ErrorTracker | WARNING | [MemoryMonitor] High memory usage detected: 521.2 MB (Threshold: 500 MB)
2026-05-30 10:56:08 | RealTimeRecognition | WARNING | Error drawing HUD overlay: 'PerformanceTracker' object has no attribute 'get_average_processing_time'
2026-05-30 10:56:09 | ErrorTracker | WARNING | [MemoryMonitor] High memory usage detected: 521.2 MB (Threshold: 500 MB)
2026-05-30 10:56:09 | RealTimeRecognition | WARNING | Error drawing HUD overlay: 'PerformanceTracker' object has no attribute 'get_average_processing_time'
2026-05-30 10:56:09 | ErrorTracker | WARNING | [MemoryMonitor] High memory usage detected: 521.2 MB (Threshold: 500 MB)
2026-05-30 10:56:09 | RealTimeRecognition | WARNING | Error drawing HUD overlay: 'PerformanceTracker' object has no attribute 'get_average_processing_time'
2026-05-30 10:56:09 | ErrorTracker | WARNING | [MemoryMonitor] High memory usage detected: 521.2 MB (Threshold: 500 MB)
2026-05-30 10:56:09 | RealTimeRecognition | WARNING | Error drawing HUD overlay: 'PerformanceTracker' object has no attribute 'get_average_processing_time'
2026-05-30 10:56:09 | ErrorTracker | WARNING | [MemoryMonitor] High memory usage detected: 521.2 MB (Threshold: 500 MB)
2026-05-30 10:56:09 | RealTimeRecognition | WARNING | Error drawing HUD overlay: 'PerformanceTracker' object has no attribute 'get_average_processing_time'
2026-05-30 10:56:09 | ErrorTracker | WARNING | [MemoryMonitor] High memory usage detected: 521.2 MB (Threshold: 500 MB)
2026-05-30 10:56:09 | RealTimeRecognition | WARNING | Error drawing HUD overlay: 'PerformanceTracker' object has no attribute 'get_average_processing_time'
2026-05-30 10:56:09 | RealTimeRecognition | WARNING | SYSTEM IN DEGRADED HEALTH: error rate is 190.0 errors/min. Errors by source: {'MemoryMonitor': 190}
2026-05-30 10:56:09 | RealTimeRecognition | WARNING | System memory usage is high: 521.2 MB (Threshold: 500 MB)
2026-05-30 10:56:09 | ErrorTracker | WARNING | [MemoryMonitor] High memory usage detected: 521.2 MB (Threshold: 500 MB)
2026-05-30 10:56:09 | RealTimeRecognition | WARNING | Error drawing HUD overlay: 'PerformanceTracker' object has no attribute 'get_average_processing_time'
2026-05-30 10:56:09 | ErrorTracker | WARNING | [MemoryMonitor] High memory usage detected: 521.2 MB (Threshold: 500 MB)
2026-05-30 10:56:09 | RealTimeRecognition | WARNING | Error drawing HUD overlay: 'PerformanceTracker' object has no attribute 'get_average_processing_time'
2026-05-30 10:56:09 | ErrorTracker | WARNING | [MemoryMonitor] High memory usage detected: 521.2 MB (Threshold: 500 MB)
2026-05-30 10:56:09 | RealTimeRecognition | WARNING | Error drawing HUD overlay: 'PerformanceTracker' object has no attribute 'get_average_processing_time'
2026-05-30 10:56:09 | ErrorTracker | WARNING | [MemoryMonitor] High memory usage detected: 521.2 MB (Threshold: 500 MB)
2026-05-30 10:56:09 | RealTimeRecognition | WARNING | Error drawing HUD overlay: 'PerformanceTracker' object has no attribute 'get_average_processing_time'
2026-05-30 10:56:09 | ErrorTracker | WARNING | [MemoryMonitor] High memory usage detected: 521.2 MB (Threshold: 500 MB)
2026-05-30 10:56:09 | RealTimeRecognition | WARNING | Error drawing HUD overlay: 'PerformanceTracker' object has no attribute 'get_average_processing_time'
2026-05-30 10:56:09 | ErrorTracker | WARNING | [MemoryMonitor] High memory usage detected: 521.2 MB (Threshold: 500 MB)
2026-05-30 10:56:09 | RealTimeRecognition | WARNING | Error drawing HUD overlay: 'PerformanceTracker' object has no attribute 'get_average_processing_time'
2026-05-30 10:56:09 | ErrorTracker | WARNING | [MemoryMonitor] High memory usage detected: 521.2 MB (Threshold: 500 MB)
2026-05-30 10:56:09 | RealTimeRecognition | WARNING | Error drawing HUD overlay: 'PerformanceTracker' object has no attribute 'get_average_processing_time'
2026-05-30 10:56:09 | ErrorTracker | WARNING | [MemoryMonitor] High memory usage detected: 521.2 MB (Threshold: 500 MB)
2026-05-30 10:56:09 | RealTimeRecognition | WARNING | Error drawing HUD overlay: 'PerformanceTracker' object has no attribute 'get_average_processing_time'
2026-05-30 10:56:09 | ErrorTracker | WARNING | [MemoryMonitor] High memory usage detected: 521.2 MB (Threshold: 500 MB)
2026-05-30 10:56:09 | RealTimeRecognition | WARNING | Error drawing HUD overlay: 'PerformanceTracker' object has no attribute 'get_average_processing_time'
2026-05-30 10:56:09 | ErrorTracker | WARNING | [MemoryMonitor] High memory usage detected: 521.2 MB (Threshold: 500 MB)
2026-05-30 10:56:09 | RealTimeRecognition | WARNING | Error drawing HUD overlay: 'PerformanceTracker' object has no attribute 'get_average_processing_time'
2026-05-30 10:56:09 | ErrorTracker | WARNING | [MemoryMonitor] High memory usage detected: 521.2 MB (Threshold: 500 MB)
2026-05-30 10:56:09 | RealTimeRecognition | WARNING | Error drawing HUD overlay: 'PerformanceTracker' object has no attribute 'get_average_processing_time'
2026-05-30 10:56:09 | ErrorTracker | WARNING | [MemoryMonitor] High memory usage detected: 521.2 MB (Threshold: 500 MB)
2026-05-30 10:56:09 | RealTimeRecognition | WARNING | Error drawing HUD overlay: 'PerformanceTracker' object has no attribute 'get_average_processing_time'
2026-05-30 10:56:09 | ErrorTracker | WARNING | [MemoryMonitor] High memory usage detected: 521.2 MB (Threshold: 500 MB)
2026-05-30 10:56:09 | RealTimeRecognition | WARNING | Error drawing HUD overlay: 'PerformanceTracker' object has no attribute 'get_average_processing_time'
2026-05-30 10:56:09 | ErrorTracker | WARNING | [MemoryMonitor] High memory usage detected: 521.2 MB (Threshold: 500 MB)
2026-05-30 10:56:09 | RealTimeRecognition | WARNING | Error drawing HUD overlay: 'PerformanceTracker' object has no attribute 'get_average_processing_time'
2026-05-30 10:56:09 | ErrorTracker | WARNING | [MemoryMonitor] High memory usage detected: 521.2 MB (Threshold: 500 MB)
2026-05-30 10:56:09 | RealTimeRecognition | WARNING | Error drawing HUD overlay: 'PerformanceTracker' object has no attribute 'get_average_processing_time'
2026-05-30 10:56:09 | ErrorTracker | WARNING | [MemoryMonitor] High memory usage detected: 521.2 MB (Threshold: 500 MB)
2026-05-30 10:56:09 | RealTimeRecognition | WARNING | Error drawing HUD overlay: 'PerformanceTracker' object has no attribute 'get_average_processing_time'
2026-05-30 10:56:09 | ErrorTracker | WARNING | [MemoryMonitor] High memory usage detected: 521.2 MB (Threshold: 500 MB)
2026-05-30 10:56:09 | RealTimeRecognition | WARNING | Error drawing HUD overlay: 'PerformanceTracker' object has no attribute 'get_average_processing_time'
2026-05-30 10:56:09 | ErrorTracker | WARNING | [MemoryMonitor] High memory usage detected: 521.2 MB (Threshold: 500 MB)
2026-05-30 10:56:09 | RealTimeRecognition | WARNING | Error drawing HUD overlay: 'PerformanceTracker' object has no attribute 'get_average_processing_time'
2026-05-30 10:56:09 | ErrorTracker | WARNING | [MemoryMonitor] High memory usage detected: 521.2 MB (Threshold: 500 MB)
2026-05-30 10:56:09 | RealTimeRecognition | WARNING | Error drawing HUD overlay: 'PerformanceTracker' object has no attribute 'get_average_processing_time'
2026-05-30 10:56:09 | ErrorTracker | WARNING | [MemoryMonitor] High memory usage detected: 521.2 MB (Threshold: 500 MB)
2026-05-30 10:56:09 | RealTimeRecognition | WARNING | Error drawing HUD overlay: 'PerformanceTracker' object has no attribute 'get_average_processing_time'
2026-05-30 10:56:09 | ErrorTracker | WARNING | [MemoryMonitor] High memory usage detected: 521.2 MB (Threshold: 500 MB)
2026-05-30 10:56:09 | RealTimeRecognition | WARNING | Error drawing HUD overlay: 'PerformanceTracker' object has no attribute 'get_average_processing_time'
2026-05-30 10:56:09 | ErrorTracker | WARNING | [MemoryMonitor] High memory usage detected: 521.2 MB (Threshold: 500 MB)
2026-05-30 10:56:09 | RealTimeRecognition | WARNING | Error drawing HUD overlay: 'PerformanceTracker' object has no attribute 'get_average_processing_time'
2026-05-30 10:56:09 | ErrorTracker | WARNING | [MemoryMonitor] High memory usage detected: 521.2 MB (Threshold: 500 MB)
2026-05-30 10:56:09 | RealTimeRecognition | WARNING | Error drawing HUD overlay: 'PerformanceTracker' object has no attribute 'get_average_processing_time'
2026-05-30 10:56:09 | ErrorTracker | WARNING | [MemoryMonitor] High memory usage detected: 521.2 MB (Threshold: 500 MB)
2026-05-30 10:56:09 | RealTimeRecognition | WARNING | Error drawing HUD overlay: 'PerformanceTracker' object has no attribute 'get_average_processing_time'
2026-05-30 10:56:09 | ErrorTracker | WARNING | [MemoryMonitor] High memory usage detected: 521.2 MB (Threshold: 500 MB)
2026-05-30 10:56:09 | RealTimeRecognition | WARNING | Error drawing HUD overlay: 'PerformanceTracker' object has no attribute 'get_average_processing_time'
2026-05-30 10:56:10 | ErrorTracker | WARNING | [MemoryMonitor] High memory usage detected: 521.2 MB (Threshold: 500 MB)
2026-05-30 10:56:10 | RealTimeRecognition | WARNING | Error drawing HUD overlay: 'PerformanceTracker' object has no attribute 'get_average_processing_time'
2026-05-30 10:56:10 | ErrorTracker | WARNING | [MemoryMonitor] High memory usage detected: 521.2 MB (Threshold: 500 MB)
2026-05-30 10:56:10 | RealTimeRecognition | WARNING | Error drawing HUD overlay: 'PerformanceTracker' object has no attribute 'get_average_processing_time'
2026-05-30 10:56:10 | ErrorTracker | WARNING | [MemoryMonitor] High memory usage detected: 521.2 MB (Threshold: 500 MB)
2026-05-30 10:56:10 | RealTimeRecognition | WARNING | Error drawing HUD overlay: 'PerformanceTracker' object has no attribute 'get_average_processing_time'
2026-05-30 10:56:10 | ErrorTracker | WARNING | [MemoryMonitor] High memory usage detected: 521.2 MB (Threshold: 500 MB)
2026-05-30 10:56:10 | RealTimeRecognition | WARNING | Error drawing HUD overlay: 'PerformanceTracker' object has no attribute 'get_average_processing_time'
2026-05-30 10:56:10 | ErrorTracker | WARNING | [MemoryMonitor] High memory usage detected: 521.2 MB (Threshold: 500 MB)
2026-05-30 10:56:10 | RealTimeRecognition | WARNING | Error drawing HUD overlay: 'PerformanceTracker' object has no attribute 'get_average_processing_time'
2026-05-30 10:56:10 | ErrorTracker | WARNING | [MemoryMonitor] High memory usage detected: 521.2 MB (Threshold: 500 MB)
2026-05-30 10:56:10 | RealTimeRecognition | WARNING | Error drawing HUD overlay: 'PerformanceTracker' object has no attribute 'get_average_processing_time'
2026-05-30 10:56:10 | ErrorTracker | WARNING | [MemoryMonitor] High memory usage detected: 521.2 MB (Threshold: 500 MB)
2026-05-30 10:56:10 | RealTimeRecognition | WARNING | Error drawing HUD overlay: 'PerformanceTracker' object has no attribute 'get_average_processing_time'
2026-05-30 10:56:10 | ErrorTracker | WARNING | [MemoryMonitor] High memory usage detected: 521.2 MB (Threshold: 500 MB)
2026-05-30 10:56:10 | RealTimeRecognition | WARNING | Error drawing HUD overlay: 'PerformanceTracker' object has no attribute 'get_average_processing_time'
2026-05-30 10:56:10 | ErrorTracker | WARNING | [MemoryMonitor] High memory usage detected: 521.2 MB (Threshold: 500 MB)
2026-05-30 10:56:10 | RealTimeRecognition | WARNING | Error drawing HUD overlay: 'PerformanceTracker' object has no attribute 'get_average_processing_time'
2026-05-30 10:56:10 | ErrorTracker | WARNING | [MemoryMonitor] High memory usage detected: 521.2 MB (Threshold: 500 MB)
2026-05-30 10:56:10 | RealTimeRecognition | WARNING | Error drawing HUD overlay: 'PerformanceTracker' object has no attribute 'get_average_processing_time'
2026-05-30 10:56:10 | ErrorTracker | WARNING | [MemoryMonitor] High memory usage detected: 521.2 MB (Threshold: 500 MB)
2026-05-30 10:56:10 | RealTimeRecognition | WARNING | Error drawing HUD overlay: 'PerformanceTracker' object has no attribute 'get_average_processing_time'
2026-05-30 10:56:10 | ErrorTracker | WARNING | [MemoryMonitor] High memory usage detected: 521.2 MB (Threshold: 500 MB)
2026-05-30 10:56:10 | RealTimeRecognition | WARNING | Error drawing HUD overlay: 'PerformanceTracker' object has no attribute 'get_average_processing_time'
2026-05-30 10:56:10 | ErrorTracker | WARNING | [MemoryMonitor] High memory usage detected: 521.2 MB (Threshold: 500 MB)
2026-05-30 10:56:10 | RealTimeRecognition | WARNING | Error drawing HUD overlay: 'PerformanceTracker' object has no attribute 'get_average_processing_time'
2026-05-30 10:56:10 | ErrorTracker | WARNING | [MemoryMonitor] High memory usage detected: 521.2 MB (Threshold: 500 MB)
2026-05-30 10:56:10 | RealTimeRecognition | WARNING | Error drawing HUD overlay: 'PerformanceTracker' object has no attribute 'get_average_processing_time'
2026-05-30 10:56:10 | ErrorTracker | WARNING | [MemoryMonitor] High memory usage detected: 521.2 MB (Threshold: 500 MB)
2026-05-30 10:56:10 | RealTimeRecognition | WARNING | Error drawing HUD overlay: 'PerformanceTracker' object has no attribute 'get_average_processing_time'
2026-05-30 10:56:10 | ErrorTracker | WARNING | [MemoryMonitor] High memory usage detected: 521.2 MB (Threshold: 500 MB)
2026-05-30 10:56:10 | RealTimeRecognition | WARNING | Error drawing HUD overlay: 'PerformanceTracker' object has no attribute 'get_average_processing_time'
2026-05-30 10:56:10 | ErrorTracker | WARNING | [MemoryMonitor] High memory usage detected: 521.2 MB (Threshold: 500 MB)
2026-05-30 10:56:10 | RealTimeRecognition | WARNING | Error drawing HUD overlay: 'PerformanceTracker' object has no attribute 'get_average_processing_time'
2026-05-30 10:56:10 | ErrorTracker | WARNING | [MemoryMonitor] High memory usage detected: 521.2 MB (Threshold: 500 MB)
2026-05-30 10:56:10 | RealTimeRecognition | WARNING | Error drawing HUD overlay: 'PerformanceTracker' object has no attribute 'get_average_processing_time'
2026-05-30 10:56:10 | ErrorTracker | WARNING | [MemoryMonitor] High memory usage detected: 521.2 MB (Threshold: 500 MB)
2026-05-30 10:56:10 | RealTimeRecognition | WARNING | Error drawing HUD overlay: 'PerformanceTracker' object has no attribute 'get_average_processing_time'
2026-05-30 10:56:10 | ErrorTracker | WARNING | [MemoryMonitor] High memory usage detected: 521.2 MB (Threshold: 500 MB)
2026-05-30 10:56:10 | RealTimeRecognition | WARNING | Error drawing HUD overlay: 'PerformanceTracker' object has no attribute 'get_average_processing_time'
2026-05-30 10:56:10 | ErrorTracker | WARNING | [MemoryMonitor] High memory usage detected: 521.2 MB (Threshold: 500 MB)
2026-05-30 10:56:10 | RealTimeRecognition | WARNING | Error drawing HUD overlay: 'PerformanceTracker' object has no attribute 'get_average_processing_time'
2026-05-30 10:56:10 | ErrorTracker | WARNING | [MemoryMonitor] High memory usage detected: 521.2 MB (Threshold: 500 MB)
2026-05-30 10:56:10 | RealTimeRecognition | WARNING | Error drawing HUD overlay: 'PerformanceTracker' object has no attribute 'get_average_processing_time'
2026-05-30 10:56:10 | ErrorTracker | WARNING | [MemoryMonitor] High memory usage detected: 521.2 MB (Threshold: 500 MB)
2026-05-30 10:56:10 | RealTimeRecognition | WARNING | Error drawing HUD overlay: 'PerformanceTracker' object has no attribute 'get_average_processing_time'
2026-05-30 10:56:10 | ErrorTracker | WARNING | [MemoryMonitor] High memory usage detected: 521.2 MB (Threshold: 500 MB)
2026-05-30 10:56:10 | RealTimeRecognition | WARNING | Error drawing HUD overlay: 'PerformanceTracker' object has no attribute 'get_average_processing_time'
2026-05-30 10:56:10 | ErrorTracker | WARNING | [MemoryMonitor] High memory usage detected: 521.2 MB (Threshold: 500 MB)
2026-05-30 10:56:10 | RealTimeRecognition | WARNING | Error drawing HUD overlay: 'PerformanceTracker' object has no attribute 'get_average_processing_time'
2026-05-30 10:56:10 | ErrorTracker | WARNING | [MemoryMonitor] High memory usage detected: 521.2 MB (Threshold: 500 MB)
2026-05-30 10:56:10 | RealTimeRecognition | WARNING | Error drawing HUD overlay: 'PerformanceTracker' object has no attribute 'get_average_processing_time'
2026-05-30 10:56:10 | ErrorTracker | WARNING | [MemoryMonitor] High memory usage detected: 521.2 MB (Threshold: 500 MB)
2026-05-30 10:56:10 | RealTimeRecognition | WARNING | Error drawing HUD overlay: 'PerformanceTracker' object has no attribute 'get_average_processing_time'
2026-05-30 10:56:10 | ErrorTracker | WARNING | [MemoryMonitor] High memory usage detected: 521.2 MB (Threshold: 500 MB)
2026-05-30 10:56:10 | RealTimeRecognition | WARNING | Error drawing HUD overlay: 'PerformanceTracker' object has no attribute 'get_average_processing_time'
2026-05-30 10:56:10 | ErrorTracker | WARNING | [MemoryMonitor] High memory usage detected: 521.2 MB (Threshold: 500 MB)
2026-05-30 10:56:10 | RealTimeRecognition | WARNING | Error drawing HUD overlay: 'PerformanceTracker' object has no attribute 'get_average_processing_time'
2026-05-30 10:56:10 | ErrorTracker | WARNING | [MemoryMonitor] High memory usage detected: 521.2 MB (Threshold: 500 MB)
2026-05-30 10:56:10 | RealTimeRecognition | WARNING | Error drawing HUD overlay: 'PerformanceTracker' object has no attribute 'get_average_processing_time'
2026-05-30 10:56:11 | ErrorTracker | WARNING | [MemoryMonitor] High memory usage detected: 521.2 MB (Threshold: 500 MB)
2026-05-30 10:56:11 | RealTimeRecognition | WARNING | Error drawing HUD overlay: 'PerformanceTracker' object has no attribute 'get_average_processing_time'
2026-05-30 10:56:11 | ErrorTracker | WARNING | [MemoryMonitor] High memory usage detected: 521.2 MB (Threshold: 500 MB)
2026-05-30 10:56:11 | RealTimeRecognition | WARNING | Error drawing HUD overlay: 'PerformanceTracker' object has no attribute 'get_average_processing_time'
2026-05-30 10:56:11 | ErrorTracker | WARNING | [MemoryMonitor] High memory usage detected: 521.2 MB (Threshold: 500 MB)
2026-05-30 10:56:11 | RealTimeRecognition | WARNING | Error drawing HUD overlay: 'PerformanceTracker' object has no attribute 'get_average_processing_time'
2026-05-30 10:56:11 | ErrorTracker | WARNING | [MemoryMonitor] High memory usage detected: 521.2 MB (Threshold: 500 MB)
2026-05-30 10:56:11 | RealTimeRecognition | WARNING | Error drawing HUD overlay: 'PerformanceTracker' object has no attribute 'get_average_processing_time'
2026-05-30 10:56:11 | ErrorTracker | WARNING | [MemoryMonitor] High memory usage detected: 521.2 MB (Threshold: 500 MB)
2026-05-30 10:56:11 | RealTimeRecognition | WARNING | Error drawing HUD overlay: 'PerformanceTracker' object has no attribute 'get_average_processing_time'
2026-05-30 10:56:11 | ErrorTracker | WARNING | [MemoryMonitor] High memory usage detected: 521.2 MB (Threshold: 500 MB)
2026-05-30 10:56:11 | RealTimeRecognition | WARNING | Error drawing HUD overlay: 'PerformanceTracker' object has no attribute 'get_average_processing_time'
2026-05-30 10:56:11 | ErrorTracker | WARNING | [MemoryMonitor] High memory usage detected: 521.2 MB (Threshold: 500 MB)
2026-05-30 10:56:11 | RealTimeRecognition | WARNING | Error drawing HUD overlay: 'PerformanceTracker' object has no attribute 'get_average_processing_time'
2026-05-30 10:56:11 | ErrorTracker | WARNING | [MemoryMonitor] High memory usage detected: 521.2 MB (Threshold: 500 MB)
2026-05-30 10:56:11 | RealTimeRecognition | WARNING | Error drawing HUD overlay: 'PerformanceTracker' object has no attribute 'get_average_processing_time'
2026-05-30 10:56:11 | ErrorTracker | WARNING | [MemoryMonitor] High memory usage detected: 521.2 MB (Threshold: 500 MB)
2026-05-30 10:56:11 | RealTimeRecognition | WARNING | Error drawing HUD overlay: 'PerformanceTracker' object has no attribute 'get_average_processing_time'
2026-05-30 10:56:11 | ErrorTracker | WARNING | [MemoryMonitor] High memory usage detected: 521.2 MB (Threshold: 500 MB)
2026-05-30 10:56:11 | RealTimeRecognition | WARNING | Error drawing HUD overlay: 'PerformanceTracker' object has no attribute 'get_average_processing_time'
2026-05-30 10:56:11 | ErrorTracker | WARNING | [MemoryMonitor] High memory usage detected: 521.2 MB (Threshold: 500 MB)
2026-05-30 10:56:11 | RealTimeRecognition | WARNING | Error drawing HUD overlay: 'PerformanceTracker' object has no attribute 'get_average_processing_time'
2026-05-30 10:56:11 | ErrorTracker | WARNING | [MemoryMonitor] High memory usage detected: 521.2 MB (Threshold: 500 MB)
2026-05-30 10:56:11 | RealTimeRecognition | WARNING | Error drawing HUD overlay: 'PerformanceTracker' object has no attribute 'get_average_processing_time'
2026-05-30 10:56:11 | ErrorTracker | WARNING | [MemoryMonitor] High memory usage detected: 521.2 MB (Threshold: 500 MB)
2026-05-30 10:56:11 | RealTimeRecognition | WARNING | Error drawing HUD overlay: 'PerformanceTracker' object has no attribute 'get_average_processing_time'
2026-05-30 10:56:11 | ErrorTracker | WARNING | [MemoryMonitor] High memory usage detected: 521.2 MB (Threshold: 500 MB)
2026-05-30 10:56:11 | RealTimeRecognition | WARNING | Error drawing HUD overlay: 'PerformanceTracker' object has no attribute 'get_average_processing_time'
2026-05-30 10:56:11 | ErrorTracker | WARNING | [MemoryMonitor] High memory usage detected: 521.2 MB (Threshold: 500 MB)
2026-05-30 10:56:11 | RealTimeRecognition | WARNING | Error drawing HUD overlay: 'PerformanceTracker' object has no attribute 'get_average_processing_time'
2026-05-30 10:56:11 | ErrorTracker | WARNING | [MemoryMonitor] High memory usage detected: 521.2 MB (Threshold: 500 MB)
2026-05-30 10:56:11 | RealTimeRecognition | WARNING | Error drawing HUD overlay: 'PerformanceTracker' object has no attribute 'get_average_processing_time'
2026-05-30 10:56:11 | ErrorTracker | WARNING | [MemoryMonitor] High memory usage detected: 521.2 MB (Threshold: 500 MB)
2026-05-30 10:56:11 | RealTimeRecognition | WARNING | Error drawing HUD overlay: 'PerformanceTracker' object has no attribute 'get_average_processing_time'
2026-05-30 10:56:11 | ErrorTracker | WARNING | [MemoryMonitor] High memory usage detected: 521.2 MB (Threshold: 500 MB)
2026-05-30 10:56:11 | RealTimeRecognition | WARNING | Error drawing HUD overlay: 'PerformanceTracker' object has no attribute 'get_average_processing_time'
2026-05-30 10:56:11 | ErrorTracker | WARNING | [MemoryMonitor] High memory usage detected: 521.2 MB (Threshold: 500 MB)
2026-05-30 10:56:11 | RealTimeRecognition | WARNING | Error drawing HUD overlay: 'PerformanceTracker' object has no attribute 'get_average_processing_time'
2026-05-30 10:56:11 | ErrorTracker | WARNING | [MemoryMonitor] High memory usage detected: 521.2 MB (Threshold: 500 MB)
2026-05-30 10:56:11 | RealTimeRecognition | WARNING | Error drawing HUD overlay: 'PerformanceTracker' object has no attribute 'get_average_processing_time'
2026-05-30 10:56:11 | ErrorTracker | WARNING | [MemoryMonitor] High memory usage detected: 521.2 MB (Threshold: 500 MB)
2026-05-30 10:56:11 | RealTimeRecognition | WARNING | Error drawing HUD overlay: 'PerformanceTracker' object has no attribute 'get_average_processing_time'
2026-05-30 10:56:11 | ErrorTracker | WARNING | [MemoryMonitor] High memory usage detected: 521.2 MB (Threshold: 500 MB)
2026-05-30 10:56:11 | RealTimeRecognition | WARNING | Error drawing HUD overlay: 'PerformanceTracker' object has no attribute 'get_average_processing_time'
2026-05-30 10:56:11 | ErrorTracker | WARNING | [MemoryMonitor] High memory usage detected: 521.2 MB (Threshold: 500 MB)
2026-05-30 10:56:11 | RealTimeRecognition | WARNING | Error drawing HUD overlay: 'PerformanceTracker' object has no attribute 'get_average_processing_time'
2026-05-30 10:56:11 | ErrorTracker | WARNING | [MemoryMonitor] High memory usage detected: 521.2 MB (Threshold: 500 MB)
2026-05-30 10:56:11 | RealTimeRecognition | WARNING | Error drawing HUD overlay: 'PerformanceTracker' object has no attribute 'get_average_processing_time'
2026-05-30 10:56:11 | ErrorTracker | WARNING | [MemoryMonitor] High memory usage detected: 521.2 MB (Threshold: 500 MB)
2026-05-30 10:56:11 | RealTimeRecognition | WARNING | Error drawing HUD overlay: 'PerformanceTracker' object has no attribute 'get_average_processing_time'
2026-05-30 10:56:11 | ErrorTracker | WARNING | [MemoryMonitor] High memory usage detected: 521.2 MB (Threshold: 500 MB)
2026-05-30 10:56:11 | RealTimeRecognition | WARNING | Error drawing HUD overlay: 'PerformanceTracker' object has no attribute 'get_average_processing_time'
2026-05-30 10:56:11 | ErrorTracker | WARNING | [MemoryMonitor] High memory usage detected: 521.2 MB (Threshold: 500 MB)
2026-05-30 10:56:11 | RealTimeRecognition | WARNING | Error drawing HUD overlay: 'PerformanceTracker' object has no attribute 'get_average_processing_time'
2026-05-30 10:56:11 | ErrorTracker | WARNING | [MemoryMonitor] High memory usage detected: 521.2 MB (Threshold: 500 MB)
2026-05-30 10:56:11 | RealTimeRecognition | WARNING | Error drawing HUD overlay: 'PerformanceTracker' object has no attribute 'get_average_processing_time'
2026-05-30 10:56:11 | ErrorTracker | WARNING | [MemoryMonitor] High memory usage detected: 521.2 MB (Threshold: 500 MB)
2026-05-30 10:56:11 | RealTimeRecognition | WARNING | Error drawing HUD overlay: 'PerformanceTracker' object has no attribute 'get_average_processing_time'
2026-05-30 10:56:11 | ErrorTracker | WARNING | [MemoryMonitor] High memory usage detected: 521.2 MB (Threshold: 500 MB)
2026-05-30 10:56:11 | RealTimeRecognition | WARNING | Error drawing HUD overlay: 'PerformanceTracker' object has no attribute 'get_average_processing_time'
2026-05-30 10:56:12 | ErrorTracker | WARNING | [MemoryMonitor] High memory usage detected: 521.2 MB (Threshold: 500 MB)
2026-05-30 10:56:12 | RealTimeRecognition | WARNING | Error drawing HUD overlay: 'PerformanceTracker' object has no attribute 'get_average_processing_time'
2026-05-30 10:56:12 | ErrorTracker | WARNING | [MemoryMonitor] High memory usage detected: 521.2 MB (Threshold: 500 MB)
2026-05-30 10:56:12 | RealTimeRecognition | WARNING | Error drawing HUD overlay: 'PerformanceTracker' object has no attribute 'get_average_processing_time'
2026-05-30 10:56:12 | ErrorTracker | WARNING | [MemoryMonitor] High memory usage detected: 521.2 MB (Threshold: 500 MB)
2026-05-30 10:56:12 | RealTimeRecognition | WARNING | Error drawing HUD overlay: 'PerformanceTracker' object has no attribute 'get_average_processing_time'
2026-05-30 10:56:12 | ErrorTracker | WARNING | [MemoryMonitor] High memory usage detected: 521.2 MB (Threshold: 500 MB)
2026-05-30 10:56:12 | RealTimeRecognition | WARNING | Error drawing HUD overlay: 'PerformanceTracker' object has no attribute 'get_average_processing_time'
2026-05-30 10:56:12 | ErrorTracker | WARNING | [MemoryMonitor] High memory usage detected: 521.2 MB (Threshold: 500 MB)
2026-05-30 10:56:12 | RealTimeRecognition | WARNING | Error drawing HUD overlay: 'PerformanceTracker' object has no attribute 'get_average_processing_time'
2026-05-30 10:56:12 | ErrorTracker | WARNING | [MemoryMonitor] High memory usage detected: 521.2 MB (Threshold: 500 MB)
2026-05-30 10:56:12 | RealTimeRecognition | WARNING | Error drawing HUD overlay: 'PerformanceTracker' object has no attribute 'get_average_processing_time'
2026-05-30 10:56:12 | ErrorTracker | WARNING | [MemoryMonitor] High memory usage detected: 521.2 MB (Threshold: 500 MB)
2026-05-30 10:56:12 | RealTimeRecognition | WARNING | Error drawing HUD overlay: 'PerformanceTracker' object has no attribute 'get_average_processing_time'
2026-05-30 10:56:12 | ErrorTracker | WARNING | [MemoryMonitor] High memory usage detected: 521.2 MB (Threshold: 500 MB)
2026-05-30 10:56:12 | RealTimeRecognition | WARNING | Error drawing HUD overlay: 'PerformanceTracker' object has no attribute 'get_average_processing_time'
2026-05-30 10:56:12 | ErrorTracker | WARNING | [MemoryMonitor] High memory usage detected: 521.2 MB (Threshold: 500 MB)
2026-05-30 10:56:12 | RealTimeRecognition | WARNING | Error drawing HUD overlay: 'PerformanceTracker' object has no attribute 'get_average_processing_time'
2026-05-30 10:56:12 | ErrorTracker | WARNING | [MemoryMonitor] High memory usage detected: 521.2 MB (Threshold: 500 MB)
2026-05-30 10:56:12 | RealTimeRecognition | WARNING | Error drawing HUD overlay: 'PerformanceTracker' object has no attribute 'get_average_processing_time'
2026-05-30 10:56:12 | ErrorTracker | WARNING | [MemoryMonitor] High memory usage detected: 521.2 MB (Threshold: 500 MB)
2026-05-30 10:56:12 | RealTimeRecognition | WARNING | Error drawing HUD overlay: 'PerformanceTracker' object has no attribute 'get_average_processing_time'
2026-05-30 10:56:12 | ErrorTracker | WARNING | [MemoryMonitor] High memory usage detected: 521.2 MB (Threshold: 500 MB)
2026-05-30 10:56:12 | RealTimeRecognition | WARNING | Error drawing HUD overlay: 'PerformanceTracker' object has no attribute 'get_average_processing_time'
2026-05-30 10:56:12 | ErrorTracker | WARNING | [MemoryMonitor] High memory usage detected: 521.2 MB (Threshold: 500 MB)
2026-05-30 10:56:12 | RealTimeRecognition | WARNING | Error drawing HUD overlay: 'PerformanceTracker' object has no attribute 'get_average_processing_time'
2026-05-30 10:56:12 | ErrorTracker | WARNING | [MemoryMonitor] High memory usage detected: 521.2 MB (Threshold: 500 MB)
2026-05-30 10:56:12 | RealTimeRecognition | WARNING | Error drawing HUD overlay: 'PerformanceTracker' object has no attribute 'get_average_processing_time'
2026-05-30 10:56:12 | ErrorTracker | WARNING | [MemoryMonitor] High memory usage detected: 521.2 MB (Threshold: 500 MB)
2026-05-30 10:56:12 | RealTimeRecognition | WARNING | Error drawing HUD overlay: 'PerformanceTracker' object has no attribute 'get_average_processing_time'
2026-05-30 10:56:12 | RealTimeRecognition | WARNING | SYSTEM IN DEGRADED HEALTH: error rate is 290.0 errors/min. Errors by source: {'MemoryMonitor': 290}
2026-05-30 10:56:12 | RealTimeRecognition | WARNING | System memory usage is high: 521.2 MB (Threshold: 500 MB)
2026-05-30 10:56:12 | ErrorTracker | WARNING | [MemoryMonitor] High memory usage detected: 521.2 MB (Threshold: 500 MB)
2026-05-30 10:56:12 | RealTimeRecognition | WARNING | Error drawing HUD overlay: 'PerformanceTracker' object has no attribute 'get_average_processing_time'
2026-05-30 10:56:12 | ErrorTracker | WARNING | [MemoryMonitor] High memory usage detected: 521.2 MB (Threshold: 500 MB)
2026-05-30 10:56:12 | RealTimeRecognition | WARNING | Error drawing HUD overlay: 'PerformanceTracker' object has no attribute 'get_average_processing_time'
2026-05-30 10:56:12 | ErrorTracker | WARNING | [MemoryMonitor] High memory usage detected: 521.2 MB (Threshold: 500 MB)
2026-05-30 10:56:12 | RealTimeRecognition | WARNING | Error drawing HUD overlay: 'PerformanceTracker' object has no attribute 'get_average_processing_time'
2026-05-30 10:56:12 | ErrorTracker | WARNING | [MemoryMonitor] High memory usage detected: 521.2 MB (Threshold: 500 MB)
2026-05-30 10:56:12 | RealTimeRecognition | WARNING | Error drawing HUD overlay: 'PerformanceTracker' object has no attribute 'get_average_processing_time'
2026-05-30 10:56:12 | ErrorTracker | WARNING | [MemoryMonitor] High memory usage detected: 521.2 MB (Threshold: 500 MB)
2026-05-30 10:56:12 | RealTimeRecognition | WARNING | Error drawing HUD overlay: 'PerformanceTracker' object has no attribute 'get_average_processing_time'
2026-05-30 10:56:12 | ErrorTracker | WARNING | [MemoryMonitor] High memory usage detected: 521.2 MB (Threshold: 500 MB)
2026-05-30 10:56:12 | RealTimeRecognition | WARNING | Error drawing HUD overlay: 'PerformanceTracker' object has no attribute 'get_average_processing_time'
2026-05-30 10:56:12 | ErrorTracker | WARNING | [MemoryMonitor] High memory usage detected: 521.2 MB (Threshold: 500 MB)
2026-05-30 10:56:12 | RealTimeRecognition | WARNING | Error drawing HUD overlay: 'PerformanceTracker' object has no attribute 'get_average_processing_time'
2026-05-30 10:56:12 | ErrorTracker | WARNING | [MemoryMonitor] High memory usage detected: 521.2 MB (Threshold: 500 MB)
2026-05-30 10:56:12 | RealTimeRecognition | WARNING | Error drawing HUD overlay: 'PerformanceTracker' object has no attribute 'get_average_processing_time'
2026-05-30 10:56:12 | ErrorTracker | WARNING | [MemoryMonitor] High memory usage detected: 521.2 MB (Threshold: 500 MB)
2026-05-30 10:56:12 | RealTimeRecognition | WARNING | Error drawing HUD overlay: 'PerformanceTracker' object has no attribute 'get_average_processing_time'
2026-05-30 10:56:12 | ErrorTracker | WARNING | [MemoryMonitor] High memory usage detected: 521.2 MB (Threshold: 500 MB)
2026-05-30 10:56:12 | RealTimeRecognition | WARNING | Error drawing HUD overlay: 'PerformanceTracker' object has no attribute 'get_average_processing_time'
2026-05-30 10:56:12 | ErrorTracker | WARNING | [MemoryMonitor] High memory usage detected: 521.2 MB (Threshold: 500 MB)
2026-05-30 10:56:12 | RealTimeRecognition | WARNING | Error drawing HUD overlay: 'PerformanceTracker' object has no attribute 'get_average_processing_time'
2026-05-30 10:56:12 | ErrorTracker | WARNING | [MemoryMonitor] High memory usage detected: 521.2 MB (Threshold: 500 MB)
2026-05-30 10:56:12 | RealTimeRecognition | WARNING | Error drawing HUD overlay: 'PerformanceTracker' object has no attribute 'get_average_processing_time'
2026-05-30 10:56:12 | ErrorTracker | WARNING | [MemoryMonitor] High memory usage detected: 521.2 MB (Threshold: 500 MB)
2026-05-30 10:56:12 | RealTimeRecognition | WARNING | Error drawing HUD overlay: 'PerformanceTracker' object has no attribute 'get_average_processing_time'
2026-05-30 10:56:12 | ErrorTracker | WARNING | [MemoryMonitor] High memory usage detected: 521.2 MB (Threshold: 500 MB)
2026-05-30 10:56:12 | RealTimeRecognition | WARNING | Error drawing HUD overlay: 'PerformanceTracker' object has no attribute 'get_average_processing_time'
2026-05-30 10:56:12 | ErrorTracker | WARNING | [MemoryMonitor] High memory usage detected: 521.2 MB (Threshold: 500 MB)
2026-05-30 10:56:12 | RealTimeRecognition | WARNING | Error drawing HUD overlay: 'PerformanceTracker' object has no attribute 'get_average_processing_time'
2026-05-30 10:56:13 | ErrorTracker | WARNING | [MemoryMonitor] High memory usage detected: 521.2 MB (Threshold: 500 MB)
2026-05-30 10:56:13 | RealTimeRecognition | WARNING | Error drawing HUD overlay: 'PerformanceTracker' object has no attribute 'get_average_processing_time'
2026-05-30 10:56:13 | ErrorTracker | WARNING | [MemoryMonitor] High memory usage detected: 521.2 MB (Threshold: 500 MB)
2026-05-30 10:56:13 | RealTimeRecognition | WARNING | Error drawing HUD overlay: 'PerformanceTracker' object has no attribute 'get_average_processing_time'
2026-05-30 10:56:13 | ErrorTracker | WARNING | [MemoryMonitor] High memory usage detected: 521.2 MB (Threshold: 500 MB)
2026-05-30 10:56:13 | RealTimeRecognition | WARNING | Error drawing HUD overlay: 'PerformanceTracker' object has no attribute 'get_average_processing_time'
2026-05-30 10:56:13 | ErrorTracker | WARNING | [MemoryMonitor] High memory usage detected: 521.2 MB (Threshold: 500 MB)
2026-05-30 10:56:13 | RealTimeRecognition | WARNING | Error drawing HUD overlay: 'PerformanceTracker' object has no attribute 'get_average_processing_time'
2026-05-30 10:56:13 | ErrorTracker | WARNING | [MemoryMonitor] High memory usage detected: 521.2 MB (Threshold: 500 MB)
2026-05-30 10:56:13 | RealTimeRecognition | WARNING | Error drawing HUD overlay: 'PerformanceTracker' object has no attribute 'get_average_processing_time'
2026-05-30 10:56:13 | ErrorTracker | WARNING | [MemoryMonitor] High memory usage detected: 521.2 MB (Threshold: 500 MB)
2026-05-30 10:56:13 | RealTimeRecognition | WARNING | Error drawing HUD overlay: 'PerformanceTracker' object has no attribute 'get_average_processing_time'
2026-05-30 10:56:13 | ErrorTracker | WARNING | [MemoryMonitor] High memory usage detected: 521.2 MB (Threshold: 500 MB)
2026-05-30 10:56:13 | RealTimeRecognition | WARNING | Error drawing HUD overlay: 'PerformanceTracker' object has no attribute 'get_average_processing_time'
2026-05-30 10:56:13 | ErrorTracker | WARNING | [MemoryMonitor] High memory usage detected: 521.2 MB (Threshold: 500 MB)
2026-05-30 10:56:13 | RealTimeRecognition | WARNING | Error drawing HUD overlay: 'PerformanceTracker' object has no attribute 'get_average_processing_time'
2026-05-30 10:56:13 | ErrorTracker | WARNING | [MemoryMonitor] High memory usage detected: 521.2 MB (Threshold: 500 MB)
2026-05-30 10:56:13 | RealTimeRecognition | WARNING | Error drawing HUD overlay: 'PerformanceTracker' object has no attribute 'get_average_processing_time'
2026-05-30 10:56:13 | ErrorTracker | WARNING | [MemoryMonitor] High memory usage detected: 521.2 MB (Threshold: 500 MB)
2026-05-30 10:56:13 | RealTimeRecognition | WARNING | Error drawing HUD overlay: 'PerformanceTracker' object has no attribute 'get_average_processing_time'
2026-05-30 10:56:13 | ErrorTracker | WARNING | [MemoryMonitor] High memory usage detected: 521.2 MB (Threshold: 500 MB)
2026-05-30 10:56:13 | RealTimeRecognition | WARNING | Error drawing HUD overlay: 'PerformanceTracker' object has no attribute 'get_average_processing_time'
2026-05-30 10:56:13 | ErrorTracker | WARNING | [MemoryMonitor] High memory usage detected: 521.2 MB (Threshold: 500 MB)
2026-05-30 10:56:13 | RealTimeRecognition | WARNING | Error drawing HUD overlay: 'PerformanceTracker' object has no attribute 'get_average_processing_time'
2026-05-30 10:56:13 | ErrorTracker | WARNING | [MemoryMonitor] High memory usage detected: 521.2 MB (Threshold: 500 MB)
2026-05-30 10:56:13 | RealTimeRecognition | WARNING | Error drawing HUD overlay: 'PerformanceTracker' object has no attribute 'get_average_processing_time'
2026-05-30 10:56:13 | ErrorTracker | WARNING | [MemoryMonitor] High memory usage detected: 521.2 MB (Threshold: 500 MB)
2026-05-30 10:56:13 | RealTimeRecognition | WARNING | Error drawing HUD overlay: 'PerformanceTracker' object has no attribute 'get_average_processing_time'
2026-05-30 10:56:13 | ErrorTracker | WARNING | [MemoryMonitor] High memory usage detected: 521.2 MB (Threshold: 500 MB)
2026-05-30 10:56:13 | RealTimeRecognition | WARNING | Error drawing HUD overlay: 'PerformanceTracker' object has no attribute 'get_average_processing_time'
2026-05-30 10:56:13 | ErrorTracker | WARNING | [MemoryMonitor] High memory usage detected: 521.2 MB (Threshold: 500 MB)
2026-05-30 10:56:13 | RealTimeRecognition | WARNING | Error drawing HUD overlay: 'PerformanceTracker' object has no attribute 'get_average_processing_time'
2026-05-30 10:56:13 | ErrorTracker | WARNING | [MemoryMonitor] High memory usage detected: 521.2 MB (Threshold: 500 MB)
2026-05-30 10:56:13 | RealTimeRecognition | WARNING | Error drawing HUD overlay: 'PerformanceTracker' object has no attribute 'get_average_processing_time'
2026-05-30 10:56:13 | ErrorTracker | WARNING | [MemoryMonitor] High memory usage detected: 521.2 MB (Threshold: 500 MB)
2026-05-30 10:56:13 | RealTimeRecognition | WARNING | Error drawing HUD overlay: 'PerformanceTracker' object has no attribute 'get_average_processing_time'
2026-05-30 10:56:13 | ErrorTracker | WARNING | [MemoryMonitor] High memory usage detected: 521.2 MB (Threshold: 500 MB)
2026-05-30 10:56:13 | RealTimeRecognition | WARNING | Error drawing HUD overlay: 'PerformanceTracker' object has no attribute 'get_average_processing_time'
2026-05-30 10:56:13 | ErrorTracker | WARNING | [MemoryMonitor] High memory usage detected: 521.2 MB (Threshold: 500 MB)
2026-05-30 10:56:13 | RealTimeRecognition | WARNING | Error drawing HUD overlay: 'PerformanceTracker' object has no attribute 'get_average_processing_time'
2026-05-30 10:56:13 | ErrorTracker | WARNING | [MemoryMonitor] High memory usage detected: 521.2 MB (Threshold: 500 MB)
2026-05-30 10:56:13 | RealTimeRecognition | WARNING | Error drawing HUD overlay: 'PerformanceTracker' object has no attribute 'get_average_processing_time'
2026-05-30 10:56:13 | ErrorTracker | WARNING | [MemoryMonitor] High memory usage detected: 521.2 MB (Threshold: 500 MB)
2026-05-30 10:56:13 | RealTimeRecognition | WARNING | Error drawing HUD overlay: 'PerformanceTracker' object has no attribute 'get_average_processing_time'
2026-05-30 10:56:13 | ErrorTracker | WARNING | [MemoryMonitor] High memory usage detected: 521.2 MB (Threshold: 500 MB)
2026-05-30 10:56:13 | RealTimeRecognition | WARNING | Error drawing HUD overlay: 'PerformanceTracker' object has no attribute 'get_average_processing_time'
2026-05-30 10:56:13 | ErrorTracker | WARNING | [MemoryMonitor] High memory usage detected: 521.2 MB (Threshold: 500 MB)
2026-05-30 10:56:13 | RealTimeRecognition | WARNING | Error drawing HUD overlay: 'PerformanceTracker' object has no attribute 'get_average_processing_time'
2026-05-30 10:56:13 | ErrorTracker | WARNING | [MemoryMonitor] High memory usage detected: 521.2 MB (Threshold: 500 MB)
2026-05-30 10:56:13 | RealTimeRecognition | WARNING | Error drawing HUD overlay: 'PerformanceTracker' object has no attribute 'get_average_processing_time'
2026-05-30 10:56:13 | ErrorTracker | WARNING | [MemoryMonitor] High memory usage detected: 521.2 MB (Threshold: 500 MB)
2026-05-30 10:56:13 | RealTimeRecognition | WARNING | Error drawing HUD overlay: 'PerformanceTracker' object has no attribute 'get_average_processing_time'
2026-05-30 10:56:13 | ErrorTracker | WARNING | [MemoryMonitor] High memory usage detected: 521.2 MB (Threshold: 500 MB)
2026-05-30 10:56:13 | RealTimeRecognition | WARNING | Error drawing HUD overlay: 'PerformanceTracker' object has no attribute 'get_average_processing_time'
2026-05-30 10:56:13 | ErrorTracker | WARNING | [MemoryMonitor] High memory usage detected: 521.2 MB (Threshold: 500 MB)
2026-05-30 10:56:13 | RealTimeRecognition | WARNING | Error drawing HUD overlay: 'PerformanceTracker' object has no attribute 'get_average_processing_time'
2026-05-30 10:56:13 | ErrorTracker | WARNING | [MemoryMonitor] High memory usage detected: 521.2 MB (Threshold: 500 MB)
2026-05-30 10:56:13 | RealTimeRecognition | WARNING | Error drawing HUD overlay: 'PerformanceTracker' object has no attribute 'get_average_processing_time'
2026-05-30 10:56:13 | ErrorTracker | WARNING | [MemoryMonitor] High memory usage detected: 521.2 MB (Threshold: 500 MB)
2026-05-30 10:56:13 | RealTimeRecognition | WARNING | Error drawing HUD overlay: 'PerformanceTracker' object has no attribute 'get_average_processing_time'
2026-05-30 10:56:14 | ErrorTracker | WARNING | [MemoryMonitor] High memory usage detected: 521.2 MB (Threshold: 500 MB)
2026-05-30 10:56:14 | RealTimeRecognition | WARNING | Error drawing HUD overlay: 'PerformanceTracker' object has no attribute 'get_average_processing_time'
2026-05-30 10:56:14 | ErrorTracker | WARNING | [MemoryMonitor] High memory usage detected: 521.2 MB (Threshold: 500 MB)
2026-05-30 10:56:14 | RealTimeRecognition | WARNING | Error drawing HUD overlay: 'PerformanceTracker' object has no attribute 'get_average_processing_time'
2026-05-30 10:56:14 | ErrorTracker | WARNING | [MemoryMonitor] High memory usage detected: 521.2 MB (Threshold: 500 MB)
2026-05-30 10:56:14 | RealTimeRecognition | WARNING | Error drawing HUD overlay: 'PerformanceTracker' object has no attribute 'get_average_processing_time'
2026-05-30 10:56:14 | ErrorTracker | WARNING | [MemoryMonitor] High memory usage detected: 521.2 MB (Threshold: 500 MB)
2026-05-30 10:56:14 | RealTimeRecognition | WARNING | Error drawing HUD overlay: 'PerformanceTracker' object has no attribute 'get_average_processing_time'
2026-05-30 10:56:14 | ErrorTracker | WARNING | [MemoryMonitor] High memory usage detected: 521.2 MB (Threshold: 500 MB)
2026-05-30 10:56:14 | RealTimeRecognition | WARNING | Error drawing HUD overlay: 'PerformanceTracker' object has no attribute 'get_average_processing_time'
2026-05-30 10:56:14 | ErrorTracker | WARNING | [MemoryMonitor] High memory usage detected: 521.2 MB (Threshold: 500 MB)
2026-05-30 10:56:14 | RealTimeRecognition | WARNING | Error drawing HUD overlay: 'PerformanceTracker' object has no attribute 'get_average_processing_time'
2026-05-30 10:56:14 | ErrorTracker | WARNING | [MemoryMonitor] High memory usage detected: 521.2 MB (Threshold: 500 MB)
2026-05-30 10:56:14 | RealTimeRecognition | WARNING | Error drawing HUD overlay: 'PerformanceTracker' object has no attribute 'get_average_processing_time'
2026-05-30 10:56:14 | ErrorTracker | WARNING | [MemoryMonitor] High memory usage detected: 521.2 MB (Threshold: 500 MB)
2026-05-30 10:56:14 | RealTimeRecognition | WARNING | Error drawing HUD overlay: 'PerformanceTracker' object has no attribute 'get_average_processing_time'
2026-05-30 10:56:14 | ErrorTracker | WARNING | [MemoryMonitor] High memory usage detected: 521.2 MB (Threshold: 500 MB)
2026-05-30 10:56:14 | RealTimeRecognition | WARNING | Error drawing HUD overlay: 'PerformanceTracker' object has no attribute 'get_average_processing_time'
2026-05-30 10:56:14 | ErrorTracker | WARNING | [MemoryMonitor] High memory usage detected: 521.2 MB (Threshold: 500 MB)
2026-05-30 10:56:14 | RealTimeRecognition | WARNING | Error drawing HUD overlay: 'PerformanceTracker' object has no attribute 'get_average_processing_time'
2026-05-30 10:56:14 | ErrorTracker | WARNING | [MemoryMonitor] High memory usage detected: 521.2 MB (Threshold: 500 MB)
2026-05-30 10:56:14 | RealTimeRecognition | WARNING | Error drawing HUD overlay: 'PerformanceTracker' object has no attribute 'get_average_processing_time'
2026-05-30 10:56:14 | ErrorTracker | WARNING | [MemoryMonitor] High memory usage detected: 521.2 MB (Threshold: 500 MB)
2026-05-30 10:56:14 | RealTimeRecognition | WARNING | Error drawing HUD overlay: 'PerformanceTracker' object has no attribute 'get_average_processing_time'
2026-05-30 10:56:14 | ErrorTracker | WARNING | [MemoryMonitor] High memory usage detected: 521.2 MB (Threshold: 500 MB)
2026-05-30 10:56:14 | RealTimeRecognition | WARNING | Error drawing HUD overlay: 'PerformanceTracker' object has no attribute 'get_average_processing_time'
2026-05-30 10:56:14 | ErrorTracker | WARNING | [MemoryMonitor] High memory usage detected: 521.2 MB (Threshold: 500 MB)
2026-05-30 10:56:14 | RealTimeRecognition | WARNING | Error drawing HUD overlay: 'PerformanceTracker' object has no attribute 'get_average_processing_time'
2026-05-30 10:56:14 | ErrorTracker | WARNING | [MemoryMonitor] High memory usage detected: 521.2 MB (Threshold: 500 MB)
2026-05-30 10:56:14 | RealTimeRecognition | WARNING | Error drawing HUD overlay: 'PerformanceTracker' object has no attribute 'get_average_processing_time'
2026-05-30 10:56:14 | ErrorTracker | WARNING | [MemoryMonitor] High memory usage detected: 521.2 MB (Threshold: 500 MB)
2026-05-30 10:56:14 | RealTimeRecognition | WARNING | Error drawing HUD overlay: 'PerformanceTracker' object has no attribute 'get_average_processing_time'
2026-05-30 10:56:14 | ErrorTracker | WARNING | [MemoryMonitor] High memory usage detected: 521.2 MB (Threshold: 500 MB)
2026-05-30 10:56:14 | RealTimeRecognition | WARNING | Error drawing HUD overlay: 'PerformanceTracker' object has no attribute 'get_average_processing_time'
2026-05-30 10:56:14 | ErrorTracker | WARNING | [MemoryMonitor] High memory usage detected: 521.2 MB (Threshold: 500 MB)
2026-05-30 10:56:14 | RealTimeRecognition | WARNING | Error drawing HUD overlay: 'PerformanceTracker' object has no attribute 'get_average_processing_time'
2026-05-30 10:56:14 | ErrorTracker | WARNING | [MemoryMonitor] High memory usage detected: 521.2 MB (Threshold: 500 MB)
2026-05-30 10:56:14 | RealTimeRecognition | WARNING | Error drawing HUD overlay: 'PerformanceTracker' object has no attribute 'get_average_processing_time'
2026-05-30 10:56:14 | ErrorTracker | WARNING | [MemoryMonitor] High memory usage detected: 521.2 MB (Threshold: 500 MB)
2026-05-30 10:56:14 | RealTimeRecognition | WARNING | Error drawing HUD overlay: 'PerformanceTracker' object has no attribute 'get_average_processing_time'
2026-05-30 10:56:14 | ErrorTracker | WARNING | [MemoryMonitor] High memory usage detected: 521.2 MB (Threshold: 500 MB)
2026-05-30 10:56:14 | RealTimeRecognition | WARNING | Error drawing HUD overlay: 'PerformanceTracker' object has no attribute 'get_average_processing_time'
2026-05-30 10:56:14 | ErrorTracker | WARNING | [MemoryMonitor] High memory usage detected: 521.2 MB (Threshold: 500 MB)
2026-05-30 10:56:14 | RealTimeRecognition | WARNING | Error drawing HUD overlay: 'PerformanceTracker' object has no attribute 'get_average_processing_time'
2026-05-30 10:56:14 | ErrorTracker | WARNING | [MemoryMonitor] High memory usage detected: 521.2 MB (Threshold: 500 MB)
2026-05-30 10:56:14 | RealTimeRecognition | WARNING | Error drawing HUD overlay: 'PerformanceTracker' object has no attribute 'get_average_processing_time'
2026-05-30 10:56:14 | ErrorTracker | WARNING | [MemoryMonitor] High memory usage detected: 521.2 MB (Threshold: 500 MB)
2026-05-30 10:56:14 | RealTimeRecognition | WARNING | Error drawing HUD overlay: 'PerformanceTracker' object has no attribute 'get_average_processing_time'
2026-05-30 10:56:14 | ErrorTracker | WARNING | [MemoryMonitor] High memory usage detected: 521.2 MB (Threshold: 500 MB)
2026-05-30 10:56:14 | RealTimeRecognition | WARNING | Error drawing HUD overlay: 'PerformanceTracker' object has no attribute 'get_average_processing_time'
2026-05-30 10:56:14 | ErrorTracker | WARNING | [MemoryMonitor] High memory usage detected: 521.2 MB (Threshold: 500 MB)
2026-05-30 10:56:14 | RealTimeRecognition | WARNING | Error drawing HUD overlay: 'PerformanceTracker' object has no attribute 'get_average_processing_time'
2026-05-30 10:56:14 | ErrorTracker | WARNING | [MemoryMonitor] High memory usage detected: 521.2 MB (Threshold: 500 MB)
2026-05-30 10:56:14 | RealTimeRecognition | WARNING | Error drawing HUD overlay: 'PerformanceTracker' object has no attribute 'get_average_processing_time'
2026-05-30 10:56:14 | ErrorTracker | WARNING | [MemoryMonitor] High memory usage detected: 521.2 MB (Threshold: 500 MB)
2026-05-30 10:56:14 | RealTimeRecognition | WARNING | Error drawing HUD overlay: 'PerformanceTracker' object has no attribute 'get_average_processing_time'
2026-05-30 10:56:14 | ErrorTracker | WARNING | [MemoryMonitor] High memory usage detected: 521.2 MB (Threshold: 500 MB)
2026-05-30 10:56:14 | RealTimeRecognition | WARNING | Error drawing HUD overlay: 'PerformanceTracker' object has no attribute 'get_average_processing_time'
2026-05-30 10:56:14 | ErrorTracker | WARNING | [MemoryMonitor] High memory usage detected: 521.2 MB (Threshold: 500 MB)
2026-05-30 10:56:14 | RealTimeRecognition | WARNING | Error drawing HUD overlay: 'PerformanceTracker' object has no attribute 'get_average_processing_time'
2026-05-30 10:56:15 | ErrorTracker | WARNING | [MemoryMonitor] High memory usage detected: 521.2 MB (Threshold: 500 MB)
2026-05-30 10:56:15 | RealTimeRecognition | WARNING | Error drawing HUD overlay: 'PerformanceTracker' object has no attribute 'get_average_processing_time'
2026-05-30 10:56:15 | ErrorTracker | WARNING | [MemoryMonitor] High memory usage detected: 521.2 MB (Threshold: 500 MB)
2026-05-30 10:56:15 | RealTimeRecognition | WARNING | Error drawing HUD overlay: 'PerformanceTracker' object has no attribute 'get_average_processing_time'
2026-05-30 10:56:15 | ErrorTracker | WARNING | [MemoryMonitor] High memory usage detected: 521.2 MB (Threshold: 500 MB)
2026-05-30 10:56:15 | RealTimeRecognition | WARNING | Error drawing HUD overlay: 'PerformanceTracker' object has no attribute 'get_average_processing_time'
2026-05-30 10:56:15 | ErrorTracker | WARNING | [MemoryMonitor] High memory usage detected: 521.2 MB (Threshold: 500 MB)
2026-05-30 10:56:15 | RealTimeRecognition | WARNING | Error drawing HUD overlay: 'PerformanceTracker' object has no attribute 'get_average_processing_time'
2026-05-30 10:56:15 | ErrorTracker | WARNING | [MemoryMonitor] High memory usage detected: 521.2 MB (Threshold: 500 MB)
2026-05-30 10:56:15 | RealTimeRecognition | WARNING | Error drawing HUD overlay: 'PerformanceTracker' object has no attribute 'get_average_processing_time'
2026-05-30 10:56:15 | ErrorTracker | WARNING | [MemoryMonitor] High memory usage detected: 521.2 MB (Threshold: 500 MB)
2026-05-30 10:56:15 | RealTimeRecognition | WARNING | Error drawing HUD overlay: 'PerformanceTracker' object has no attribute 'get_average_processing_time'
2026-05-30 10:56:15 | ErrorTracker | WARNING | [MemoryMonitor] High memory usage detected: 521.2 MB (Threshold: 500 MB)
2026-05-30 10:56:15 | RealTimeRecognition | WARNING | Error drawing HUD overlay: 'PerformanceTracker' object has no attribute 'get_average_processing_time'
2026-05-30 10:56:15 | ErrorTracker | WARNING | [MemoryMonitor] High memory usage detected: 521.2 MB (Threshold: 500 MB)
2026-05-30 10:56:15 | RealTimeRecognition | WARNING | Error drawing HUD overlay: 'PerformanceTracker' object has no attribute 'get_average_processing_time'
2026-05-30 10:56:15 | ErrorTracker | WARNING | [MemoryMonitor] High memory usage detected: 521.2 MB (Threshold: 500 MB)
2026-05-30 10:56:15 | RealTimeRecognition | WARNING | Error drawing HUD overlay: 'PerformanceTracker' object has no attribute 'get_average_processing_time'
2026-05-30 10:56:15 | ErrorTracker | WARNING | [MemoryMonitor] High memory usage detected: 521.2 MB (Threshold: 500 MB)
2026-05-30 10:56:15 | RealTimeRecognition | WARNING | Error drawing HUD overlay: 'PerformanceTracker' object has no attribute 'get_average_processing_time'
2026-05-30 10:56:15 | ErrorTracker | WARNING | [MemoryMonitor] High memory usage detected: 521.2 MB (Threshold: 500 MB)
2026-05-30 10:56:15 | RealTimeRecognition | WARNING | Error drawing HUD overlay: 'PerformanceTracker' object has no attribute 'get_average_processing_time'
2026-05-30 10:56:15 | ErrorTracker | WARNING | [MemoryMonitor] High memory usage detected: 521.2 MB (Threshold: 500 MB)
2026-05-30 10:56:15 | RealTimeRecognition | WARNING | Error drawing HUD overlay: 'PerformanceTracker' object has no attribute 'get_average_processing_time'
2026-05-30 10:56:15 | ErrorTracker | WARNING | [MemoryMonitor] High memory usage detected: 521.2 MB (Threshold: 500 MB)
2026-05-30 10:56:15 | RealTimeRecognition | WARNING | Error drawing HUD overlay: 'PerformanceTracker' object has no attribute 'get_average_processing_time'
2026-05-30 10:56:15 | ErrorTracker | WARNING | [MemoryMonitor] High memory usage detected: 521.2 MB (Threshold: 500 MB)
2026-05-30 10:56:15 | RealTimeRecognition | WARNING | Error drawing HUD overlay: 'PerformanceTracker' object has no attribute 'get_average_processing_time'
2026-05-30 10:56:15 | ErrorTracker | WARNING | [MemoryMonitor] High memory usage detected: 521.2 MB (Threshold: 500 MB)
2026-05-30 10:56:15 | RealTimeRecognition | WARNING | Error drawing HUD overlay: 'PerformanceTracker' object has no attribute 'get_average_processing_time'
2026-05-30 10:56:15 | ErrorTracker | WARNING | [MemoryMonitor] High memory usage detected: 521.2 MB (Threshold: 500 MB)
2026-05-30 10:56:15 | RealTimeRecognition | WARNING | Error drawing HUD overlay: 'PerformanceTracker' object has no attribute 'get_average_processing_time'
2026-05-30 10:56:15 | ErrorTracker | WARNING | [MemoryMonitor] High memory usage detected: 521.2 MB (Threshold: 500 MB)
2026-05-30 10:56:15 | RealTimeRecognition | WARNING | Error drawing HUD overlay: 'PerformanceTracker' object has no attribute 'get_average_processing_time'
2026-05-30 10:56:15 | ErrorTracker | WARNING | [MemoryMonitor] High memory usage detected: 521.2 MB (Threshold: 500 MB)
2026-05-30 10:56:15 | RealTimeRecognition | WARNING | Error drawing HUD overlay: 'PerformanceTracker' object has no attribute 'get_average_processing_time'
2026-05-30 10:56:15 | ErrorTracker | WARNING | [MemoryMonitor] High memory usage detected: 521.2 MB (Threshold: 500 MB)
2026-05-30 10:56:15 | RealTimeRecognition | WARNING | Error drawing HUD overlay: 'PerformanceTracker' object has no attribute 'get_average_processing_time'
2026-05-30 10:56:15 | ErrorTracker | WARNING | [MemoryMonitor] High memory usage detected: 521.2 MB (Threshold: 500 MB)
2026-05-30 10:56:15 | RealTimeRecognition | WARNING | Error drawing HUD overlay: 'PerformanceTracker' object has no attribute 'get_average_processing_time'
2026-05-30 10:56:15 | ErrorTracker | WARNING | [MemoryMonitor] High memory usage detected: 521.2 MB (Threshold: 500 MB)
2026-05-30 10:56:15 | RealTimeRecognition | WARNING | Error drawing HUD overlay: 'PerformanceTracker' object has no attribute 'get_average_processing_time'
2026-05-30 10:56:15 | ErrorTracker | WARNING | [MemoryMonitor] High memory usage detected: 521.2 MB (Threshold: 500 MB)
2026-05-30 10:56:15 | RealTimeRecognition | WARNING | Error drawing HUD overlay: 'PerformanceTracker' object has no attribute 'get_average_processing_time'
2026-05-30 10:56:15 | ErrorTracker | WARNING | [MemoryMonitor] High memory usage detected: 521.2 MB (Threshold: 500 MB)
2026-05-30 10:56:15 | RealTimeRecognition | WARNING | Error drawing HUD overlay: 'PerformanceTracker' object has no attribute 'get_average_processing_time'
2026-05-30 10:56:15 | ErrorTracker | WARNING | [MemoryMonitor] High memory usage detected: 521.2 MB (Threshold: 500 MB)
2026-05-30 10:56:15 | RealTimeRecognition | WARNING | Error drawing HUD overlay: 'PerformanceTracker' object has no attribute 'get_average_processing_time'
2026-05-30 10:56:15 | ErrorTracker | WARNING | [MemoryMonitor] High memory usage detected: 521.2 MB (Threshold: 500 MB)
2026-05-30 10:56:15 | RealTimeRecognition | WARNING | Error drawing HUD overlay: 'PerformanceTracker' object has no attribute 'get_average_processing_time'
2026-05-30 10:56:15 | RealTimeRecognition | WARNING | SYSTEM IN DEGRADED HEALTH: error rate is 390.0 errors/min. Errors by source: {'MemoryMonitor': 390}
2026-05-30 10:56:15 | RealTimeRecognition | WARNING | System memory usage is high: 521.2 MB (Threshold: 500 MB)
2026-05-30 10:56:15 | ErrorTracker | WARNING | [MemoryMonitor] High memory usage detected: 521.2 MB (Threshold: 500 MB)
2026-05-30 10:56:15 | RealTimeRecognition | WARNING | Error drawing HUD overlay: 'PerformanceTracker' object has no attribute 'get_average_processing_time'
2026-05-30 10:56:15 | ErrorTracker | WARNING | [MemoryMonitor] High memory usage detected: 521.2 MB (Threshold: 500 MB)
2026-05-30 10:56:15 | RealTimeRecognition | WARNING | Error drawing HUD overlay: 'PerformanceTracker' object has no attribute 'get_average_processing_time'
2026-05-30 10:56:15 | ErrorTracker | WARNING | [MemoryMonitor] High memory usage detected: 521.2 MB (Threshold: 500 MB)
2026-05-30 10:56:15 | RealTimeRecognition | WARNING | Error drawing HUD overlay: 'PerformanceTracker' object has no attribute 'get_average_processing_time'
2026-05-30 10:56:15 | ErrorTracker | WARNING | [MemoryMonitor] High memory usage detected: 521.2 MB (Threshold: 500 MB)
2026-05-30 10:56:15 | RealTimeRecognition | WARNING | Error drawing HUD overlay: 'PerformanceTracker' object has no attribute 'get_average_processing_time'
2026-05-30 10:56:15 | ErrorTracker | WARNING | [MemoryMonitor] High memory usage detected: 521.2 MB (Threshold: 500 MB)
2026-05-30 10:56:15 | RealTimeRecognition | WARNING | Error drawing HUD overlay: 'PerformanceTracker' object has no attribute 'get_average_processing_time'
2026-05-30 10:56:16 | ErrorTracker | WARNING | [MemoryMonitor] High memory usage detected: 521.2 MB (Threshold: 500 MB)
2026-05-30 10:56:16 | RealTimeRecognition | WARNING | Error drawing HUD overlay: 'PerformanceTracker' object has no attribute 'get_average_processing_time'
2026-05-30 10:56:16 | ErrorTracker | WARNING | [MemoryMonitor] High memory usage detected: 521.2 MB (Threshold: 500 MB)
2026-05-30 10:56:16 | RealTimeRecognition | WARNING | Error drawing HUD overlay: 'PerformanceTracker' object has no attribute 'get_average_processing_time'
2026-05-30 10:56:16 | ErrorTracker | WARNING | [MemoryMonitor] High memory usage detected: 521.2 MB (Threshold: 500 MB)
2026-05-30 10:56:16 | RealTimeRecognition | WARNING | Error drawing HUD overlay: 'PerformanceTracker' object has no attribute 'get_average_processing_time'
2026-05-30 10:56:23 | EncodingCache | INFO | Successfully cached 12 face encodings in 0.19 ms.
2026-05-30 10:56:23 | EncodingCache | INFO | Successfully cached 500 face encodings in 27.25 ms.
2026-05-30 10:56:23 | EncodingCache | INFO | Successfully cached 500 face encodings in 27.23 ms.
2026-05-30 10:56:23 | EncodingCache | INFO | Successfully cached 500 face encodings in 26.30 ms.
2026-05-30 10:56:23 | EncodingCache | INFO | Successfully cached 500 face encodings in 26.88 ms.
2026-05-30 10:56:23 | EncodingCache | INFO | Successfully cached 500 face encodings in 26.89 ms.
2026-05-30 10:56:23 | EncodingCache | INFO | Successfully cached 500 face encodings in 26.77 ms.
2026-05-30 10:56:23 | EncodingCache | INFO | Performance report generated successfully: benchmark_report_20260530_105623.txt
2026-05-30 10:56:24 | ErrorTracker | WARNING | [TestComponent] Transient error 0
2026-05-30 10:56:24 | ErrorTracker | WARNING | [TestComponent] Transient error 1
2026-05-30 10:56:24 | ErrorTracker | WARNING | [TestComponent] Transient error 2
2026-05-30 10:56:24 | ErrorTracker | WARNING | [TestComponent] Error 0
2026-05-30 10:56:24 | ErrorTracker | WARNING | [TestComponent] Error 1
2026-05-30 10:56:24 | ErrorTracker | WARNING | [TestComponent] Error 2
2026-05-30 10:56:24 | ErrorTracker | WARNING | [TestComponent] Error 3
2026-05-30 10:56:24 | ErrorTracker | WARNING | [TestComponent] Error 4
2026-05-30 10:56:24 | ErrorTracker | WARNING | [TestComponent] Transient error
2026-05-30 10:56:24 | ErrorTracker | WARNING | [TestComponent] Transient error 0
2026-05-30 10:56:24 | ErrorTracker | WARNING | [TestComponent] Transient error 1
2026-05-30 10:56:24 | ErrorTracker | WARNING | [TestComponent] Transient error 2
2026-05-30 10:56:24 | ErrorTracker | WARNING | [TestComponent] Transient error 0
2026-05-30 10:56:24 | ErrorTracker | WARNING | [TestComponent] Transient error 1
2026-05-30 10:56:24 | ErrorTracker | WARNING | [TestComponent] Transient error 2
2026-05-30 10:56:24 | ErrorTracker | WARNING | [TestComponent] Transient error 3
2026-05-30 10:56:24 | ErrorTracker | WARNING | [TestComponent] Transient error 4
2026-05-30 10:56:24 | ErrorTracker | WARNING | [TestComponent] Transient error 5
2026-05-30 10:56:24 | ErrorTracker | WARNING | [TestComponent] Transient error 6
2026-05-30 10:56:24 | ErrorTracker | WARNING | [TestComponent] Transient error 7
2026-05-30 10:56:24 | ErrorTracker | WARNING | [TestComponent] Transient error 8
2026-05-30 10:56:24 | ErrorTracker | WARNING | [TestComponent] Transient error 9
2026-05-30 10:56:24 | ErrorTracker | WARNING | [TestComponent] Transient error 10
2026-05-30 10:56:24 | ErrorTracker | WARNING | [TestComponent] Transient error 11
2026-05-30 10:56:24 | ErrorTracker | WARNING | [SourceA] Error 0
2026-05-30 10:56:24 | ErrorTracker | WARNING | [SourceA] Error 1
2026-05-30 10:56:24 | ErrorTracker | WARNING | [SourceA] Error 2
2026-05-30 10:56:24 | ErrorTracker | WARNING | [SourceB] Error 0
2026-05-30 10:56:24 | ErrorTracker | WARNING | [SourceB] Error 1
2026-05-30 10:56:24 | ErrorTracker | WARNING | [TestComponent] Test message
2026-05-30 10:56:24 | ErrorTracker | WARNING | [TestComponent] Test message
2026-05-30 10:56:24 | RecoveryManager | INFO | Webcam recovery attempt 1/5. Waiting 1.0s...
2026-05-30 10:56:24 | RecoveryManager | INFO | Webcam recovered successfully.
2026-05-30 10:56:24 | RecoveryManager | INFO | Webcam recovery attempt 1/5. Waiting 1.0s...
2026-05-30 10:56:24 | RecoveryManager | INFO | Webcam recovery attempt 2/5. Waiting 2.0s...
2026-05-30 10:56:24 | RecoveryManager | INFO | Webcam recovery attempt 3/5. Waiting 4.0s...
2026-05-30 10:56:24 | RecoveryManager | INFO | Webcam recovery attempt 4/5. Waiting 8.0s...
2026-05-30 10:56:24 | RecoveryManager | INFO | Webcam recovery attempt 5/5. Waiting 16.0s...
2026-05-30 10:56:24 | RecoveryManager | ERROR | Webcam recovery failed after max attempts.
2026-05-30 10:56:24 | RecoveryManager | ERROR | Encoding file dummy_encodings.pickle corrupted or invalid: Load error
2026-05-30 10:56:24 | API_Connector | WARNING | Attendance transmission attempt 1/2 failed: Connection refused
2026-05-30 10:56:24 | API_Connector | WARNING | Attendance transmission attempt 2/2 failed: Connection refused
2026-05-30 10:56:24 | API_Connector | WARNING | Attendance transmission rejected. status_code=500 message=Server Error
2026-05-30 10:56:24 | API_Connector | INFO | Attendance logged successfully. status_code=200
2026-05-30 10:56:24 | API_Connector | INFO | Attendance logged successfully. status_code=201
2026-05-30 10:56:24 | API_Connector | WARNING | Attendance transmission attempt 1/2 failed: Request timed out
2026-05-30 10:56:24 | API_Connector | WARNING | Attendance transmission attempt 2/2 failed: Request timed out
2026-05-30 10:56:24 | API_Connector | WARNING | Payload validation failed: Missing student_id
2026-05-30 10:56:24 | API_Connector | WARNING | Mock transmission failed for student_id=1
2026-05-30 10:56:24 | API_Connector | INFO | Mock transmission succeeded for student_id=1
2026-05-30 10:56:24 | AttendanceManager | INFO | ATTENDANCE VERIFIED: 1_Aayushi (ID: 1)
2026-05-30 10:56:24 | EncodingCache | INFO | Successfully cached 3 face encodings in 0.34 ms.
2026-05-30 10:56:24 | EncodingCache | WARNING | Encoding file this_file_does_not_exist_12345.pickle not found. Recognition will not work until faces are encoded.
2026-05-30 10:56:24 | EncodingCache | ERROR | Failed to load encodings: pickle data was truncated
2026-05-30 10:56:24 | EncodingCache | INFO | Successfully cached 3 face encodings in 0.30 ms.
2026-05-30 10:56:25 | EncodingCache | INFO | Encoding file change detected (mtime changed). Reloading cache...
2026-05-30 10:56:25 | EncodingCache | INFO | Successfully cached 4 face encodings in 1.87 ms.
2026-05-30 10:56:25 | EncodingCache | INFO | Successfully cached 3 face encodings in 0.53 ms.
2026-05-30 10:56:25 | EncodingCache | INFO | Successfully cached 3 face encodings in 0.66 ms.
2026-05-30 10:56:25 | EncodingCache | INFO | Successfully cached 3 face encodings in 0.51 ms.
2026-05-30 10:56:34 | RealTimeRecognition | INFO | Initializing Hardened Face Recognition System (Phase 8)...
2026-05-30 10:56:35 | CameraHandler | INFO | Webcam 0 initialized successfully.
2026-05-30 10:56:35 | EncodingCache | INFO | Successfully cached 12 face encodings in 0.23 ms.
2026-05-30 10:56:35 | EncodingCache | INFO | Successfully cached 12 face encodings in 0.14 ms.
2026-05-30 10:56:35 | EncodingCache | INFO | Successfully cached 12 face encodings in 0.14 ms.
2026-05-30 10:56:35 | EncodingManager | INFO | Delegated known face loading to EncodingCache. Cached 12 faces.
2026-05-30 10:56:35 | RealTimeRecognition | INFO | Recognition system active. Press 'ESC' to exit.
2026-05-30 10:56:35 | ErrorTracker | WARNING | [MemoryMonitor] High memory usage detected: 504.8 MB (Threshold: 500 MB)
2026-05-30 10:56:35 | ErrorTracker | WARNING | [MemoryMonitor] High memory usage detected: 518.3 MB (Threshold: 500 MB)
2026-05-30 10:56:35 | ErrorTracker | WARNING | [MemoryMonitor] High memory usage detected: 518.4 MB (Threshold: 500 MB)
2026-05-30 10:56:35 | ErrorTracker | WARNING | [MemoryMonitor] High memory usage detected: 518.4 MB (Threshold: 500 MB)
2026-05-30 10:56:35 | ErrorTracker | WARNING | [MemoryMonitor] High memory usage detected: 518.4 MB (Threshold: 500 MB)
2026-05-30 10:56:35 | ErrorTracker | WARNING | [MemoryMonitor] High memory usage detected: 520.0 MB (Threshold: 500 MB)
2026-05-30 10:56:36 | ErrorTracker | WARNING | [MemoryMonitor] High memory usage detected: 520.0 MB (Threshold: 500 MB)
2026-05-30 10:56:36 | ErrorTracker | WARNING | [MemoryMonitor] High memory usage detected: 520.1 MB (Threshold: 500 MB)
2026-05-30 10:56:36 | ErrorTracker | WARNING | [MemoryMonitor] High memory usage detected: 520.1 MB (Threshold: 500 MB)
2026-05-30 10:56:36 | ErrorTracker | WARNING | [MemoryMonitor] High memory usage detected: 520.1 MB (Threshold: 500 MB)
2026-05-30 10:56:36 | ErrorTracker | WARNING | [MemoryMonitor] High memory usage detected: 520.1 MB (Threshold: 500 MB)
2026-05-30 10:56:36 | ErrorTracker | WARNING | [MemoryMonitor] High memory usage detected: 520.1 MB (Threshold: 500 MB)
2026-05-30 10:56:36 | ErrorTracker | WARNING | [MemoryMonitor] High memory usage detected: 520.1 MB (Threshold: 500 MB)
2026-05-30 10:56:36 | ErrorTracker | WARNING | [MemoryMonitor] High memory usage detected: 520.4 MB (Threshold: 500 MB)
2026-05-30 10:56:36 | ErrorTracker | WARNING | [MemoryMonitor] High memory usage detected: 520.4 MB (Threshold: 500 MB)
2026-05-30 10:56:36 | ErrorTracker | WARNING | [MemoryMonitor] High memory usage detected: 520.4 MB (Threshold: 500 MB)
2026-05-30 10:56:36 | ErrorTracker | WARNING | [MemoryMonitor] High memory usage detected: 520.4 MB (Threshold: 500 MB)
2026-05-30 10:56:36 | ErrorTracker | WARNING | [MemoryMonitor] High memory usage detected: 520.4 MB (Threshold: 500 MB)
2026-05-30 10:56:36 | ErrorTracker | WARNING | [MemoryMonitor] High memory usage detected: 520.4 MB (Threshold: 500 MB)
2026-05-30 10:56:36 | ErrorTracker | WARNING | [MemoryMonitor] High memory usage detected: 520.4 MB (Threshold: 500 MB)
2026-05-30 10:56:36 | ErrorTracker | WARNING | [MemoryMonitor] High memory usage detected: 520.4 MB (Threshold: 500 MB)
2026-05-30 10:56:36 | ErrorTracker | WARNING | [MemoryMonitor] High memory usage detected: 520.4 MB (Threshold: 500 MB)
2026-05-30 10:56:36 | ErrorTracker | WARNING | [MemoryMonitor] High memory usage detected: 520.4 MB (Threshold: 500 MB)
2026-05-30 10:56:36 | ErrorTracker | WARNING | [MemoryMonitor] High memory usage detected: 520.4 MB (Threshold: 500 MB)
2026-05-30 10:56:36 | ErrorTracker | WARNING | [MemoryMonitor] High memory usage detected: 520.4 MB (Threshold: 500 MB)
2026-05-30 10:56:36 | ErrorTracker | WARNING | [MemoryMonitor] High memory usage detected: 520.4 MB (Threshold: 500 MB)
2026-05-30 10:56:36 | ErrorTracker | WARNING | [MemoryMonitor] High memory usage detected: 520.4 MB (Threshold: 500 MB)
2026-05-30 10:56:36 | ErrorTracker | WARNING | [MemoryMonitor] High memory usage detected: 520.4 MB (Threshold: 500 MB)
2026-05-30 10:56:36 | ErrorTracker | WARNING | [MemoryMonitor] High memory usage detected: 521.6 MB (Threshold: 500 MB)
2026-05-30 10:56:36 | ErrorTracker | WARNING | [MemoryMonitor] High memory usage detected: 521.6 MB (Threshold: 500 MB)
2026-05-30 10:56:36 | ErrorTracker | WARNING | [MemoryMonitor] High memory usage detected: 521.6 MB (Threshold: 500 MB)
2026-05-30 10:56:36 | ErrorTracker | WARNING | [MemoryMonitor] High memory usage detected: 521.6 MB (Threshold: 500 MB)
2026-05-30 10:56:36 | ErrorTracker | WARNING | [MemoryMonitor] High memory usage detected: 521.6 MB (Threshold: 500 MB)
2026-05-30 10:56:36 | ErrorTracker | WARNING | [MemoryMonitor] High memory usage detected: 521.6 MB (Threshold: 500 MB)
2026-05-30 10:56:36 | ErrorTracker | WARNING | [MemoryMonitor] High memory usage detected: 521.6 MB (Threshold: 500 MB)
2026-05-30 10:56:36 | ErrorTracker | WARNING | [MemoryMonitor] High memory usage detected: 521.6 MB (Threshold: 500 MB)
2026-05-30 10:56:37 | ErrorTracker | WARNING | [MemoryMonitor] High memory usage detected: 521.6 MB (Threshold: 500 MB)
2026-05-30 10:56:37 | ErrorTracker | WARNING | [MemoryMonitor] High memory usage detected: 521.6 MB (Threshold: 500 MB)
2026-05-30 10:56:37 | ErrorTracker | WARNING | [MemoryMonitor] High memory usage detected: 521.6 MB (Threshold: 500 MB)
2026-05-30 10:56:37 | ErrorTracker | WARNING | [MemoryMonitor] High memory usage detected: 521.6 MB (Threshold: 500 MB)
2026-05-30 10:56:37 | ErrorTracker | WARNING | [MemoryMonitor] High memory usage detected: 521.6 MB (Threshold: 500 MB)
2026-05-30 10:56:37 | ErrorTracker | WARNING | [MemoryMonitor] High memory usage detected: 521.6 MB (Threshold: 500 MB)
2026-05-30 10:56:37 | ErrorTracker | WARNING | [MemoryMonitor] High memory usage detected: 521.6 MB (Threshold: 500 MB)
2026-05-30 10:56:37 | ErrorTracker | WARNING | [MemoryMonitor] High memory usage detected: 521.6 MB (Threshold: 500 MB)
2026-05-30 10:56:37 | ErrorTracker | WARNING | [MemoryMonitor] High memory usage detected: 521.6 MB (Threshold: 500 MB)
2026-05-30 10:56:37 | ErrorTracker | WARNING | [MemoryMonitor] High memory usage detected: 521.6 MB (Threshold: 500 MB)
2026-05-30 10:56:37 | ErrorTracker | WARNING | [MemoryMonitor] High memory usage detected: 521.6 MB (Threshold: 500 MB)
2026-05-30 10:56:37 | ErrorTracker | WARNING | [MemoryMonitor] High memory usage detected: 521.6 MB (Threshold: 500 MB)
2026-05-30 10:56:37 | ErrorTracker | WARNING | [MemoryMonitor] High memory usage detected: 521.6 MB (Threshold: 500 MB)
2026-05-30 10:56:37 | ErrorTracker | WARNING | [MemoryMonitor] High memory usage detected: 521.7 MB (Threshold: 500 MB)
2026-05-30 10:56:37 | ErrorTracker | WARNING | [MemoryMonitor] High memory usage detected: 521.7 MB (Threshold: 500 MB)
2026-05-30 10:56:37 | ErrorTracker | WARNING | [MemoryMonitor] High memory usage detected: 521.7 MB (Threshold: 500 MB)
2026-05-30 10:56:37 | ErrorTracker | WARNING | [MemoryMonitor] High memory usage detected: 521.7 MB (Threshold: 500 MB)
2026-05-30 10:56:37 | ErrorTracker | WARNING | [MemoryMonitor] High memory usage detected: 525.2 MB (Threshold: 500 MB)
2026-05-30 10:56:37 | ErrorTracker | WARNING | [MemoryMonitor] High memory usage detected: 525.3 MB (Threshold: 500 MB)
2026-05-30 10:56:37 | ErrorTracker | WARNING | [MemoryMonitor] High memory usage detected: 526.4 MB (Threshold: 500 MB)
2026-05-30 10:56:37 | ErrorTracker | WARNING | [MemoryMonitor] High memory usage detected: 526.5 MB (Threshold: 500 MB)
2026-05-30 10:56:37 | ErrorTracker | WARNING | [MemoryMonitor] High memory usage detected: 526.5 MB (Threshold: 500 MB)
2026-05-30 10:56:37 | ErrorTracker | WARNING | [MemoryMonitor] High memory usage detected: 526.5 MB (Threshold: 500 MB)
2026-05-30 10:56:37 | ErrorTracker | WARNING | [MemoryMonitor] High memory usage detected: 526.5 MB (Threshold: 500 MB)
2026-05-30 10:56:37 | ErrorTracker | WARNING | [MemoryMonitor] High memory usage detected: 526.5 MB (Threshold: 500 MB)
2026-05-30 10:56:37 | ErrorTracker | WARNING | [MemoryMonitor] High memory usage detected: 526.5 MB (Threshold: 500 MB)
2026-05-30 10:56:37 | ErrorTracker | WARNING | [MemoryMonitor] High memory usage detected: 526.5 MB (Threshold: 500 MB)
2026-05-30 10:56:37 | ErrorTracker | WARNING | [MemoryMonitor] High memory usage detected: 526.5 MB (Threshold: 500 MB)
2026-05-30 10:56:37 | ErrorTracker | WARNING | [MemoryMonitor] High memory usage detected: 526.5 MB (Threshold: 500 MB)
2026-05-30 10:56:37 | ErrorTracker | WARNING | [MemoryMonitor] High memory usage detected: 526.5 MB (Threshold: 500 MB)
2026-05-30 10:56:38 | ErrorTracker | WARNING | [MemoryMonitor] High memory usage detected: 526.5 MB (Threshold: 500 MB)
2026-05-30 10:56:38 | ErrorTracker | WARNING | [MemoryMonitor] High memory usage detected: 526.5 MB (Threshold: 500 MB)
2026-05-30 10:56:38 | ErrorTracker | WARNING | [MemoryMonitor] High memory usage detected: 526.5 MB (Threshold: 500 MB)
2026-05-30 10:56:38 | ErrorTracker | WARNING | [MemoryMonitor] High memory usage detected: 526.5 MB (Threshold: 500 MB)
2026-05-30 10:56:38 | ErrorTracker | WARNING | [MemoryMonitor] High memory usage detected: 526.5 MB (Threshold: 500 MB)
2026-05-30 10:56:38 | ErrorTracker | WARNING | [MemoryMonitor] High memory usage detected: 526.5 MB (Threshold: 500 MB)
2026-05-30 10:56:38 | ErrorTracker | WARNING | [MemoryMonitor] High memory usage detected: 526.5 MB (Threshold: 500 MB)
2026-05-30 10:56:38 | ErrorTracker | WARNING | [MemoryMonitor] High memory usage detected: 526.5 MB (Threshold: 500 MB)
2026-05-30 10:56:38 | ErrorTracker | WARNING | [MemoryMonitor] High memory usage detected: 526.5 MB (Threshold: 500 MB)
2026-05-30 10:56:38 | ErrorTracker | WARNING | [MemoryMonitor] High memory usage detected: 526.5 MB (Threshold: 500 MB)
2026-05-30 10:56:38 | ErrorTracker | WARNING | [MemoryMonitor] High memory usage detected: 526.5 MB (Threshold: 500 MB)
2026-05-30 10:56:38 | ErrorTracker | WARNING | [MemoryMonitor] High memory usage detected: 526.5 MB (Threshold: 500 MB)
2026-05-30 10:56:38 | ErrorTracker | WARNING | [MemoryMonitor] High memory usage detected: 526.5 MB (Threshold: 500 MB)
2026-05-30 10:56:38 | ErrorTracker | WARNING | [MemoryMonitor] High memory usage detected: 526.5 MB (Threshold: 500 MB)
2026-05-30 10:56:38 | ErrorTracker | WARNING | [MemoryMonitor] High memory usage detected: 526.5 MB (Threshold: 500 MB)
2026-05-30 10:56:38 | ErrorTracker | WARNING | [MemoryMonitor] High memory usage detected: 526.5 MB (Threshold: 500 MB)
2026-05-30 10:56:38 | ErrorTracker | WARNING | [MemoryMonitor] High memory usage detected: 526.5 MB (Threshold: 500 MB)
2026-05-30 10:56:38 | ErrorTracker | WARNING | [MemoryMonitor] High memory usage detected: 526.5 MB (Threshold: 500 MB)
2026-05-30 10:56:38 | ErrorTracker | WARNING | [MemoryMonitor] High memory usage detected: 526.5 MB (Threshold: 500 MB)
2026-05-30 10:56:38 | ErrorTracker | WARNING | [MemoryMonitor] High memory usage detected: 526.5 MB (Threshold: 500 MB)
2026-05-30 10:56:38 | ErrorTracker | WARNING | [MemoryMonitor] High memory usage detected: 526.5 MB (Threshold: 500 MB)
2026-05-30 10:56:38 | ErrorTracker | WARNING | [MemoryMonitor] High memory usage detected: 526.5 MB (Threshold: 500 MB)
2026-05-30 10:56:38 | RealTimeRecognition | WARNING | SYSTEM IN DEGRADED HEALTH: error rate is 88.0 errors/min. Errors by source: {'MemoryMonitor': 88}
2026-05-30 10:56:38 | RealTimeRecognition | WARNING | System memory usage is high: 526.5 MB (Threshold: 500 MB)
2026-05-30 10:56:38 | ErrorTracker | WARNING | [MemoryMonitor] High memory usage detected: 526.5 MB (Threshold: 500 MB)
2026-05-30 10:56:38 | ErrorTracker | WARNING | [MemoryMonitor] High memory usage detected: 526.5 MB (Threshold: 500 MB)
2026-05-30 10:56:38 | ErrorTracker | WARNING | [MemoryMonitor] High memory usage detected: 526.5 MB (Threshold: 500 MB)
2026-05-30 10:56:38 | ErrorTracker | WARNING | [MemoryMonitor] High memory usage detected: 526.5 MB (Threshold: 500 MB)
2026-05-30 10:56:38 | ErrorTracker | WARNING | [MemoryMonitor] High memory usage detected: 526.5 MB (Threshold: 500 MB)
2026-05-30 10:56:38 | ErrorTracker | WARNING | [MemoryMonitor] High memory usage detected: 526.5 MB (Threshold: 500 MB)
2026-05-30 10:56:38 | ErrorTracker | WARNING | [MemoryMonitor] High memory usage detected: 526.5 MB (Threshold: 500 MB)
2026-05-30 10:56:38 | ErrorTracker | WARNING | [MemoryMonitor] High memory usage detected: 526.5 MB (Threshold: 500 MB)
2026-05-30 10:56:39 | ErrorTracker | WARNING | [MemoryMonitor] High memory usage detected: 526.5 MB (Threshold: 500 MB)
2026-05-30 10:56:39 | ErrorTracker | WARNING | [MemoryMonitor] High memory usage detected: 526.5 MB (Threshold: 500 MB)
2026-05-30 10:56:39 | ErrorTracker | WARNING | [MemoryMonitor] High memory usage detected: 526.5 MB (Threshold: 500 MB)
2026-05-30 10:56:39 | ErrorTracker | WARNING | [MemoryMonitor] High memory usage detected: 526.5 MB (Threshold: 500 MB)
2026-05-30 10:56:39 | ErrorTracker | WARNING | [MemoryMonitor] High memory usage detected: 526.6 MB (Threshold: 500 MB)
2026-05-30 10:56:39 | ErrorTracker | WARNING | [MemoryMonitor] High memory usage detected: 526.6 MB (Threshold: 500 MB)
2026-05-30 10:56:39 | ErrorTracker | WARNING | [MemoryMonitor] High memory usage detected: 526.6 MB (Threshold: 500 MB)
2026-05-30 10:56:39 | ErrorTracker | WARNING | [MemoryMonitor] High memory usage detected: 526.6 MB (Threshold: 500 MB)
2026-05-30 10:56:39 | ErrorTracker | WARNING | [MemoryMonitor] High memory usage detected: 526.6 MB (Threshold: 500 MB)
2026-05-30 10:56:39 | ErrorTracker | WARNING | [MemoryMonitor] High memory usage detected: 526.6 MB (Threshold: 500 MB)
2026-05-30 10:56:39 | ErrorTracker | WARNING | [MemoryMonitor] High memory usage detected: 526.6 MB (Threshold: 500 MB)
2026-05-30 10:56:39 | ErrorTracker | WARNING | [MemoryMonitor] High memory usage detected: 526.6 MB (Threshold: 500 MB)
2026-05-30 10:56:39 | ErrorTracker | WARNING | [MemoryMonitor] High memory usage detected: 526.6 MB (Threshold: 500 MB)
2026-05-30 10:56:39 | ErrorTracker | WARNING | [MemoryMonitor] High memory usage detected: 526.6 MB (Threshold: 500 MB)
2026-05-30 10:56:39 | ErrorTracker | WARNING | [MemoryMonitor] High memory usage detected: 526.6 MB (Threshold: 500 MB)
2026-05-30 10:56:39 | ErrorTracker | WARNING | [MemoryMonitor] High memory usage detected: 526.6 MB (Threshold: 500 MB)
2026-05-30 10:56:39 | ErrorTracker | WARNING | [MemoryMonitor] High memory usage detected: 526.6 MB (Threshold: 500 MB)
2026-05-30 10:56:39 | ErrorTracker | WARNING | [MemoryMonitor] High memory usage detected: 526.6 MB (Threshold: 500 MB)
2026-05-30 10:56:39 | ErrorTracker | WARNING | [MemoryMonitor] High memory usage detected: 526.6 MB (Threshold: 500 MB)
2026-05-30 10:56:39 | ErrorTracker | WARNING | [MemoryMonitor] High memory usage detected: 526.6 MB (Threshold: 500 MB)
2026-05-30 10:56:39 | ErrorTracker | WARNING | [MemoryMonitor] High memory usage detected: 526.6 MB (Threshold: 500 MB)
2026-05-30 10:56:39 | ErrorTracker | WARNING | [MemoryMonitor] High memory usage detected: 526.6 MB (Threshold: 500 MB)
2026-05-30 10:56:39 | ErrorTracker | WARNING | [MemoryMonitor] High memory usage detected: 526.6 MB (Threshold: 500 MB)
2026-05-30 10:56:39 | ErrorTracker | WARNING | [MemoryMonitor] High memory usage detected: 526.6 MB (Threshold: 500 MB)
2026-05-30 10:56:39 | ErrorTracker | WARNING | [MemoryMonitor] High memory usage detected: 526.6 MB (Threshold: 500 MB)
2026-05-30 10:56:39 | ErrorTracker | WARNING | [MemoryMonitor] High memory usage detected: 526.6 MB (Threshold: 500 MB)
2026-05-30 10:56:39 | ErrorTracker | WARNING | [MemoryMonitor] High memory usage detected: 526.6 MB (Threshold: 500 MB)
2026-05-30 10:56:39 | ErrorTracker | WARNING | [MemoryMonitor] High memory usage detected: 526.6 MB (Threshold: 500 MB)
2026-05-30 10:56:39 | ErrorTracker | WARNING | [MemoryMonitor] High memory usage detected: 526.6 MB (Threshold: 500 MB)
2026-05-30 10:56:39 | ErrorTracker | WARNING | [MemoryMonitor] High memory usage detected: 526.6 MB (Threshold: 500 MB)
2026-05-30 10:56:40 | ErrorTracker | WARNING | [MemoryMonitor] High memory usage detected: 526.6 MB (Threshold: 500 MB)
2026-05-30 10:56:40 | ErrorTracker | WARNING | [MemoryMonitor] High memory usage detected: 526.6 MB (Threshold: 500 MB)
2026-05-30 10:56:40 | ErrorTracker | WARNING | [MemoryMonitor] High memory usage detected: 526.6 MB (Threshold: 500 MB)
2026-05-30 10:56:40 | ErrorTracker | WARNING | [MemoryMonitor] High memory usage detected: 526.6 MB (Threshold: 500 MB)
2026-05-30 10:56:40 | ErrorTracker | WARNING | [MemoryMonitor] High memory usage detected: 526.6 MB (Threshold: 500 MB)
2026-05-30 10:56:40 | ErrorTracker | WARNING | [MemoryMonitor] High memory usage detected: 526.6 MB (Threshold: 500 MB)
2026-05-30 10:56:40 | ErrorTracker | WARNING | [MemoryMonitor] High memory usage detected: 526.6 MB (Threshold: 500 MB)
2026-05-30 10:56:40 | ErrorTracker | WARNING | [MemoryMonitor] High memory usage detected: 526.6 MB (Threshold: 500 MB)
2026-05-30 10:56:40 | ErrorTracker | WARNING | [MemoryMonitor] High memory usage detected: 526.6 MB (Threshold: 500 MB)
2026-05-30 10:56:40 | ErrorTracker | WARNING | [MemoryMonitor] High memory usage detected: 526.6 MB (Threshold: 500 MB)
2026-05-30 11:05:22 | EncodingCache | INFO | Successfully cached 12 face encodings in 0.18 ms.
2026-05-30 11:05:22 | EncodingCache | INFO | Successfully cached 500 face encodings in 27.87 ms.
2026-05-30 11:05:22 | EncodingCache | INFO | Successfully cached 500 face encodings in 27.14 ms.
2026-05-30 11:05:22 | EncodingCache | INFO | Successfully cached 500 face encodings in 27.13 ms.
2026-05-30 11:05:22 | EncodingCache | INFO | Successfully cached 500 face encodings in 27.06 ms.
2026-05-30 11:05:22 | EncodingCache | INFO | Successfully cached 500 face encodings in 26.75 ms.
2026-05-30 11:05:22 | EncodingCache | INFO | Successfully cached 500 face encodings in 28.22 ms.
2026-05-30 11:05:22 | EncodingCache | INFO | Performance report generated successfully: benchmark_report_20260530_110522.txt
2026-05-30 11:05:24 | ErrorTracker | WARNING | [TestComponent] Transient error 0
2026-05-30 11:05:24 | ErrorTracker | WARNING | [TestComponent] Transient error 1
2026-05-30 11:05:24 | ErrorTracker | WARNING | [TestComponent] Transient error 2
2026-05-30 11:05:24 | ErrorTracker | WARNING | [TestComponent] Error 0
2026-05-30 11:05:24 | ErrorTracker | WARNING | [TestComponent] Error 1
2026-05-30 11:05:24 | ErrorTracker | WARNING | [TestComponent] Error 2
2026-05-30 11:05:24 | ErrorTracker | WARNING | [TestComponent] Error 3
2026-05-30 11:05:24 | ErrorTracker | WARNING | [TestComponent] Error 4
2026-05-30 11:05:24 | ErrorTracker | WARNING | [TestComponent] Transient error
2026-05-30 11:05:24 | ErrorTracker | WARNING | [TestComponent] Transient error 0
2026-05-30 11:05:24 | ErrorTracker | WARNING | [TestComponent] Transient error 1
2026-05-30 11:05:24 | ErrorTracker | WARNING | [TestComponent] Transient error 2
2026-05-30 11:05:24 | ErrorTracker | WARNING | [TestComponent] Transient error 0
2026-05-30 11:05:24 | ErrorTracker | WARNING | [TestComponent] Transient error 1
2026-05-30 11:05:24 | ErrorTracker | WARNING | [TestComponent] Transient error 2
2026-05-30 11:05:24 | ErrorTracker | WARNING | [TestComponent] Transient error 3
2026-05-30 11:05:24 | ErrorTracker | WARNING | [TestComponent] Transient error 4
2026-05-30 11:05:24 | ErrorTracker | WARNING | [TestComponent] Transient error 5
2026-05-30 11:05:24 | ErrorTracker | WARNING | [TestComponent] Transient error 6
2026-05-30 11:05:24 | ErrorTracker | WARNING | [TestComponent] Transient error 7
2026-05-30 11:05:24 | ErrorTracker | WARNING | [TestComponent] Transient error 8
2026-05-30 11:05:24 | ErrorTracker | WARNING | [TestComponent] Transient error 9
2026-05-30 11:05:24 | ErrorTracker | WARNING | [TestComponent] Transient error 10
2026-05-30 11:05:24 | ErrorTracker | WARNING | [TestComponent] Transient error 11
2026-05-30 11:05:24 | ErrorTracker | WARNING | [SourceA] Error 0
2026-05-30 11:05:24 | ErrorTracker | WARNING | [SourceA] Error 1
2026-05-30 11:05:24 | ErrorTracker | WARNING | [SourceA] Error 2
2026-05-30 11:05:24 | ErrorTracker | WARNING | [SourceB] Error 0
2026-05-30 11:05:24 | ErrorTracker | WARNING | [SourceB] Error 1
2026-05-30 11:05:24 | ErrorTracker | WARNING | [TestComponent] Test message
2026-05-30 11:05:24 | ErrorTracker | WARNING | [TestComponent] Test message
2026-05-30 11:05:24 | RecoveryManager | INFO | Webcam recovery attempt 1/5. Waiting 1.0s...
2026-05-30 11:05:24 | RecoveryManager | INFO | Webcam recovered successfully.
2026-05-30 11:05:24 | RecoveryManager | INFO | Webcam recovery attempt 1/5. Waiting 1.0s...
2026-05-30 11:05:24 | RecoveryManager | INFO | Webcam recovery attempt 2/5. Waiting 2.0s...
2026-05-30 11:05:24 | RecoveryManager | INFO | Webcam recovery attempt 3/5. Waiting 4.0s...
2026-05-30 11:05:24 | RecoveryManager | INFO | Webcam recovery attempt 4/5. Waiting 8.0s...
2026-05-30 11:05:24 | RecoveryManager | INFO | Webcam recovery attempt 5/5. Waiting 16.0s...
2026-05-30 11:05:24 | RecoveryManager | ERROR | Webcam recovery failed after max attempts.
2026-05-30 11:05:24 | RecoveryManager | ERROR | Encoding file dummy_encodings.pickle corrupted or invalid: Load error
2026-05-30 11:05:24 | API_Connector | WARNING | Attendance transmission attempt 1/2 failed: Connection refused
2026-05-30 11:05:24 | API_Connector | WARNING | Attendance transmission attempt 2/2 failed: Connection refused
2026-05-30 11:05:24 | API_Connector | WARNING | Attendance transmission rejected. status_code=500 message=Server Error
2026-05-30 11:05:24 | API_Connector | INFO | Attendance logged successfully. status_code=200
2026-05-30 11:05:24 | API_Connector | INFO | Attendance logged successfully. status_code=201
2026-05-30 11:05:24 | API_Connector | WARNING | Attendance transmission attempt 1/2 failed: Request timed out
2026-05-30 11:05:24 | API_Connector | WARNING | Attendance transmission attempt 2/2 failed: Request timed out
2026-05-30 11:05:24 | API_Connector | WARNING | Payload validation failed: Missing student_id
2026-05-30 11:05:24 | API_Connector | WARNING | Mock transmission failed for student_id=1
2026-05-30 11:05:24 | API_Connector | INFO | Mock transmission succeeded for student_id=1
2026-05-30 11:05:24 | AttendanceManager | INFO | ATTENDANCE VERIFIED: 1_Aayushi (ID: 1)
2026-05-30 11:05:24 | EncodingCache | INFO | Successfully cached 3 face encodings in 0.41 ms.
2026-05-30 11:05:24 | EncodingCache | WARNING | Encoding file this_file_does_not_exist_12345.pickle not found. Recognition will not work until faces are encoded.
2026-05-30 11:05:24 | EncodingCache | ERROR | Failed to load encodings: pickle data was truncated
2026-05-30 11:05:24 | EncodingCache | INFO | Successfully cached 3 face encodings in 0.23 ms.
2026-05-30 11:05:25 | EncodingCache | INFO | Encoding file change detected (mtime changed). Reloading cache...
2026-05-30 11:05:25 | EncodingCache | INFO | Successfully cached 4 face encodings in 1.71 ms.
2026-05-30 11:05:25 | EncodingCache | INFO | Successfully cached 3 face encodings in 0.59 ms.
2026-05-30 11:05:25 | EncodingCache | INFO | Successfully cached 3 face encodings in 0.51 ms.
2026-05-30 11:05:25 | EncodingCache | INFO | Successfully cached 3 face encodings in 0.49 ms.
2026-05-30 11:06:39 | ErrorTracker | WARNING | [TestComponent] Transient error 0
2026-05-30 11:06:39 | ErrorTracker | WARNING | [TestComponent] Transient error 1
2026-05-30 11:06:39 | ErrorTracker | WARNING | [TestComponent] Transient error 2
2026-05-30 11:06:39 | ErrorTracker | WARNING | [TestComponent] Error 0
2026-05-30 11:06:39 | ErrorTracker | WARNING | [TestComponent] Error 1
2026-05-30 11:06:39 | ErrorTracker | WARNING | [TestComponent] Error 2
2026-05-30 11:06:39 | ErrorTracker | WARNING | [TestComponent] Error 3
2026-05-30 11:06:39 | ErrorTracker | WARNING | [TestComponent] Error 4
2026-05-30 11:06:39 | ErrorTracker | WARNING | [TestComponent] Transient error
2026-05-30 11:06:39 | ErrorTracker | WARNING | [TestComponent] Transient error 0
2026-05-30 11:06:39 | ErrorTracker | WARNING | [TestComponent] Transient error 1
2026-05-30 11:06:39 | ErrorTracker | WARNING | [TestComponent] Transient error 2
2026-05-30 11:06:39 | ErrorTracker | WARNING | [TestComponent] Transient error 0
2026-05-30 11:06:39 | ErrorTracker | WARNING | [TestComponent] Transient error 1
2026-05-30 11:06:39 | ErrorTracker | WARNING | [TestComponent] Transient error 2
2026-05-30 11:06:39 | ErrorTracker | WARNING | [TestComponent] Transient error 3
2026-05-30 11:06:39 | ErrorTracker | WARNING | [TestComponent] Transient error 4
2026-05-30 11:06:39 | ErrorTracker | WARNING | [TestComponent] Transient error 5
2026-05-30 11:06:39 | ErrorTracker | WARNING | [TestComponent] Transient error 6
2026-05-30 11:06:39 | ErrorTracker | WARNING | [TestComponent] Transient error 7
2026-05-30 11:06:39 | ErrorTracker | WARNING | [TestComponent] Transient error 8
2026-05-30 11:06:39 | ErrorTracker | WARNING | [TestComponent] Transient error 9
2026-05-30 11:06:39 | ErrorTracker | WARNING | [TestComponent] Transient error 10
2026-05-30 11:06:39 | ErrorTracker | WARNING | [TestComponent] Transient error 11
2026-05-30 11:06:39 | ErrorTracker | WARNING | [SourceA] Error 0
2026-05-30 11:06:39 | ErrorTracker | WARNING | [SourceA] Error 1
2026-05-30 11:06:39 | ErrorTracker | WARNING | [SourceA] Error 2
2026-05-30 11:06:39 | ErrorTracker | WARNING | [SourceB] Error 0
2026-05-30 11:06:39 | ErrorTracker | WARNING | [SourceB] Error 1
2026-05-30 11:06:39 | ErrorTracker | WARNING | [TestComponent] Test message
2026-05-30 11:06:39 | ErrorTracker | WARNING | [TestComponent] Test message
2026-05-30 11:06:39 | RecoveryManager | INFO | Webcam recovery attempt 1/5. Waiting 1.0s...
2026-05-30 11:06:39 | RecoveryManager | INFO | Webcam recovered successfully.
2026-05-30 11:06:39 | RecoveryManager | INFO | Webcam recovery attempt 1/5. Waiting 1.0s...
2026-05-30 11:06:39 | RecoveryManager | INFO | Webcam recovery attempt 2/5. Waiting 2.0s...
2026-05-30 11:06:39 | RecoveryManager | INFO | Webcam recovery attempt 3/5. Waiting 4.0s...
2026-05-30 11:06:39 | RecoveryManager | INFO | Webcam recovery attempt 4/5. Waiting 8.0s...
2026-05-30 11:06:39 | RecoveryManager | INFO | Webcam recovery attempt 5/5. Waiting 16.0s...
2026-05-30 11:06:39 | RecoveryManager | ERROR | Webcam recovery failed after max attempts.
2026-05-30 11:06:39 | RecoveryManager | ERROR | Encoding file dummy_encodings.pickle corrupted or invalid: Load error
2026-05-30 11:08:17 | ErrorTracker | WARNING | [TestComponent] Transient error 0
2026-05-30 11:08:17 | ErrorTracker | WARNING | [TestComponent] Transient error 1
2026-05-30 11:08:17 | ErrorTracker | WARNING | [TestComponent] Transient error 2
2026-05-30 11:08:17 | ErrorTracker | WARNING | [TestComponent] Error 0
2026-05-30 11:08:17 | ErrorTracker | WARNING | [TestComponent] Error 1
2026-05-30 11:08:17 | ErrorTracker | WARNING | [TestComponent] Error 2
2026-05-30 11:08:17 | ErrorTracker | WARNING | [TestComponent] Error 3
2026-05-30 11:08:17 | ErrorTracker | WARNING | [TestComponent] Error 4
2026-05-30 11:08:17 | ErrorTracker | WARNING | [TestComponent] Transient error
2026-05-30 11:08:17 | ErrorTracker | WARNING | [TestComponent] Transient error 0
2026-05-30 11:08:17 | ErrorTracker | WARNING | [TestComponent] Transient error 1
2026-05-30 11:08:17 | ErrorTracker | WARNING | [TestComponent] Transient error 2
2026-05-30 11:08:17 | ErrorTracker | WARNING | [TestComponent] Transient error 0
2026-05-30 11:08:17 | ErrorTracker | WARNING | [TestComponent] Transient error 1
2026-05-30 11:08:17 | ErrorTracker | WARNING | [TestComponent] Transient error 2
2026-05-30 11:08:17 | ErrorTracker | WARNING | [TestComponent] Transient error 3
2026-05-30 11:08:17 | ErrorTracker | WARNING | [TestComponent] Transient error 4
2026-05-30 11:08:17 | ErrorTracker | WARNING | [TestComponent] Transient error 5
2026-05-30 11:08:17 | ErrorTracker | WARNING | [TestComponent] Transient error 6
2026-05-30 11:08:17 | ErrorTracker | WARNING | [TestComponent] Transient error 7
2026-05-30 11:08:17 | ErrorTracker | WARNING | [TestComponent] Transient error 8
2026-05-30 11:08:17 | ErrorTracker | WARNING | [TestComponent] Transient error 9
2026-05-30 11:08:17 | ErrorTracker | WARNING | [TestComponent] Transient error 10
2026-05-30 11:08:17 | ErrorTracker | WARNING | [TestComponent] Transient error 11
2026-05-30 11:08:17 | ErrorTracker | WARNING | [SourceA] Error 0
2026-05-30 11:08:17 | ErrorTracker | WARNING | [SourceA] Error 1
2026-05-30 11:08:17 | ErrorTracker | WARNING | [SourceA] Error 2
2026-05-30 11:08:17 | ErrorTracker | WARNING | [SourceB] Error 0
2026-05-30 11:08:17 | ErrorTracker | WARNING | [SourceB] Error 1
2026-05-30 11:08:17 | ErrorTracker | WARNING | [TestComponent] Test message
2026-05-30 11:08:17 | ErrorTracker | WARNING | [TestComponent] Test message
2026-05-30 11:08:17 | RecoveryManager | INFO | Webcam recovery attempt 1/5. Waiting 1.0s...
2026-05-30 11:08:17 | RecoveryManager | INFO | Webcam recovered successfully.
2026-05-30 11:08:17 | RecoveryManager | INFO | Webcam recovery attempt 1/5. Waiting 1.0s...
2026-05-30 11:08:17 | RecoveryManager | INFO | Webcam recovery attempt 2/5. Waiting 2.0s...
2026-05-30 11:08:17 | RecoveryManager | INFO | Webcam recovery attempt 3/5. Waiting 4.0s...
2026-05-30 11:08:17 | RecoveryManager | INFO | Webcam recovered successfully.
2026-05-30 11:08:17 | RecoveryManager | INFO | Webcam recovery attempt 1/5. Waiting 1.0s...
2026-05-30 11:08:17 | RecoveryManager | INFO | Webcam recovery attempt 2/5. Waiting 2.0s...
2026-05-30 11:08:17 | RecoveryManager | INFO | Webcam recovery attempt 3/5. Waiting 4.0s...
2026-05-30 11:08:17 | RecoveryManager | INFO | Webcam recovery attempt 4/5. Waiting 8.0s...
2026-05-30 11:08:17 | RecoveryManager | INFO | Webcam recovery attempt 5/5. Waiting 16.0s...
2026-05-30 11:08:17 | RecoveryManager | ERROR | Webcam recovery failed after max attempts.
2026-05-30 11:08:17 | RecoveryManager | WARNING | Encoding file non_existent.pickle not found during recovery.
2026-05-30 11:08:17 | RecoveryManager | INFO | Webcam recovery attempt 1/5. Waiting 1.0s...
2026-05-30 11:08:17 | RecoveryManager | INFO | Webcam recovered successfully.
2026-05-30 11:11:46 | EncodingCache | INFO | Successfully cached 12 face encodings in 0.18 ms.
2026-05-30 11:11:46 | EncodingCache | INFO | Successfully cached 500 face encodings in 28.20 ms.
2026-05-30 11:11:46 | EncodingCache | INFO | Successfully cached 500 face encodings in 27.77 ms.
2026-05-30 11:11:47 | EncodingCache | INFO | Successfully cached 500 face encodings in 27.21 ms.
2026-05-30 11:11:47 | EncodingCache | INFO | Successfully cached 500 face encodings in 27.34 ms.
2026-05-30 11:11:47 | EncodingCache | INFO | Successfully cached 500 face encodings in 27.23 ms.
2026-05-30 11:11:47 | EncodingCache | INFO | Successfully cached 500 face encodings in 27.28 ms.
2026-05-30 11:11:47 | EncodingCache | INFO | Performance report generated successfully: benchmark_report_20260530_111147.txt
2026-05-30 11:11:48 | FaceDetector | WARNING | Empty frame passed to detect_faces.
2026-05-30 11:11:48 | FaceDetector | WARNING | Empty frame passed to detect_faces.
2026-05-30 11:11:48 | ErrorTracker | WARNING | [TestComponent] Transient error 0
2026-05-30 11:11:48 | ErrorTracker | WARNING | [TestComponent] Transient error 1
2026-05-30 11:11:48 | ErrorTracker | WARNING | [TestComponent] Transient error 2
2026-05-30 11:11:48 | ErrorTracker | WARNING | [TestComponent] Error 0
2026-05-30 11:11:48 | ErrorTracker | WARNING | [TestComponent] Error 1
2026-05-30 11:11:48 | ErrorTracker | WARNING | [TestComponent] Error 2
2026-05-30 11:11:48 | ErrorTracker | WARNING | [TestComponent] Error 3
2026-05-30 11:11:48 | ErrorTracker | WARNING | [TestComponent] Error 4
2026-05-30 11:11:48 | ErrorTracker | WARNING | [TestComponent] Transient error
2026-05-30 11:11:48 | ErrorTracker | WARNING | [TestComponent] Transient error 0
2026-05-30 11:11:48 | ErrorTracker | WARNING | [TestComponent] Transient error 1
2026-05-30 11:11:48 | ErrorTracker | WARNING | [TestComponent] Transient error 2
2026-05-30 11:11:48 | ErrorTracker | WARNING | [TestComponent] Transient error 0
2026-05-30 11:11:48 | ErrorTracker | WARNING | [TestComponent] Transient error 1
2026-05-30 11:11:48 | ErrorTracker | WARNING | [TestComponent] Transient error 2
2026-05-30 11:11:48 | ErrorTracker | WARNING | [TestComponent] Transient error 3
2026-05-30 11:11:48 | ErrorTracker | WARNING | [TestComponent] Transient error 4
2026-05-30 11:11:48 | ErrorTracker | WARNING | [TestComponent] Transient error 5
2026-05-30 11:11:48 | ErrorTracker | WARNING | [TestComponent] Transient error 6
2026-05-30 11:11:48 | ErrorTracker | WARNING | [TestComponent] Transient error 7
2026-05-30 11:11:48 | ErrorTracker | WARNING | [TestComponent] Transient error 8
2026-05-30 11:11:48 | ErrorTracker | WARNING | [TestComponent] Transient error 9
2026-05-30 11:11:48 | ErrorTracker | WARNING | [TestComponent] Transient error 10
2026-05-30 11:11:48 | ErrorTracker | WARNING | [TestComponent] Transient error 11
2026-05-30 11:11:48 | ErrorTracker | WARNING | [SourceA] Error 0
2026-05-30 11:11:48 | ErrorTracker | WARNING | [SourceA] Error 1
2026-05-30 11:11:48 | ErrorTracker | WARNING | [SourceA] Error 2
2026-05-30 11:11:48 | ErrorTracker | WARNING | [SourceB] Error 0
2026-05-30 11:11:48 | ErrorTracker | WARNING | [SourceB] Error 1
2026-05-30 11:11:48 | ErrorTracker | WARNING | [TestComponent] Test message
2026-05-30 11:11:48 | ErrorTracker | WARNING | [TestComponent] Test message
2026-05-30 11:11:48 | RecoveryManager | INFO | Webcam recovery attempt 1/5. Waiting 1.0s...
2026-05-30 11:11:48 | RecoveryManager | INFO | Webcam recovered successfully.
2026-05-30 11:11:48 | RecoveryManager | INFO | Webcam recovery attempt 1/5. Waiting 1.0s...
2026-05-30 11:11:48 | RecoveryManager | INFO | Webcam recovery attempt 2/5. Waiting 2.0s...
2026-05-30 11:11:48 | RecoveryManager | INFO | Webcam recovery attempt 3/5. Waiting 4.0s...
2026-05-30 11:11:48 | RecoveryManager | INFO | Webcam recovered successfully.
2026-05-30 11:11:48 | RecoveryManager | INFO | Webcam recovery attempt 1/5. Waiting 1.0s...
2026-05-30 11:11:48 | RecoveryManager | INFO | Webcam recovery attempt 2/5. Waiting 2.0s...
2026-05-30 11:11:48 | RecoveryManager | INFO | Webcam recovery attempt 3/5. Waiting 4.0s...
2026-05-30 11:11:48 | RecoveryManager | INFO | Webcam recovery attempt 4/5. Waiting 8.0s...
2026-05-30 11:11:48 | RecoveryManager | INFO | Webcam recovery attempt 5/5. Waiting 16.0s...
2026-05-30 11:11:48 | RecoveryManager | ERROR | Webcam recovery failed after max attempts.
2026-05-30 11:11:48 | RecoveryManager | WARNING | Encoding file non_existent.pickle not found during recovery.
2026-05-30 11:11:48 | RecoveryManager | INFO | Webcam recovery attempt 1/5. Waiting 1.0s...
2026-05-30 11:11:48 | RecoveryManager | INFO | Webcam recovered successfully.
2026-05-30 11:11:48 | API_Connector | WARNING | Attendance transmission attempt 1/2 failed: Connection refused
2026-05-30 11:11:48 | API_Connector | WARNING | Attendance transmission attempt 2/2 failed: Connection refused
2026-05-30 11:11:48 | API_Connector | WARNING | Attendance transmission rejected. status_code=500 message=Server Error
2026-05-30 11:11:48 | API_Connector | INFO | Attendance logged successfully. status_code=200
2026-05-30 11:11:48 | API_Connector | INFO | Attendance logged successfully. status_code=201
2026-05-30 11:11:48 | API_Connector | WARNING | Attendance transmission attempt 1/2 failed: Request timed out
2026-05-30 11:11:48 | API_Connector | WARNING | Attendance transmission attempt 2/2 failed: Request timed out
2026-05-30 11:11:48 | API_Connector | WARNING | Payload validation failed: Missing student_id
2026-05-30 11:11:48 | API_Connector | WARNING | Mock transmission failed for student_id=1
2026-05-30 11:11:48 | API_Connector | INFO | Mock transmission succeeded for student_id=1
2026-05-30 11:11:48 | AttendanceManager | INFO | ATTENDANCE VERIFIED: 1_Aayushi (ID: 1)
2026-05-30 11:11:48 | EncodingCache | INFO | Successfully cached 3 face encodings in 0.04 ms.
2026-05-30 11:11:48 | EncodingCache | WARNING | Encoding file this_file_does_not_exist_12345.pickle not found. Recognition will not work until faces are encoded.
2026-05-30 11:11:48 | EncodingCache | ERROR | Failed to load encodings: pickle data was truncated
2026-05-30 11:11:48 | EncodingCache | INFO | Successfully cached 3 face encodings in 0.03 ms.
2026-05-30 11:11:49 | EncodingCache | INFO | Encoding file change detected (mtime changed). Reloading cache...
2026-05-30 11:11:49 | EncodingCache | INFO | Successfully cached 4 face encodings in 0.27 ms.
2026-05-30 11:11:49 | EncodingCache | INFO | Successfully cached 3 face encodings in 0.12 ms.
2026-05-30 11:11:49 | EncodingCache | INFO | Successfully cached 3 face encodings in 0.09 ms.
2026-05-30 11:11:49 | EncodingCache | INFO | Successfully cached 3 face encodings in 0.08 ms.
2026-05-30 11:12:35 | EncodingCache | INFO | Successfully cached 12 face encodings in 0.19 ms.
2026-05-30 11:12:35 | EncodingCache | INFO | Successfully cached 500 face encodings in 28.43 ms.
2026-05-30 11:12:35 | EncodingCache | INFO | Successfully cached 500 face encodings in 26.97 ms.
2026-05-30 11:12:35 | EncodingCache | INFO | Successfully cached 500 face encodings in 26.94 ms.
2026-05-30 11:12:36 | EncodingCache | INFO | Successfully cached 500 face encodings in 26.61 ms.
2026-05-30 11:12:36 | EncodingCache | INFO | Successfully cached 500 face encodings in 27.02 ms.
2026-05-30 11:12:36 | EncodingCache | INFO | Successfully cached 500 face encodings in 26.99 ms.
2026-05-30 11:12:36 | EncodingCache | INFO | Performance report generated successfully: benchmark_report_20260530_111236.txt
2026-05-30 11:12:37 | EncodingCache | INFO | Successfully cached 0 face encodings in 0.03 ms.
2026-05-30 11:12:37 | EncodingCache | INFO | Successfully cached 12 face encodings in 0.06 ms.
2026-05-30 11:12:37 | EncodingCache | INFO | Successfully cached 0 face encodings in 0.02 ms.
2026-05-30 11:12:37 | EncodingManager | INFO | Delegated known face loading to EncodingCache. Cached 0 faces.
2026-05-30 11:12:37 | EncodingCache | ERROR | Failed to load encodings: Mismatch between encodings count (3) and names count (2)
2026-05-30 11:12:37 | EncodingCache | ERROR | Failed to load encodings: unpickling stack underflow
2026-05-30 11:12:37 | EncodingCache | INFO | Successfully cached 0 face encodings in 0.02 ms.
2026-05-30 11:12:37 | EncodingManager | INFO | Delegated known face loading to EncodingCache. Cached 0 faces.
2026-05-30 11:12:37 | EncodingCache | INFO | Successfully cached 0 face encodings in 0.02 ms.
2026-05-30 11:12:37 | EncodingManager | INFO | Delegated known face loading to EncodingCache. Cached 0 faces.
2026-05-30 11:12:37 | FaceDetector | WARNING | Empty frame passed to detect_faces.
2026-05-30 11:12:37 | FaceDetector | WARNING | Empty frame passed to detect_faces.
2026-05-30 11:12:37 | EncodingCache | INFO | Successfully cached 0 face encodings in 0.15 ms.
2026-05-30 11:12:37 | EncodingManager | INFO | Delegated known face loading to EncodingCache. Cached 0 faces.
2026-05-30 11:12:37 | EncodingCache | INFO | Successfully cached 0 face encodings in 0.03 ms.
2026-05-30 11:12:37 | EncodingManager | INFO | Delegated known face loading to EncodingCache. Cached 0 faces.
2026-05-30 11:12:37 | EncodingCache | INFO | Successfully cached 0 face encodings in 0.03 ms.
2026-05-30 11:12:37 | EncodingManager | INFO | Delegated known face loading to EncodingCache. Cached 0 faces.
2026-05-30 11:12:37 | AttendanceManager | WARNING | ALERT: Persistent Unknown Person in view!
2026-05-30 11:12:37 | AttendanceManager | WARNING | ALERT: Persistent Unknown Person in view!
2026-05-30 11:12:37 | AttendanceManager | WARNING | ALERT: Persistent Unknown Person in view!
2026-05-30 11:12:37 | AttendanceManager | WARNING | ALERT: Persistent Unknown Person in view!
2026-05-30 11:12:37 | AttendanceManager | WARNING | ALERT: Persistent Unknown Person in view!
2026-05-30 11:12:37 | AttendanceManager | WARNING | ALERT: Persistent Unknown Person in view!
2026-05-30 11:12:37 | AttendanceManager | WARNING | ALERT: Persistent Unknown Person in view!
2026-05-30 11:12:37 | AttendanceManager | WARNING | ALERT: Persistent Unknown Person in view!
2026-05-30 11:12:37 | AttendanceManager | WARNING | ALERT: Persistent Unknown Person in view!
2026-05-30 11:12:37 | AttendanceManager | WARNING | ALERT: Persistent Unknown Person in view!
2026-05-30 11:12:37 | AttendanceManager | WARNING | ALERT: Persistent Unknown Person in view!
2026-05-30 11:12:37 | AttendanceManager | WARNING | ALERT: Persistent Unknown Person in view!
2026-05-30 11:12:37 | AttendanceManager | WARNING | ALERT: Persistent Unknown Person in view!
2026-05-30 11:12:37 | AttendanceManager | WARNING | ALERT: Persistent Unknown Person in view!
2026-05-30 11:12:37 | AttendanceManager | WARNING | ALERT: Persistent Unknown Person in view!
2026-05-30 11:12:37 | AttendanceManager | WARNING | ALERT: Persistent Unknown Person in view!
2026-05-30 11:12:37 | AttendanceManager | WARNING | ALERT: Persistent Unknown Person in view!
2026-05-30 11:12:37 | AttendanceManager | WARNING | ALERT: Persistent Unknown Person in view!
2026-05-30 11:12:37 | AttendanceManager | WARNING | ALERT: Persistent Unknown Person in view!
2026-05-30 11:12:37 | AttendanceManager | WARNING | ALERT: Persistent Unknown Person in view!
2026-05-30 11:12:37 | AttendanceManager | WARNING | ALERT: Persistent Unknown Person in view!
2026-05-30 11:12:37 | AttendanceManager | WARNING | ALERT: Persistent Unknown Person in view!
2026-05-30 11:12:37 | AttendanceManager | WARNING | ALERT: Persistent Unknown Person in view!
2026-05-30 11:12:37 | AttendanceManager | WARNING | ALERT: Persistent Unknown Person in view!
2026-05-30 11:12:37 | AttendanceManager | WARNING | ALERT: Persistent Unknown Person in view!
2026-05-30 11:12:37 | AttendanceManager | WARNING | ALERT: Persistent Unknown Person in view!
2026-05-30 11:12:37 | AttendanceManager | WARNING | ALERT: Persistent Unknown Person in view!
2026-05-30 11:12:37 | AttendanceManager | WARNING | ALERT: Persistent Unknown Person in view!
2026-05-30 11:12:37 | AttendanceManager | WARNING | ALERT: Persistent Unknown Person in view!
2026-05-30 11:12:37 | AttendanceManager | WARNING | ALERT: Persistent Unknown Person in view!
2026-05-30 11:12:37 | AttendanceManager | WARNING | ALERT: Persistent Unknown Person in view!
2026-05-30 11:12:37 | AttendanceManager | WARNING | ALERT: Persistent Unknown Person in view!
2026-05-30 11:12:37 | AttendanceManager | WARNING | ALERT: Persistent Unknown Person in view!
2026-05-30 11:12:37 | AttendanceManager | WARNING | ALERT: Persistent Unknown Person in view!
2026-05-30 11:12:37 | AttendanceManager | WARNING | ALERT: Persistent Unknown Person in view!
2026-05-30 11:12:37 | AttendanceManager | WARNING | ALERT: Persistent Unknown Person in view!
2026-05-30 11:12:37 | AttendanceManager | WARNING | ALERT: Persistent Unknown Person in view!
2026-05-30 11:12:37 | AttendanceManager | WARNING | ALERT: Persistent Unknown Person in view!
2026-05-30 11:12:37 | AttendanceManager | WARNING | ALERT: Persistent Unknown Person in view!
2026-05-30 11:12:37 | AttendanceManager | WARNING | ALERT: Persistent Unknown Person in view!
2026-05-30 11:12:37 | AttendanceManager | WARNING | ALERT: Persistent Unknown Person in view!
2026-05-30 11:12:37 | AttendanceManager | WARNING | ALERT: Persistent Unknown Person in view!
2026-05-30 11:12:37 | AttendanceManager | WARNING | ALERT: Persistent Unknown Person in view!
2026-05-30 11:12:37 | AttendanceManager | WARNING | ALERT: Persistent Unknown Person in view!
2026-05-30 11:12:37 | AttendanceManager | WARNING | ALERT: Persistent Unknown Person in view!
2026-05-30 11:12:37 | AttendanceManager | WARNING | ALERT: Persistent Unknown Person in view!
2026-05-30 11:12:37 | AttendanceManager | WARNING | ALERT: Persistent Unknown Person in view!
2026-05-30 11:12:37 | AttendanceManager | WARNING | ALERT: Persistent Unknown Person in view!
2026-05-30 11:12:37 | AttendanceManager | WARNING | ALERT: Persistent Unknown Person in view!
2026-05-30 11:12:37 | AttendanceManager | WARNING | ALERT: Persistent Unknown Person in view!
2026-05-30 11:12:37 | AttendanceManager | WARNING | ALERT: Persistent Unknown Person in view!
2026-05-30 11:12:37 | AttendanceManager | WARNING | ALERT: Persistent Unknown Person in view!
2026-05-30 11:12:37 | AttendanceManager | WARNING | ALERT: Persistent Unknown Person in view!
2026-05-30 11:12:37 | AttendanceManager | WARNING | ALERT: Persistent Unknown Person in view!
2026-05-30 11:12:37 | AttendanceManager | WARNING | ALERT: Persistent Unknown Person in view!
2026-05-30 11:12:37 | AttendanceManager | WARNING | ALERT: Persistent Unknown Person in view!
2026-05-30 11:12:37 | AttendanceManager | WARNING | ALERT: Persistent Unknown Person in view!
2026-05-30 11:12:37 | AttendanceManager | WARNING | ALERT: Persistent Unknown Person in view!
2026-05-30 11:12:37 | AttendanceManager | WARNING | ALERT: Persistent Unknown Person in view!
2026-05-30 11:12:37 | AttendanceManager | WARNING | ALERT: Persistent Unknown Person in view!
2026-05-30 11:12:37 | AttendanceManager | WARNING | ALERT: Persistent Unknown Person in view!
2026-05-30 11:12:37 | AttendanceManager | WARNING | ALERT: Persistent Unknown Person in view!
2026-05-30 11:12:37 | AttendanceManager | WARNING | ALERT: Persistent Unknown Person in view!
2026-05-30 11:12:37 | AttendanceManager | WARNING | ALERT: Persistent Unknown Person in view!
2026-05-30 11:12:37 | AttendanceManager | WARNING | ALERT: Persistent Unknown Person in view!
2026-05-30 11:12:37 | AttendanceManager | WARNING | ALERT: Persistent Unknown Person in view!
2026-05-30 11:12:37 | AttendanceManager | WARNING | ALERT: Persistent Unknown Person in view!
2026-05-30 11:12:37 | AttendanceManager | WARNING | ALERT: Persistent Unknown Person in view!
2026-05-30 11:12:37 | AttendanceManager | WARNING | ALERT: Persistent Unknown Person in view!
2026-05-30 11:12:37 | AttendanceManager | WARNING | ALERT: Persistent Unknown Person in view!
2026-05-30 11:12:37 | AttendanceManager | WARNING | ALERT: Persistent Unknown Person in view!
2026-05-30 11:12:37 | AttendanceManager | WARNING | ALERT: Persistent Unknown Person in view!
2026-05-30 11:12:37 | AttendanceManager | WARNING | ALERT: Persistent Unknown Person in view!
2026-05-30 11:12:37 | AttendanceManager | WARNING | ALERT: Persistent Unknown Person in view!
2026-05-30 11:12:37 | AttendanceManager | WARNING | ALERT: Persistent Unknown Person in view!
2026-05-30 11:12:37 | AttendanceManager | WARNING | ALERT: Persistent Unknown Person in view!
2026-05-30 11:12:37 | AttendanceManager | WARNING | ALERT: Persistent Unknown Person in view!
2026-05-30 11:12:37 | AttendanceManager | WARNING | ALERT: Persistent Unknown Person in view!
2026-05-30 11:12:37 | AttendanceManager | WARNING | ALERT: Persistent Unknown Person in view!
2026-05-30 11:12:37 | AttendanceManager | WARNING | ALERT: Persistent Unknown Person in view!
2026-05-30 11:12:37 | AttendanceManager | WARNING | ALERT: Persistent Unknown Person in view!
2026-05-30 11:12:37 | AttendanceManager | WARNING | ALERT: Persistent Unknown Person in view!
2026-05-30 11:12:37 | AttendanceManager | WARNING | ALERT: Persistent Unknown Person in view!
2026-05-30 11:12:37 | AttendanceManager | WARNING | ALERT: Persistent Unknown Person in view!
2026-05-30 11:12:37 | AttendanceManager | WARNING | ALERT: Persistent Unknown Person in view!
2026-05-30 11:12:37 | AttendanceManager | WARNING | ALERT: Persistent Unknown Person in view!
2026-05-30 11:12:37 | AttendanceManager | WARNING | ALERT: Persistent Unknown Person in view!
2026-05-30 11:12:37 | AttendanceManager | WARNING | ALERT: Persistent Unknown Person in view!
2026-05-30 11:12:37 | AttendanceManager | WARNING | ALERT: Persistent Unknown Person in view!
2026-05-30 11:12:37 | AttendanceManager | WARNING | ALERT: Persistent Unknown Person in view!
2026-05-30 11:12:37 | AttendanceManager | WARNING | ALERT: Persistent Unknown Person in view!
2026-05-30 11:12:37 | AttendanceManager | WARNING | ALERT: Persistent Unknown Person in view!
2026-05-30 11:12:37 | AttendanceManager | WARNING | ALERT: Persistent Unknown Person in view!
2026-05-30 11:12:37 | AttendanceManager | WARNING | ALERT: Persistent Unknown Person in view!
2026-05-30 11:12:37 | AttendanceManager | WARNING | ALERT: Persistent Unknown Person in view!
2026-05-30 11:12:37 | AttendanceManager | WARNING | ALERT: Persistent Unknown Person in view!
2026-05-30 11:12:37 | AttendanceManager | WARNING | ALERT: Persistent Unknown Person in view!
2026-05-30 11:12:37 | AttendanceManager | WARNING | ALERT: Persistent Unknown Person in view!
2026-05-30 11:12:37 | AttendanceManager | WARNING | ALERT: Persistent Unknown Person in view!
2026-05-30 11:12:37 | AttendanceManager | WARNING | ALERT: Persistent Unknown Person in view!
2026-05-30 11:12:37 | AttendanceManager | WARNING | ALERT: Persistent Unknown Person in view!
2026-05-30 11:12:37 | AttendanceManager | WARNING | ALERT: Persistent Unknown Person in view!
2026-05-30 11:12:37 | AttendanceManager | WARNING | ALERT: Persistent Unknown Person in view!
2026-05-30 11:12:37 | AttendanceManager | WARNING | ALERT: Persistent Unknown Person in view!
2026-05-30 11:12:37 | AttendanceManager | WARNING | ALERT: Persistent Unknown Person in view!
2026-05-30 11:12:37 | AttendanceManager | WARNING | ALERT: Persistent Unknown Person in view!
2026-05-30 11:12:37 | AttendanceManager | WARNING | ALERT: Persistent Unknown Person in view!
2026-05-30 11:12:37 | AttendanceManager | WARNING | ALERT: Persistent Unknown Person in view!
2026-05-30 11:12:37 | AttendanceManager | WARNING | ALERT: Persistent Unknown Person in view!
2026-05-30 11:12:37 | AttendanceManager | WARNING | ALERT: Persistent Unknown Person in view!
2026-05-30 11:12:37 | AttendanceManager | WARNING | ALERT: Persistent Unknown Person in view!
2026-05-30 11:12:37 | AttendanceManager | WARNING | ALERT: Persistent Unknown Person in view!
2026-05-30 11:12:37 | AttendanceManager | WARNING | ALERT: Persistent Unknown Person in view!
2026-05-30 11:12:37 | AttendanceManager | WARNING | ALERT: Persistent Unknown Person in view!
2026-05-30 11:12:37 | AttendanceManager | WARNING | ALERT: Persistent Unknown Person in view!
2026-05-30 11:12:37 | AttendanceManager | WARNING | ALERT: Persistent Unknown Person in view!
2026-05-30 11:12:37 | AttendanceManager | WARNING | ALERT: Persistent Unknown Person in view!
2026-05-30 11:12:37 | AttendanceManager | WARNING | ALERT: Persistent Unknown Person in view!
2026-05-30 11:12:37 | AttendanceManager | WARNING | ALERT: Persistent Unknown Person in view!
2026-05-30 11:12:37 | AttendanceManager | WARNING | ALERT: Persistent Unknown Person in view!
2026-05-30 11:12:37 | AttendanceManager | WARNING | ALERT: Persistent Unknown Person in view!
2026-05-30 11:12:37 | AttendanceManager | WARNING | ALERT: Persistent Unknown Person in view!
2026-05-30 11:12:37 | AttendanceManager | WARNING | ALERT: Persistent Unknown Person in view!
2026-05-30 11:12:37 | AttendanceManager | WARNING | ALERT: Persistent Unknown Person in view!
2026-05-30 11:12:37 | AttendanceManager | WARNING | ALERT: Persistent Unknown Person in view!
2026-05-30 11:12:37 | AttendanceManager | WARNING | ALERT: Persistent Unknown Person in view!
2026-05-30 11:12:37 | AttendanceManager | WARNING | ALERT: Persistent Unknown Person in view!
2026-05-30 11:12:37 | AttendanceManager | WARNING | ALERT: Persistent Unknown Person in view!
2026-05-30 11:12:37 | AttendanceManager | WARNING | ALERT: Persistent Unknown Person in view!
2026-05-30 11:12:37 | AttendanceManager | WARNING | ALERT: Persistent Unknown Person in view!
2026-05-30 11:12:37 | AttendanceManager | WARNING | ALERT: Persistent Unknown Person in view!
2026-05-30 11:12:37 | AttendanceManager | WARNING | ALERT: Persistent Unknown Person in view!
2026-05-30 11:12:37 | AttendanceManager | WARNING | ALERT: Persistent Unknown Person in view!
2026-05-30 11:12:37 | AttendanceManager | WARNING | ALERT: Persistent Unknown Person in view!
2026-05-30 11:12:37 | AttendanceManager | WARNING | ALERT: Persistent Unknown Person in view!
2026-05-30 11:12:37 | AttendanceManager | WARNING | ALERT: Persistent Unknown Person in view!
2026-05-30 11:12:37 | AttendanceManager | WARNING | ALERT: Persistent Unknown Person in view!
2026-05-30 11:12:37 | AttendanceManager | WARNING | ALERT: Persistent Unknown Person in view!
2026-05-30 11:12:37 | AttendanceManager | WARNING | ALERT: Persistent Unknown Person in view!
2026-05-30 11:12:37 | AttendanceManager | WARNING | ALERT: Persistent Unknown Person in view!
2026-05-30 11:12:37 | AttendanceManager | WARNING | ALERT: Persistent Unknown Person in view!
2026-05-30 11:12:37 | AttendanceManager | WARNING | ALERT: Persistent Unknown Person in view!
2026-05-30 11:12:37 | AttendanceManager | WARNING | ALERT: Persistent Unknown Person in view!
2026-05-30 11:12:37 | AttendanceManager | WARNING | ALERT: Persistent Unknown Person in view!
2026-05-30 11:12:37 | AttendanceManager | WARNING | ALERT: Persistent Unknown Person in view!
2026-05-30 11:12:37 | AttendanceManager | WARNING | ALERT: Persistent Unknown Person in view!
2026-05-30 11:12:37 | AttendanceManager | WARNING | ALERT: Persistent Unknown Person in view!
2026-05-30 11:12:37 | AttendanceManager | WARNING | ALERT: Persistent Unknown Person in view!
2026-05-30 11:12:37 | AttendanceManager | WARNING | ALERT: Persistent Unknown Person in view!
2026-05-30 11:12:37 | AttendanceManager | WARNING | ALERT: Persistent Unknown Person in view!
2026-05-30 11:12:37 | AttendanceManager | WARNING | ALERT: Persistent Unknown Person in view!
2026-05-30 11:12:37 | AttendanceManager | WARNING | ALERT: Persistent Unknown Person in view!
2026-05-30 11:12:37 | AttendanceManager | WARNING | ALERT: Persistent Unknown Person in view!
2026-05-30 11:12:37 | AttendanceManager | WARNING | ALERT: Persistent Unknown Person in view!
2026-05-30 11:12:37 | AttendanceManager | WARNING | ALERT: Persistent Unknown Person in view!
2026-05-30 11:12:37 | AttendanceManager | WARNING | ALERT: Persistent Unknown Person in view!
2026-05-30 11:12:37 | AttendanceManager | WARNING | ALERT: Persistent Unknown Person in view!
2026-05-30 11:12:37 | AttendanceManager | WARNING | ALERT: Persistent Unknown Person in view!
2026-05-30 11:12:37 | AttendanceManager | WARNING | ALERT: Persistent Unknown Person in view!
2026-05-30 11:12:37 | AttendanceManager | WARNING | ALERT: Persistent Unknown Person in view!
2026-05-30 11:12:37 | AttendanceManager | WARNING | ALERT: Persistent Unknown Person in view!
2026-05-30 11:12:37 | AttendanceManager | WARNING | ALERT: Persistent Unknown Person in view!
2026-05-30 11:12:37 | AttendanceManager | WARNING | ALERT: Persistent Unknown Person in view!
2026-05-30 11:12:37 | AttendanceManager | WARNING | ALERT: Persistent Unknown Person in view!
2026-05-30 11:12:37 | AttendanceManager | WARNING | ALERT: Persistent Unknown Person in view!
2026-05-30 11:12:37 | AttendanceManager | WARNING | ALERT: Persistent Unknown Person in view!
2026-05-30 11:12:37 | AttendanceManager | WARNING | ALERT: Persistent Unknown Person in view!
2026-05-30 11:12:37 | AttendanceManager | WARNING | ALERT: Persistent Unknown Person in view!
2026-05-30 11:12:37 | AttendanceManager | WARNING | ALERT: Persistent Unknown Person in view!
2026-05-30 11:12:37 | AttendanceManager | WARNING | ALERT: Persistent Unknown Person in view!
2026-05-30 11:12:37 | AttendanceManager | WARNING | ALERT: Persistent Unknown Person in view!
2026-05-30 11:12:37 | AttendanceManager | WARNING | ALERT: Persistent Unknown Person in view!
2026-05-30 11:12:37 | AttendanceManager | WARNING | ALERT: Persistent Unknown Person in view!
2026-05-30 11:12:37 | AttendanceManager | WARNING | ALERT: Persistent Unknown Person in view!
2026-05-30 11:12:37 | AttendanceManager | WARNING | ALERT: Persistent Unknown Person in view!
2026-05-30 11:12:37 | AttendanceManager | WARNING | ALERT: Persistent Unknown Person in view!
2026-05-30 11:12:37 | AttendanceManager | WARNING | ALERT: Persistent Unknown Person in view!
2026-05-30 11:12:37 | AttendanceManager | WARNING | ALERT: Persistent Unknown Person in view!
2026-05-30 11:12:37 | AttendanceManager | WARNING | ALERT: Persistent Unknown Person in view!
2026-05-30 11:12:37 | AttendanceManager | WARNING | ALERT: Persistent Unknown Person in view!
2026-05-30 11:12:37 | AttendanceManager | WARNING | ALERT: Persistent Unknown Person in view!
2026-05-30 11:12:37 | AttendanceManager | WARNING | ALERT: Persistent Unknown Person in view!
2026-05-30 11:12:37 | AttendanceManager | WARNING | ALERT: Persistent Unknown Person in view!
2026-05-30 11:12:37 | AttendanceManager | WARNING | ALERT: Persistent Unknown Person in view!
2026-05-30 11:12:37 | AttendanceManager | WARNING | ALERT: Persistent Unknown Person in view!
2026-05-30 11:12:37 | AttendanceManager | WARNING | ALERT: Persistent Unknown Person in view!
2026-05-30 11:12:37 | AttendanceManager | WARNING | ALERT: Persistent Unknown Person in view!
2026-05-30 11:12:37 | AttendanceManager | WARNING | ALERT: Persistent Unknown Person in view!
2026-05-30 11:12:37 | AttendanceManager | WARNING | ALERT: Persistent Unknown Person in view!
2026-05-30 11:12:37 | AttendanceManager | WARNING | ALERT: Persistent Unknown Person in view!
2026-05-30 11:12:37 | AttendanceManager | WARNING | ALERT: Persistent Unknown Person in view!
2026-05-30 11:12:37 | AttendanceManager | WARNING | ALERT: Persistent Unknown Person in view!
2026-05-30 11:12:37 | AttendanceManager | WARNING | ALERT: Persistent Unknown Person in view!
2026-05-30 11:12:37 | AttendanceManager | WARNING | ALERT: Persistent Unknown Person in view!
2026-05-30 11:12:37 | AttendanceManager | WARNING | ALERT: Persistent Unknown Person in view!
2026-05-30 11:12:37 | ErrorTracker | WARNING | [TestComponent] Transient error 0
2026-05-30 11:12:37 | ErrorTracker | WARNING | [TestComponent] Transient error 1
2026-05-30 11:12:37 | ErrorTracker | WARNING | [TestComponent] Transient error 2
2026-05-30 11:12:37 | ErrorTracker | WARNING | [TestComponent] Error 0
2026-05-30 11:12:37 | ErrorTracker | WARNING | [TestComponent] Error 1
2026-05-30 11:12:37 | ErrorTracker | WARNING | [TestComponent] Error 2
2026-05-30 11:12:37 | ErrorTracker | WARNING | [TestComponent] Error 3
2026-05-30 11:12:37 | ErrorTracker | WARNING | [TestComponent] Error 4
2026-05-30 11:12:37 | ErrorTracker | WARNING | [TestComponent] Transient error
2026-05-30 11:12:37 | ErrorTracker | WARNING | [TestComponent] Transient error 0
2026-05-30 11:12:37 | ErrorTracker | WARNING | [TestComponent] Transient error 1
2026-05-30 11:12:37 | ErrorTracker | WARNING | [TestComponent] Transient error 2
2026-05-30 11:12:37 | ErrorTracker | WARNING | [TestComponent] Transient error 0
2026-05-30 11:12:37 | ErrorTracker | WARNING | [TestComponent] Transient error 1
2026-05-30 11:12:37 | ErrorTracker | WARNING | [TestComponent] Transient error 2
2026-05-30 11:12:37 | ErrorTracker | WARNING | [TestComponent] Transient error 3
2026-05-30 11:12:37 | ErrorTracker | WARNING | [TestComponent] Transient error 4
2026-05-30 11:12:37 | ErrorTracker | WARNING | [TestComponent] Transient error 5
2026-05-30 11:12:37 | ErrorTracker | WARNING | [TestComponent] Transient error 6
2026-05-30 11:12:37 | ErrorTracker | WARNING | [TestComponent] Transient error 7
2026-05-30 11:12:37 | ErrorTracker | WARNING | [TestComponent] Transient error 8
2026-05-30 11:12:37 | ErrorTracker | WARNING | [TestComponent] Transient error 9
2026-05-30 11:12:37 | ErrorTracker | WARNING | [TestComponent] Transient error 10
2026-05-30 11:12:37 | ErrorTracker | WARNING | [TestComponent] Transient error 11
2026-05-30 11:12:37 | ErrorTracker | WARNING | [SourceA] Error 0
2026-05-30 11:12:37 | ErrorTracker | WARNING | [SourceA] Error 1
2026-05-30 11:12:37 | ErrorTracker | WARNING | [SourceA] Error 2
2026-05-30 11:12:37 | ErrorTracker | WARNING | [SourceB] Error 0
2026-05-30 11:12:37 | ErrorTracker | WARNING | [SourceB] Error 1
2026-05-30 11:12:37 | ErrorTracker | WARNING | [TestComponent] Test message
2026-05-30 11:12:37 | ErrorTracker | WARNING | [TestComponent] Test message
2026-05-30 11:12:37 | RecoveryManager | INFO | Webcam recovery attempt 1/5. Waiting 1.0s...
2026-05-30 11:12:37 | RecoveryManager | INFO | Webcam recovered successfully.
2026-05-30 11:12:37 | RecoveryManager | INFO | Webcam recovery attempt 1/5. Waiting 1.0s...
2026-05-30 11:12:37 | RecoveryManager | INFO | Webcam recovery attempt 2/5. Waiting 2.0s...
2026-05-30 11:12:37 | RecoveryManager | INFO | Webcam recovery attempt 3/5. Waiting 4.0s...
2026-05-30 11:12:37 | RecoveryManager | INFO | Webcam recovered successfully.
2026-05-30 11:12:37 | RecoveryManager | INFO | Webcam recovery attempt 1/5. Waiting 1.0s...
2026-05-30 11:12:37 | RecoveryManager | INFO | Webcam recovery attempt 2/5. Waiting 2.0s...
2026-05-30 11:12:37 | RecoveryManager | INFO | Webcam recovery attempt 3/5. Waiting 4.0s...
2026-05-30 11:12:37 | RecoveryManager | INFO | Webcam recovery attempt 4/5. Waiting 8.0s...
2026-05-30 11:12:37 | RecoveryManager | INFO | Webcam recovery attempt 5/5. Waiting 16.0s...
2026-05-30 11:12:37 | RecoveryManager | ERROR | Webcam recovery failed after max attempts.
2026-05-30 11:12:37 | RecoveryManager | WARNING | Encoding file non_existent.pickle not found during recovery.
2026-05-30 11:12:37 | RecoveryManager | INFO | Webcam recovery attempt 1/5. Waiting 1.0s...
2026-05-30 11:12:37 | RecoveryManager | INFO | Webcam recovered successfully.
2026-05-30 11:12:37 | API_Connector | WARNING | Attendance transmission attempt 1/2 failed: Connection refused
2026-05-30 11:12:37 | API_Connector | WARNING | Attendance transmission attempt 2/2 failed: Connection refused
2026-05-30 11:12:37 | API_Connector | WARNING | Attendance transmission rejected. status_code=500 message=Server Error
2026-05-30 11:12:37 | API_Connector | INFO | Attendance logged successfully. status_code=200
2026-05-30 11:12:37 | API_Connector | INFO | Attendance logged successfully. status_code=201
2026-05-30 11:12:37 | API_Connector | WARNING | Attendance transmission attempt 1/2 failed: Request timed out
2026-05-30 11:12:37 | API_Connector | WARNING | Attendance transmission attempt 2/2 failed: Request timed out
2026-05-30 11:12:37 | API_Connector | WARNING | Payload validation failed: Missing student_id
2026-05-30 11:12:37 | API_Connector | WARNING | Mock transmission failed for student_id=1
2026-05-30 11:12:37 | API_Connector | INFO | Mock transmission succeeded for student_id=1
2026-05-30 11:12:37 | AttendanceManager | INFO | ATTENDANCE VERIFIED: 1_Aayushi (ID: 1)
2026-05-30 11:12:37 | EncodingCache | INFO | Successfully cached 3 face encodings in 0.04 ms.
2026-05-30 11:12:37 | EncodingCache | WARNING | Encoding file this_file_does_not_exist_12345.pickle not found. Recognition will not work until faces are encoded.
2026-05-30 11:12:37 | EncodingCache | ERROR | Failed to load encodings: pickle data was truncated
2026-05-30 11:12:37 | EncodingCache | INFO | Successfully cached 3 face encodings in 0.03 ms.
2026-05-30 11:12:38 | EncodingCache | INFO | Encoding file change detected (mtime changed). Reloading cache...
2026-05-30 11:12:38 | EncodingCache | INFO | Successfully cached 4 face encodings in 0.12 ms.
2026-05-30 11:12:38 | EncodingCache | INFO | Successfully cached 3 face encodings in 0.09 ms.
2026-05-30 11:12:38 | EncodingCache | INFO | Successfully cached 3 face encodings in 0.08 ms.
2026-05-30 11:12:38 | EncodingCache | INFO | Successfully cached 3 face encodings in 0.07 ms.
2026-05-30 11:13:07 | EncodingCache | INFO | Successfully cached 12 face encodings in 0.18 ms.
2026-05-30 11:13:07 | EncodingCache | INFO | Successfully cached 500 face encodings in 35.65 ms.
2026-05-30 11:13:07 | EncodingCache | INFO | Successfully cached 500 face encodings in 33.54 ms.
2026-05-30 11:13:07 | EncodingCache | INFO | Successfully cached 500 face encodings in 26.70 ms.
2026-05-30 11:13:07 | EncodingCache | INFO | Successfully cached 500 face encodings in 26.74 ms.
2026-05-30 11:13:07 | EncodingCache | INFO | Successfully cached 500 face encodings in 26.69 ms.
2026-05-30 11:13:07 | EncodingCache | INFO | Successfully cached 500 face encodings in 26.89 ms.
2026-05-30 11:13:07 | EncodingCache | INFO | Performance report generated successfully: benchmark_report_20260530_111307.txt
2026-05-30 11:13:09 | EncodingCache | INFO | Successfully cached 0 face encodings in 0.04 ms.
2026-05-30 11:13:09 | EncodingCache | INFO | Successfully cached 12 face encodings in 0.07 ms.
2026-05-30 11:13:09 | EncodingCache | INFO | Successfully cached 0 face encodings in 0.02 ms.
2026-05-30 11:13:09 | EncodingManager | INFO | Delegated known face loading to EncodingCache. Cached 0 faces.
2026-05-30 11:13:09 | EncodingCache | ERROR | Failed to load encodings: Mismatch between encodings count (3) and names count (2)
2026-05-30 11:13:09 | EncodingCache | ERROR | Failed to load encodings: unpickling stack underflow
2026-05-30 11:13:09 | EncodingCache | INFO | Successfully cached 0 face encodings in 0.02 ms.
2026-05-30 11:13:09 | EncodingManager | INFO | Delegated known face loading to EncodingCache. Cached 0 faces.
2026-05-30 11:13:09 | EncodingCache | INFO | Successfully cached 0 face encodings in 0.02 ms.
2026-05-30 11:13:09 | EncodingManager | INFO | Delegated known face loading to EncodingCache. Cached 0 faces.
2026-05-30 11:13:09 | FaceDetector | WARNING | Empty frame passed to detect_faces.
2026-05-30 11:13:09 | FaceDetector | WARNING | Empty frame passed to detect_faces.
2026-05-30 11:13:09 | EncodingCache | INFO | Successfully cached 0 face encodings in 0.13 ms.
2026-05-30 11:13:09 | EncodingManager | INFO | Delegated known face loading to EncodingCache. Cached 0 faces.
2026-05-30 11:13:09 | EncodingCache | INFO | Successfully cached 0 face encodings in 0.02 ms.
2026-05-30 11:13:09 | EncodingManager | INFO | Delegated known face loading to EncodingCache. Cached 0 faces.
2026-05-30 11:13:09 | EncodingCache | INFO | Successfully cached 0 face encodings in 0.02 ms.
2026-05-30 11:13:09 | EncodingManager | INFO | Delegated known face loading to EncodingCache. Cached 0 faces.
2026-05-30 11:13:09 | AttendanceManager | WARNING | ALERT: Persistent Unknown Person in view!
2026-05-30 11:13:09 | AttendanceManager | WARNING | ALERT: Persistent Unknown Person in view!
2026-05-30 11:13:09 | AttendanceManager | WARNING | ALERT: Persistent Unknown Person in view!
2026-05-30 11:13:09 | AttendanceManager | WARNING | ALERT: Persistent Unknown Person in view!
2026-05-30 11:13:09 | AttendanceManager | WARNING | ALERT: Persistent Unknown Person in view!
2026-05-30 11:13:09 | AttendanceManager | WARNING | ALERT: Persistent Unknown Person in view!
2026-05-30 11:13:09 | AttendanceManager | WARNING | ALERT: Persistent Unknown Person in view!
2026-05-30 11:13:09 | AttendanceManager | WARNING | ALERT: Persistent Unknown Person in view!
2026-05-30 11:13:09 | AttendanceManager | WARNING | ALERT: Persistent Unknown Person in view!
2026-05-30 11:13:09 | AttendanceManager | WARNING | ALERT: Persistent Unknown Person in view!
2026-05-30 11:13:09 | AttendanceManager | WARNING | ALERT: Persistent Unknown Person in view!
2026-05-30 11:13:09 | AttendanceManager | WARNING | ALERT: Persistent Unknown Person in view!
2026-05-30 11:13:09 | AttendanceManager | WARNING | ALERT: Persistent Unknown Person in view!
2026-05-30 11:13:09 | AttendanceManager | WARNING | ALERT: Persistent Unknown Person in view!
2026-05-30 11:13:09 | AttendanceManager | WARNING | ALERT: Persistent Unknown Person in view!
2026-05-30 11:13:09 | AttendanceManager | WARNING | ALERT: Persistent Unknown Person in view!
2026-05-30 11:13:09 | AttendanceManager | WARNING | ALERT: Persistent Unknown Person in view!
2026-05-30 11:13:09 | AttendanceManager | WARNING | ALERT: Persistent Unknown Person in view!
2026-05-30 11:13:09 | AttendanceManager | WARNING | ALERT: Persistent Unknown Person in view!
2026-05-30 11:13:09 | AttendanceManager | WARNING | ALERT: Persistent Unknown Person in view!
2026-05-30 11:13:09 | AttendanceManager | WARNING | ALERT: Persistent Unknown Person in view!
2026-05-30 11:13:09 | AttendanceManager | WARNING | ALERT: Persistent Unknown Person in view!
2026-05-30 11:13:09 | AttendanceManager | WARNING | ALERT: Persistent Unknown Person in view!
2026-05-30 11:13:09 | AttendanceManager | WARNING | ALERT: Persistent Unknown Person in view!
2026-05-30 11:13:09 | AttendanceManager | WARNING | ALERT: Persistent Unknown Person in view!
2026-05-30 11:13:09 | AttendanceManager | WARNING | ALERT: Persistent Unknown Person in view!
2026-05-30 11:13:09 | AttendanceManager | WARNING | ALERT: Persistent Unknown Person in view!
2026-05-30 11:13:09 | AttendanceManager | WARNING | ALERT: Persistent Unknown Person in view!
2026-05-30 11:13:09 | AttendanceManager | WARNING | ALERT: Persistent Unknown Person in view!
2026-05-30 11:13:09 | AttendanceManager | WARNING | ALERT: Persistent Unknown Person in view!
2026-05-30 11:13:09 | AttendanceManager | WARNING | ALERT: Persistent Unknown Person in view!
2026-05-30 11:13:09 | AttendanceManager | WARNING | ALERT: Persistent Unknown Person in view!
2026-05-30 11:13:09 | AttendanceManager | WARNING | ALERT: Persistent Unknown Person in view!
2026-05-30 11:13:09 | AttendanceManager | WARNING | ALERT: Persistent Unknown Person in view!
2026-05-30 11:13:09 | AttendanceManager | WARNING | ALERT: Persistent Unknown Person in view!
2026-05-30 11:13:09 | AttendanceManager | WARNING | ALERT: Persistent Unknown Person in view!
2026-05-30 11:13:09 | AttendanceManager | WARNING | ALERT: Persistent Unknown Person in view!
2026-05-30 11:13:09 | AttendanceManager | WARNING | ALERT: Persistent Unknown Person in view!
2026-05-30 11:13:09 | AttendanceManager | WARNING | ALERT: Persistent Unknown Person in view!
2026-05-30 11:13:09 | AttendanceManager | WARNING | ALERT: Persistent Unknown Person in view!
2026-05-30 11:13:09 | AttendanceManager | WARNING | ALERT: Persistent Unknown Person in view!
2026-05-30 11:13:09 | AttendanceManager | WARNING | ALERT: Persistent Unknown Person in view!
2026-05-30 11:13:09 | AttendanceManager | WARNING | ALERT: Persistent Unknown Person in view!
2026-05-30 11:13:09 | AttendanceManager | WARNING | ALERT: Persistent Unknown Person in view!
2026-05-30 11:13:09 | AttendanceManager | WARNING | ALERT: Persistent Unknown Person in view!
2026-05-30 11:13:09 | AttendanceManager | WARNING | ALERT: Persistent Unknown Person in view!
2026-05-30 11:13:09 | AttendanceManager | WARNING | ALERT: Persistent Unknown Person in view!
2026-05-30 11:13:09 | AttendanceManager | WARNING | ALERT: Persistent Unknown Person in view!
2026-05-30 11:13:09 | AttendanceManager | WARNING | ALERT: Persistent Unknown Person in view!
2026-05-30 11:13:09 | AttendanceManager | WARNING | ALERT: Persistent Unknown Person in view!
2026-05-30 11:13:09 | AttendanceManager | WARNING | ALERT: Persistent Unknown Person in view!
2026-05-30 11:13:09 | AttendanceManager | WARNING | ALERT: Persistent Unknown Person in view!
2026-05-30 11:13:09 | AttendanceManager | WARNING | ALERT: Persistent Unknown Person in view!
2026-05-30 11:13:09 | AttendanceManager | WARNING | ALERT: Persistent Unknown Person in view!
2026-05-30 11:13:09 | AttendanceManager | WARNING | ALERT: Persistent Unknown Person in view!
2026-05-30 11:13:09 | AttendanceManager | WARNING | ALERT: Persistent Unknown Person in view!
2026-05-30 11:13:09 | AttendanceManager | WARNING | ALERT: Persistent Unknown Person in view!
2026-05-30 11:13:09 | AttendanceManager | WARNING | ALERT: Persistent Unknown Person in view!
2026-05-30 11:13:09 | AttendanceManager | WARNING | ALERT: Persistent Unknown Person in view!
2026-05-30 11:13:09 | AttendanceManager | WARNING | ALERT: Persistent Unknown Person in view!
2026-05-30 11:13:09 | AttendanceManager | WARNING | ALERT: Persistent Unknown Person in view!
2026-05-30 11:13:09 | AttendanceManager | WARNING | ALERT: Persistent Unknown Person in view!
2026-05-30 11:13:09 | AttendanceManager | WARNING | ALERT: Persistent Unknown Person in view!
2026-05-30 11:13:09 | AttendanceManager | WARNING | ALERT: Persistent Unknown Person in view!
2026-05-30 11:13:09 | AttendanceManager | WARNING | ALERT: Persistent Unknown Person in view!
2026-05-30 11:13:09 | AttendanceManager | WARNING | ALERT: Persistent Unknown Person in view!
2026-05-30 11:13:09 | AttendanceManager | WARNING | ALERT: Persistent Unknown Person in view!
2026-05-30 11:13:09 | AttendanceManager | WARNING | ALERT: Persistent Unknown Person in view!
2026-05-30 11:13:09 | AttendanceManager | WARNING | ALERT: Persistent Unknown Person in view!
2026-05-30 11:13:09 | AttendanceManager | WARNING | ALERT: Persistent Unknown Person in view!
2026-05-30 11:13:09 | AttendanceManager | WARNING | ALERT: Persistent Unknown Person in view!
2026-05-30 11:13:09 | AttendanceManager | WARNING | ALERT: Persistent Unknown Person in view!
2026-05-30 11:13:09 | AttendanceManager | WARNING | ALERT: Persistent Unknown Person in view!
2026-05-30 11:13:09 | AttendanceManager | WARNING | ALERT: Persistent Unknown Person in view!
2026-05-30 11:13:09 | AttendanceManager | WARNING | ALERT: Persistent Unknown Person in view!
2026-05-30 11:13:09 | AttendanceManager | WARNING | ALERT: Persistent Unknown Person in view!
2026-05-30 11:13:09 | AttendanceManager | WARNING | ALERT: Persistent Unknown Person in view!
2026-05-30 11:13:09 | AttendanceManager | WARNING | ALERT: Persistent Unknown Person in view!
2026-05-30 11:13:09 | AttendanceManager | WARNING | ALERT: Persistent Unknown Person in view!
2026-05-30 11:13:09 | AttendanceManager | WARNING | ALERT: Persistent Unknown Person in view!
2026-05-30 11:13:09 | AttendanceManager | WARNING | ALERT: Persistent Unknown Person in view!
2026-05-30 11:13:09 | AttendanceManager | WARNING | ALERT: Persistent Unknown Person in view!
2026-05-30 11:13:09 | AttendanceManager | WARNING | ALERT: Persistent Unknown Person in view!
2026-05-30 11:13:09 | AttendanceManager | WARNING | ALERT: Persistent Unknown Person in view!
2026-05-30 11:13:09 | AttendanceManager | WARNING | ALERT: Persistent Unknown Person in view!
2026-05-30 11:13:09 | AttendanceManager | WARNING | ALERT: Persistent Unknown Person in view!
2026-05-30 11:13:09 | AttendanceManager | WARNING | ALERT: Persistent Unknown Person in view!
2026-05-30 11:13:09 | AttendanceManager | WARNING | ALERT: Persistent Unknown Person in view!
2026-05-30 11:13:09 | AttendanceManager | WARNING | ALERT: Persistent Unknown Person in view!
2026-05-30 11:13:09 | AttendanceManager | WARNING | ALERT: Persistent Unknown Person in view!
2026-05-30 11:13:09 | AttendanceManager | WARNING | ALERT: Persistent Unknown Person in view!
2026-05-30 11:13:09 | AttendanceManager | WARNING | ALERT: Persistent Unknown Person in view!
2026-05-30 11:13:09 | AttendanceManager | WARNING | ALERT: Persistent Unknown Person in view!
2026-05-30 11:13:09 | AttendanceManager | WARNING | ALERT: Persistent Unknown Person in view!
2026-05-30 11:13:09 | AttendanceManager | WARNING | ALERT: Persistent Unknown Person in view!
2026-05-30 11:13:09 | AttendanceManager | WARNING | ALERT: Persistent Unknown Person in view!
2026-05-30 11:13:09 | AttendanceManager | WARNING | ALERT: Persistent Unknown Person in view!
2026-05-30 11:13:09 | AttendanceManager | WARNING | ALERT: Persistent Unknown Person in view!
2026-05-30 11:13:09 | AttendanceManager | WARNING | ALERT: Persistent Unknown Person in view!
2026-05-30 11:13:09 | AttendanceManager | WARNING | ALERT: Persistent Unknown Person in view!
2026-05-30 11:13:09 | AttendanceManager | WARNING | ALERT: Persistent Unknown Person in view!
2026-05-30 11:13:09 | AttendanceManager | WARNING | ALERT: Persistent Unknown Person in view!
2026-05-30 11:13:09 | AttendanceManager | WARNING | ALERT: Persistent Unknown Person in view!
2026-05-30 11:13:09 | AttendanceManager | WARNING | ALERT: Persistent Unknown Person in view!
2026-05-30 11:13:09 | AttendanceManager | WARNING | ALERT: Persistent Unknown Person in view!
2026-05-30 11:13:09 | AttendanceManager | WARNING | ALERT: Persistent Unknown Person in view!
2026-05-30 11:13:09 | AttendanceManager | WARNING | ALERT: Persistent Unknown Person in view!
2026-05-30 11:13:09 | AttendanceManager | WARNING | ALERT: Persistent Unknown Person in view!
2026-05-30 11:13:09 | AttendanceManager | WARNING | ALERT: Persistent Unknown Person in view!
2026-05-30 11:13:09 | AttendanceManager | WARNING | ALERT: Persistent Unknown Person in view!
2026-05-30 11:13:09 | AttendanceManager | WARNING | ALERT: Persistent Unknown Person in view!
2026-05-30 11:13:09 | AttendanceManager | WARNING | ALERT: Persistent Unknown Person in view!
2026-05-30 11:13:09 | AttendanceManager | WARNING | ALERT: Persistent Unknown Person in view!
2026-05-30 11:13:09 | AttendanceManager | WARNING | ALERT: Persistent Unknown Person in view!
2026-05-30 11:13:09 | AttendanceManager | WARNING | ALERT: Persistent Unknown Person in view!
2026-05-30 11:13:09 | AttendanceManager | WARNING | ALERT: Persistent Unknown Person in view!
2026-05-30 11:13:09 | AttendanceManager | WARNING | ALERT: Persistent Unknown Person in view!
2026-05-30 11:13:09 | AttendanceManager | WARNING | ALERT: Persistent Unknown Person in view!
2026-05-30 11:13:09 | AttendanceManager | WARNING | ALERT: Persistent Unknown Person in view!
2026-05-30 11:13:09 | AttendanceManager | WARNING | ALERT: Persistent Unknown Person in view!
2026-05-30 11:13:09 | AttendanceManager | WARNING | ALERT: Persistent Unknown Person in view!
2026-05-30 11:13:09 | AttendanceManager | WARNING | ALERT: Persistent Unknown Person in view!
2026-05-30 11:13:09 | AttendanceManager | WARNING | ALERT: Persistent Unknown Person in view!
2026-05-30 11:13:09 | AttendanceManager | WARNING | ALERT: Persistent Unknown Person in view!
2026-05-30 11:13:09 | AttendanceManager | WARNING | ALERT: Persistent Unknown Person in view!
2026-05-30 11:13:09 | AttendanceManager | WARNING | ALERT: Persistent Unknown Person in view!
2026-05-30 11:13:09 | AttendanceManager | WARNING | ALERT: Persistent Unknown Person in view!
2026-05-30 11:13:09 | AttendanceManager | WARNING | ALERT: Persistent Unknown Person in view!
2026-05-30 11:13:09 | AttendanceManager | WARNING | ALERT: Persistent Unknown Person in view!
2026-05-30 11:13:09 | AttendanceManager | WARNING | ALERT: Persistent Unknown Person in view!
2026-05-30 11:13:09 | AttendanceManager | WARNING | ALERT: Persistent Unknown Person in view!
2026-05-30 11:13:09 | AttendanceManager | WARNING | ALERT: Persistent Unknown Person in view!
2026-05-30 11:13:09 | AttendanceManager | WARNING | ALERT: Persistent Unknown Person in view!
2026-05-30 11:13:09 | AttendanceManager | WARNING | ALERT: Persistent Unknown Person in view!
2026-05-30 11:13:09 | AttendanceManager | WARNING | ALERT: Persistent Unknown Person in view!
2026-05-30 11:13:09 | AttendanceManager | WARNING | ALERT: Persistent Unknown Person in view!
2026-05-30 11:13:09 | AttendanceManager | WARNING | ALERT: Persistent Unknown Person in view!
2026-05-30 11:13:09 | AttendanceManager | WARNING | ALERT: Persistent Unknown Person in view!
2026-05-30 11:13:09 | AttendanceManager | WARNING | ALERT: Persistent Unknown Person in view!
2026-05-30 11:13:09 | AttendanceManager | WARNING | ALERT: Persistent Unknown Person in view!
2026-05-30 11:13:09 | AttendanceManager | WARNING | ALERT: Persistent Unknown Person in view!
2026-05-30 11:13:09 | AttendanceManager | WARNING | ALERT: Persistent Unknown Person in view!
2026-05-30 11:13:09 | AttendanceManager | WARNING | ALERT: Persistent Unknown Person in view!
2026-05-30 11:13:09 | AttendanceManager | WARNING | ALERT: Persistent Unknown Person in view!
2026-05-30 11:13:09 | AttendanceManager | WARNING | ALERT: Persistent Unknown Person in view!
2026-05-30 11:13:09 | AttendanceManager | WARNING | ALERT: Persistent Unknown Person in view!
2026-05-30 11:13:09 | AttendanceManager | WARNING | ALERT: Persistent Unknown Person in view!
2026-05-30 11:13:09 | AttendanceManager | WARNING | ALERT: Persistent Unknown Person in view!
2026-05-30 11:13:09 | AttendanceManager | WARNING | ALERT: Persistent Unknown Person in view!
2026-05-30 11:13:09 | AttendanceManager | WARNING | ALERT: Persistent Unknown Person in view!
2026-05-30 11:13:09 | AttendanceManager | WARNING | ALERT: Persistent Unknown Person in view!
2026-05-30 11:13:09 | AttendanceManager | WARNING | ALERT: Persistent Unknown Person in view!
2026-05-30 11:13:09 | AttendanceManager | WARNING | ALERT: Persistent Unknown Person in view!
2026-05-30 11:13:09 | AttendanceManager | WARNING | ALERT: Persistent Unknown Person in view!
2026-05-30 11:13:09 | AttendanceManager | WARNING | ALERT: Persistent Unknown Person in view!
2026-05-30 11:13:09 | AttendanceManager | WARNING | ALERT: Persistent Unknown Person in view!
2026-05-30 11:13:09 | AttendanceManager | WARNING | ALERT: Persistent Unknown Person in view!
2026-05-30 11:13:09 | AttendanceManager | WARNING | ALERT: Persistent Unknown Person in view!
2026-05-30 11:13:09 | AttendanceManager | WARNING | ALERT: Persistent Unknown Person in view!
2026-05-30 11:13:09 | AttendanceManager | WARNING | ALERT: Persistent Unknown Person in view!
2026-05-30 11:13:09 | AttendanceManager | WARNING | ALERT: Persistent Unknown Person in view!
2026-05-30 11:13:09 | AttendanceManager | WARNING | ALERT: Persistent Unknown Person in view!
2026-05-30 11:13:09 | AttendanceManager | WARNING | ALERT: Persistent Unknown Person in view!
2026-05-30 11:13:09 | AttendanceManager | WARNING | ALERT: Persistent Unknown Person in view!
2026-05-30 11:13:09 | AttendanceManager | WARNING | ALERT: Persistent Unknown Person in view!
2026-05-30 11:13:09 | AttendanceManager | WARNING | ALERT: Persistent Unknown Person in view!
2026-05-30 11:13:09 | AttendanceManager | WARNING | ALERT: Persistent Unknown Person in view!
2026-05-30 11:13:09 | AttendanceManager | WARNING | ALERT: Persistent Unknown Person in view!
2026-05-30 11:13:09 | AttendanceManager | WARNING | ALERT: Persistent Unknown Person in view!
2026-05-30 11:13:09 | AttendanceManager | WARNING | ALERT: Persistent Unknown Person in view!
2026-05-30 11:13:09 | AttendanceManager | WARNING | ALERT: Persistent Unknown Person in view!
2026-05-30 11:13:09 | AttendanceManager | WARNING | ALERT: Persistent Unknown Person in view!
2026-05-30 11:13:09 | AttendanceManager | WARNING | ALERT: Persistent Unknown Person in view!
2026-05-30 11:13:09 | AttendanceManager | WARNING | ALERT: Persistent Unknown Person in view!
2026-05-30 11:13:09 | AttendanceManager | WARNING | ALERT: Persistent Unknown Person in view!
2026-05-30 11:13:09 | AttendanceManager | WARNING | ALERT: Persistent Unknown Person in view!
2026-05-30 11:13:09 | AttendanceManager | WARNING | ALERT: Persistent Unknown Person in view!
2026-05-30 11:13:09 | AttendanceManager | WARNING | ALERT: Persistent Unknown Person in view!
2026-05-30 11:13:09 | AttendanceManager | WARNING | ALERT: Persistent Unknown Person in view!
2026-05-30 11:13:09 | AttendanceManager | WARNING | ALERT: Persistent Unknown Person in view!
2026-05-30 11:13:09 | AttendanceManager | WARNING | ALERT: Persistent Unknown Person in view!
2026-05-30 11:13:09 | AttendanceManager | WARNING | ALERT: Persistent Unknown Person in view!
2026-05-30 11:13:09 | AttendanceManager | WARNING | ALERT: Persistent Unknown Person in view!
2026-05-30 11:13:09 | AttendanceManager | WARNING | ALERT: Persistent Unknown Person in view!
2026-05-30 11:13:09 | AttendanceManager | WARNING | ALERT: Persistent Unknown Person in view!
2026-05-30 11:13:09 | AttendanceManager | WARNING | ALERT: Persistent Unknown Person in view!
2026-05-30 11:13:09 | AttendanceManager | WARNING | ALERT: Persistent Unknown Person in view!
2026-05-30 11:13:09 | AttendanceManager | WARNING | ALERT: Persistent Unknown Person in view!
2026-05-30 11:13:09 | AttendanceManager | WARNING | ALERT: Persistent Unknown Person in view!
2026-05-30 11:13:09 | AttendanceManager | WARNING | ALERT: Persistent Unknown Person in view!
2026-05-30 11:13:09 | AttendanceManager | WARNING | ALERT: Persistent Unknown Person in view!
2026-05-30 11:13:09 | AttendanceManager | WARNING | ALERT: Persistent Unknown Person in view!
2026-05-30 11:13:09 | AttendanceManager | WARNING | ALERT: Persistent Unknown Person in view!
2026-05-30 11:13:09 | AttendanceManager | WARNING | ALERT: Persistent Unknown Person in view!
2026-05-30 11:13:09 | AttendanceManager | WARNING | ALERT: Persistent Unknown Person in view!
2026-05-30 11:13:09 | ErrorTracker | WARNING | [TestComponent] Transient error 0
2026-05-30 11:13:09 | ErrorTracker | WARNING | [TestComponent] Transient error 1
2026-05-30 11:13:09 | ErrorTracker | WARNING | [TestComponent] Transient error 2
2026-05-30 11:13:09 | ErrorTracker | WARNING | [TestComponent] Error 0
2026-05-30 11:13:09 | ErrorTracker | WARNING | [TestComponent] Error 1
2026-05-30 11:13:09 | ErrorTracker | WARNING | [TestComponent] Error 2
2026-05-30 11:13:09 | ErrorTracker | WARNING | [TestComponent] Error 3
2026-05-30 11:13:09 | ErrorTracker | WARNING | [TestComponent] Error 4
2026-05-30 11:13:09 | ErrorTracker | WARNING | [TestComponent] Transient error
2026-05-30 11:13:09 | ErrorTracker | WARNING | [TestComponent] Transient error 0
2026-05-30 11:13:09 | ErrorTracker | WARNING | [TestComponent] Transient error 1
2026-05-30 11:13:09 | ErrorTracker | WARNING | [TestComponent] Transient error 2
2026-05-30 11:13:09 | ErrorTracker | WARNING | [TestComponent] Transient error 0
2026-05-30 11:13:09 | ErrorTracker | WARNING | [TestComponent] Transient error 1
2026-05-30 11:13:09 | ErrorTracker | WARNING | [TestComponent] Transient error 2
2026-05-30 11:13:09 | ErrorTracker | WARNING | [TestComponent] Transient error 3
2026-05-30 11:13:09 | ErrorTracker | WARNING | [TestComponent] Transient error 4
2026-05-30 11:13:09 | ErrorTracker | WARNING | [TestComponent] Transient error 5
2026-05-30 11:13:09 | ErrorTracker | WARNING | [TestComponent] Transient error 6
2026-05-30 11:13:09 | ErrorTracker | WARNING | [TestComponent] Transient error 7
2026-05-30 11:13:09 | ErrorTracker | WARNING | [TestComponent] Transient error 8
2026-05-30 11:13:09 | ErrorTracker | WARNING | [TestComponent] Transient error 9
2026-05-30 11:13:09 | ErrorTracker | WARNING | [TestComponent] Transient error 10
2026-05-30 11:13:09 | ErrorTracker | WARNING | [TestComponent] Transient error 11
2026-05-30 11:13:09 | ErrorTracker | WARNING | [SourceA] Error 0
2026-05-30 11:13:09 | ErrorTracker | WARNING | [SourceA] Error 1
2026-05-30 11:13:09 | ErrorTracker | WARNING | [SourceA] Error 2
2026-05-30 11:13:09 | ErrorTracker | WARNING | [SourceB] Error 0
2026-05-30 11:13:09 | ErrorTracker | WARNING | [SourceB] Error 1
2026-05-30 11:13:09 | ErrorTracker | WARNING | [TestComponent] Test message
2026-05-30 11:13:09 | ErrorTracker | WARNING | [TestComponent] Test message
2026-05-30 11:13:09 | RecoveryManager | INFO | Webcam recovery attempt 1/5. Waiting 1.0s...
2026-05-30 11:13:09 | RecoveryManager | INFO | Webcam recovered successfully.
2026-05-30 11:13:09 | RecoveryManager | INFO | Webcam recovery attempt 1/5. Waiting 1.0s...
2026-05-30 11:13:09 | RecoveryManager | INFO | Webcam recovery attempt 2/5. Waiting 2.0s...
2026-05-30 11:13:09 | RecoveryManager | INFO | Webcam recovery attempt 3/5. Waiting 4.0s...
2026-05-30 11:13:09 | RecoveryManager | INFO | Webcam recovered successfully.
2026-05-30 11:13:09 | RecoveryManager | INFO | Webcam recovery attempt 1/5. Waiting 1.0s...
2026-05-30 11:13:09 | RecoveryManager | INFO | Webcam recovery attempt 2/5. Waiting 2.0s...
2026-05-30 11:13:09 | RecoveryManager | INFO | Webcam recovery attempt 3/5. Waiting 4.0s...
2026-05-30 11:13:09 | RecoveryManager | INFO | Webcam recovery attempt 4/5. Waiting 8.0s...
2026-05-30 11:13:09 | RecoveryManager | INFO | Webcam recovery attempt 5/5. Waiting 16.0s...
2026-05-30 11:13:09 | RecoveryManager | ERROR | Webcam recovery failed after max attempts.
2026-05-30 11:13:09 | RecoveryManager | WARNING | Encoding file non_existent.pickle not found during recovery.
2026-05-30 11:13:09 | RecoveryManager | INFO | Webcam recovery attempt 1/5. Waiting 1.0s...
2026-05-30 11:13:09 | RecoveryManager | INFO | Webcam recovered successfully.
2026-05-30 11:13:09 | API_Connector | WARNING | Attendance transmission attempt 1/2 failed: Connection refused
2026-05-30 11:13:09 | API_Connector | WARNING | Attendance transmission attempt 2/2 failed: Connection refused
2026-05-30 11:13:09 | API_Connector | WARNING | Attendance transmission rejected. status_code=500 message=Server Error
2026-05-30 11:13:09 | API_Connector | INFO | Attendance logged successfully. status_code=200
2026-05-30 11:13:09 | API_Connector | INFO | Attendance logged successfully. status_code=201
2026-05-30 11:13:09 | API_Connector | WARNING | Attendance transmission attempt 1/2 failed: Request timed out
2026-05-30 11:13:09 | API_Connector | WARNING | Attendance transmission attempt 2/2 failed: Request timed out
2026-05-30 11:13:09 | API_Connector | WARNING | Payload validation failed: Missing student_id
2026-05-30 11:13:09 | API_Connector | WARNING | Mock transmission failed for student_id=1
2026-05-30 11:13:09 | API_Connector | INFO | Mock transmission succeeded for student_id=1
2026-05-30 11:13:09 | AttendanceManager | INFO | ATTENDANCE VERIFIED: 1_Aayushi (ID: 1)
2026-05-30 11:13:09 | EncodingCache | INFO | Successfully cached 3 face encodings in 0.05 ms.
2026-05-30 11:13:09 | EncodingCache | WARNING | Encoding file this_file_does_not_exist_12345.pickle not found. Recognition will not work until faces are encoded.
2026-05-30 11:13:09 | EncodingCache | ERROR | Failed to load encodings: pickle data was truncated
2026-05-30 11:13:09 | EncodingCache | INFO | Successfully cached 3 face encodings in 0.04 ms.
2026-05-30 11:13:10 | EncodingCache | INFO | Encoding file change detected (mtime changed). Reloading cache...
2026-05-30 11:13:10 | EncodingCache | INFO | Successfully cached 4 face encodings in 0.23 ms.
2026-05-30 11:13:10 | EncodingCache | INFO | Successfully cached 3 face encodings in 0.09 ms.
2026-05-30 11:13:10 | EncodingCache | INFO | Successfully cached 3 face encodings in 0.07 ms.
2026-05-30 11:13:10 | EncodingCache | INFO | Successfully cached 3 face encodings in 0.07 ms.
2026-05-30 11:13:44 | EncodingCache | INFO | Successfully cached 12 face encodings in 0.33 ms.
2026-05-30 11:13:44 | EncodingCache | INFO | Successfully cached 0 face encodings in 0.06 ms.
2026-05-30 11:13:44 | EncodingCache | INFO | Successfully cached 12 face encodings in 0.13 ms.
2026-05-30 11:13:44 | EncodingCache | INFO | Successfully cached 0 face encodings in 0.05 ms.
2026-05-30 11:13:44 | EncodingManager | INFO | Delegated known face loading to EncodingCache. Cached 0 faces.
2026-05-30 11:13:44 | EncodingCache | ERROR | Failed to load encodings: Mismatch between encodings count (3) and names count (2)
2026-05-30 11:13:44 | EncodingCache | ERROR | Failed to load encodings: unpickling stack underflow
2026-05-30 11:13:44 | EncodingCache | INFO | Successfully cached 0 face encodings in 0.06 ms.
2026-05-30 11:13:44 | EncodingManager | INFO | Delegated known face loading to EncodingCache. Cached 0 faces.
2026-05-30 11:13:44 | EncodingCache | INFO | Successfully cached 1 face encodings in 0.07 ms.
2026-05-30 11:13:44 | EncodingManager | INFO | Delegated known face loading to EncodingCache. Cached 1 faces.
2026-05-30 11:13:44 | FaceDetector | WARNING | Empty frame passed to detect_faces.
2026-05-30 11:13:44 | FaceDetector | WARNING | Empty frame passed to detect_faces.
2026-05-30 11:13:44 | EncodingCache | INFO | Successfully cached 0 face encodings in 0.07 ms.
2026-05-30 11:13:44 | EncodingManager | INFO | Delegated known face loading to EncodingCache. Cached 0 faces.
2026-05-30 11:13:44 | EncodingCache | INFO | Successfully cached 0 face encodings in 0.06 ms.
2026-05-30 11:13:44 | EncodingManager | INFO | Delegated known face loading to EncodingCache. Cached 0 faces.
2026-05-30 11:13:44 | EncodingCache | INFO | Successfully cached 0 face encodings in 0.06 ms.
2026-05-30 11:13:44 | EncodingManager | INFO | Delegated known face loading to EncodingCache. Cached 0 faces.
2026-05-30 11:13:44 | AttendanceManager | WARNING | ALERT: Persistent Unknown Person in view!
2026-05-30 11:13:44 | AttendanceManager | WARNING | ALERT: Persistent Unknown Person in view!
2026-05-30 11:13:44 | AttendanceManager | WARNING | ALERT: Persistent Unknown Person in view!
2026-05-30 11:13:44 | AttendanceManager | WARNING | ALERT: Persistent Unknown Person in view!
2026-05-30 11:13:44 | AttendanceManager | WARNING | ALERT: Persistent Unknown Person in view!
2026-05-30 11:13:44 | AttendanceManager | WARNING | ALERT: Persistent Unknown Person in view!
2026-05-30 11:13:44 | AttendanceManager | WARNING | ALERT: Persistent Unknown Person in view!
2026-05-30 11:13:44 | AttendanceManager | WARNING | ALERT: Persistent Unknown Person in view!
2026-05-30 11:13:44 | AttendanceManager | WARNING | ALERT: Persistent Unknown Person in view!
2026-05-30 11:13:44 | AttendanceManager | WARNING | ALERT: Persistent Unknown Person in view!
2026-05-30 11:13:44 | AttendanceManager | WARNING | ALERT: Persistent Unknown Person in view!
2026-05-30 11:13:44 | AttendanceManager | WARNING | ALERT: Persistent Unknown Person in view!
2026-05-30 11:13:44 | AttendanceManager | WARNING | ALERT: Persistent Unknown Person in view!
2026-05-30 11:13:44 | AttendanceManager | WARNING | ALERT: Persistent Unknown Person in view!
2026-05-30 11:13:44 | AttendanceManager | WARNING | ALERT: Persistent Unknown Person in view!
2026-05-30 11:13:44 | AttendanceManager | WARNING | ALERT: Persistent Unknown Person in view!
2026-05-30 11:13:44 | AttendanceManager | WARNING | ALERT: Persistent Unknown Person in view!
2026-05-30 11:13:44 | AttendanceManager | WARNING | ALERT: Persistent Unknown Person in view!
2026-05-30 11:13:44 | AttendanceManager | WARNING | ALERT: Persistent Unknown Person in view!
2026-05-30 11:13:44 | AttendanceManager | WARNING | ALERT: Persistent Unknown Person in view!
2026-05-30 11:13:44 | AttendanceManager | WARNING | ALERT: Persistent Unknown Person in view!
2026-05-30 11:13:44 | AttendanceManager | WARNING | ALERT: Persistent Unknown Person in view!
2026-05-30 11:13:44 | AttendanceManager | WARNING | ALERT: Persistent Unknown Person in view!
2026-05-30 11:13:44 | AttendanceManager | WARNING | ALERT: Persistent Unknown Person in view!
2026-05-30 11:13:44 | AttendanceManager | WARNING | ALERT: Persistent Unknown Person in view!
2026-05-30 11:13:44 | AttendanceManager | WARNING | ALERT: Persistent Unknown Person in view!
2026-05-30 11:13:44 | AttendanceManager | WARNING | ALERT: Persistent Unknown Person in view!
2026-05-30 11:13:44 | AttendanceManager | WARNING | ALERT: Persistent Unknown Person in view!
2026-05-30 11:13:44 | AttendanceManager | WARNING | ALERT: Persistent Unknown Person in view!
2026-05-30 11:13:44 | AttendanceManager | WARNING | ALERT: Persistent Unknown Person in view!
2026-05-30 11:13:44 | AttendanceManager | WARNING | ALERT: Persistent Unknown Person in view!
2026-05-30 11:13:44 | AttendanceManager | WARNING | ALERT: Persistent Unknown Person in view!
2026-05-30 11:13:44 | AttendanceManager | WARNING | ALERT: Persistent Unknown Person in view!
2026-05-30 11:13:44 | AttendanceManager | WARNING | ALERT: Persistent Unknown Person in view!
2026-05-30 11:13:44 | AttendanceManager | WARNING | ALERT: Persistent Unknown Person in view!
2026-05-30 11:13:44 | AttendanceManager | WARNING | ALERT: Persistent Unknown Person in view!
2026-05-30 11:13:44 | AttendanceManager | WARNING | ALERT: Persistent Unknown Person in view!
2026-05-30 11:13:44 | AttendanceManager | WARNING | ALERT: Persistent Unknown Person in view!
2026-05-30 11:13:44 | AttendanceManager | WARNING | ALERT: Persistent Unknown Person in view!
2026-05-30 11:13:44 | AttendanceManager | WARNING | ALERT: Persistent Unknown Person in view!
2026-05-30 11:13:44 | AttendanceManager | WARNING | ALERT: Persistent Unknown Person in view!
2026-05-30 11:13:44 | AttendanceManager | WARNING | ALERT: Persistent Unknown Person in view!
2026-05-30 11:13:44 | AttendanceManager | WARNING | ALERT: Persistent Unknown Person in view!
2026-05-30 11:13:44 | AttendanceManager | WARNING | ALERT: Persistent Unknown Person in view!
2026-05-30 11:13:44 | AttendanceManager | WARNING | ALERT: Persistent Unknown Person in view!
2026-05-30 11:13:44 | AttendanceManager | WARNING | ALERT: Persistent Unknown Person in view!
2026-05-30 11:13:44 | AttendanceManager | WARNING | ALERT: Persistent Unknown Person in view!
2026-05-30 11:13:44 | AttendanceManager | WARNING | ALERT: Persistent Unknown Person in view!
2026-05-30 11:13:44 | AttendanceManager | WARNING | ALERT: Persistent Unknown Person in view!
2026-05-30 11:13:44 | AttendanceManager | WARNING | ALERT: Persistent Unknown Person in view!
2026-05-30 11:13:44 | AttendanceManager | WARNING | ALERT: Persistent Unknown Person in view!
2026-05-30 11:13:44 | AttendanceManager | WARNING | ALERT: Persistent Unknown Person in view!
2026-05-30 11:13:44 | AttendanceManager | WARNING | ALERT: Persistent Unknown Person in view!
2026-05-30 11:13:44 | AttendanceManager | WARNING | ALERT: Persistent Unknown Person in view!
2026-05-30 11:13:44 | AttendanceManager | WARNING | ALERT: Persistent Unknown Person in view!
2026-05-30 11:13:44 | AttendanceManager | WARNING | ALERT: Persistent Unknown Person in view!
2026-05-30 11:13:44 | AttendanceManager | WARNING | ALERT: Persistent Unknown Person in view!
2026-05-30 11:13:44 | AttendanceManager | WARNING | ALERT: Persistent Unknown Person in view!
2026-05-30 11:13:44 | AttendanceManager | WARNING | ALERT: Persistent Unknown Person in view!
2026-05-30 11:13:44 | AttendanceManager | WARNING | ALERT: Persistent Unknown Person in view!
2026-05-30 11:13:44 | AttendanceManager | WARNING | ALERT: Persistent Unknown Person in view!
2026-05-30 11:13:44 | AttendanceManager | WARNING | ALERT: Persistent Unknown Person in view!
2026-05-30 11:13:44 | AttendanceManager | WARNING | ALERT: Persistent Unknown Person in view!
2026-05-30 11:13:44 | AttendanceManager | WARNING | ALERT: Persistent Unknown Person in view!
2026-05-30 11:13:44 | AttendanceManager | WARNING | ALERT: Persistent Unknown Person in view!
2026-05-30 11:13:44 | AttendanceManager | WARNING | ALERT: Persistent Unknown Person in view!
2026-05-30 11:13:44 | AttendanceManager | WARNING | ALERT: Persistent Unknown Person in view!
2026-05-30 11:13:44 | AttendanceManager | WARNING | ALERT: Persistent Unknown Person in view!
2026-05-30 11:13:44 | AttendanceManager | WARNING | ALERT: Persistent Unknown Person in view!
2026-05-30 11:13:44 | AttendanceManager | WARNING | ALERT: Persistent Unknown Person in view!
2026-05-30 11:13:44 | AttendanceManager | WARNING | ALERT: Persistent Unknown Person in view!
2026-05-30 11:13:44 | AttendanceManager | WARNING | ALERT: Persistent Unknown Person in view!
2026-05-30 11:13:44 | AttendanceManager | WARNING | ALERT: Persistent Unknown Person in view!
2026-05-30 11:13:44 | AttendanceManager | WARNING | ALERT: Persistent Unknown Person in view!
2026-05-30 11:13:44 | AttendanceManager | WARNING | ALERT: Persistent Unknown Person in view!
2026-05-30 11:13:44 | AttendanceManager | WARNING | ALERT: Persistent Unknown Person in view!
2026-05-30 11:13:44 | AttendanceManager | WARNING | ALERT: Persistent Unknown Person in view!
2026-05-30 11:13:44 | AttendanceManager | WARNING | ALERT: Persistent Unknown Person in view!
2026-05-30 11:13:44 | AttendanceManager | WARNING | ALERT: Persistent Unknown Person in view!
2026-05-30 11:13:44 | AttendanceManager | WARNING | ALERT: Persistent Unknown Person in view!
2026-05-30 11:13:44 | AttendanceManager | WARNING | ALERT: Persistent Unknown Person in view!
2026-05-30 11:13:44 | AttendanceManager | WARNING | ALERT: Persistent Unknown Person in view!
2026-05-30 11:13:44 | AttendanceManager | WARNING | ALERT: Persistent Unknown Person in view!
2026-05-30 11:13:44 | AttendanceManager | WARNING | ALERT: Persistent Unknown Person in view!
2026-05-30 11:13:44 | AttendanceManager | WARNING | ALERT: Persistent Unknown Person in view!
2026-05-30 11:13:44 | AttendanceManager | WARNING | ALERT: Persistent Unknown Person in view!
2026-05-30 11:13:44 | AttendanceManager | WARNING | ALERT: Persistent Unknown Person in view!
2026-05-30 11:13:44 | AttendanceManager | WARNING | ALERT: Persistent Unknown Person in view!
2026-05-30 11:13:44 | AttendanceManager | WARNING | ALERT: Persistent Unknown Person in view!
2026-05-30 11:13:44 | AttendanceManager | WARNING | ALERT: Persistent Unknown Person in view!
2026-05-30 11:13:44 | AttendanceManager | WARNING | ALERT: Persistent Unknown Person in view!
2026-05-30 11:13:44 | AttendanceManager | WARNING | ALERT: Persistent Unknown Person in view!
2026-05-30 11:13:44 | AttendanceManager | WARNING | ALERT: Persistent Unknown Person in view!
2026-05-30 11:13:44 | AttendanceManager | WARNING | ALERT: Persistent Unknown Person in view!
2026-05-30 11:13:44 | AttendanceManager | WARNING | ALERT: Persistent Unknown Person in view!
2026-05-30 11:13:44 | AttendanceManager | WARNING | ALERT: Persistent Unknown Person in view!
2026-05-30 11:13:44 | AttendanceManager | WARNING | ALERT: Persistent Unknown Person in view!
2026-05-30 11:13:44 | AttendanceManager | WARNING | ALERT: Persistent Unknown Person in view!
2026-05-30 11:13:44 | AttendanceManager | WARNING | ALERT: Persistent Unknown Person in view!
2026-05-30 11:13:44 | AttendanceManager | WARNING | ALERT: Persistent Unknown Person in view!
2026-05-30 11:13:44 | AttendanceManager | WARNING | ALERT: Persistent Unknown Person in view!
2026-05-30 11:13:44 | AttendanceManager | WARNING | ALERT: Persistent Unknown Person in view!
2026-05-30 11:13:44 | AttendanceManager | WARNING | ALERT: Persistent Unknown Person in view!
2026-05-30 11:13:44 | AttendanceManager | WARNING | ALERT: Persistent Unknown Person in view!
2026-05-30 11:13:44 | AttendanceManager | WARNING | ALERT: Persistent Unknown Person in view!
2026-05-30 11:13:44 | AttendanceManager | WARNING | ALERT: Persistent Unknown Person in view!
2026-05-30 11:13:44 | AttendanceManager | WARNING | ALERT: Persistent Unknown Person in view!
2026-05-30 11:13:44 | AttendanceManager | WARNING | ALERT: Persistent Unknown Person in view!
2026-05-30 11:13:44 | AttendanceManager | WARNING | ALERT: Persistent Unknown Person in view!
2026-05-30 11:13:44 | AttendanceManager | WARNING | ALERT: Persistent Unknown Person in view!
2026-05-30 11:13:44 | AttendanceManager | WARNING | ALERT: Persistent Unknown Person in view!
2026-05-30 11:13:44 | AttendanceManager | WARNING | ALERT: Persistent Unknown Person in view!
2026-05-30 11:13:44 | AttendanceManager | WARNING | ALERT: Persistent Unknown Person in view!
2026-05-30 11:13:44 | AttendanceManager | WARNING | ALERT: Persistent Unknown Person in view!
2026-05-30 11:13:44 | AttendanceManager | WARNING | ALERT: Persistent Unknown Person in view!
2026-05-30 11:13:44 | AttendanceManager | WARNING | ALERT: Persistent Unknown Person in view!
2026-05-30 11:13:44 | AttendanceManager | WARNING | ALERT: Persistent Unknown Person in view!
2026-05-30 11:13:44 | AttendanceManager | WARNING | ALERT: Persistent Unknown Person in view!
2026-05-30 11:13:44 | AttendanceManager | WARNING | ALERT: Persistent Unknown Person in view!
2026-05-30 11:13:44 | AttendanceManager | WARNING | ALERT: Persistent Unknown Person in view!
2026-05-30 11:13:44 | AttendanceManager | WARNING | ALERT: Persistent Unknown Person in view!
2026-05-30 11:13:44 | AttendanceManager | WARNING | ALERT: Persistent Unknown Person in view!
2026-05-30 11:13:44 | AttendanceManager | WARNING | ALERT: Persistent Unknown Person in view!
2026-05-30 11:13:44 | AttendanceManager | WARNING | ALERT: Persistent Unknown Person in view!
2026-05-30 11:13:44 | AttendanceManager | WARNING | ALERT: Persistent Unknown Person in view!
2026-05-30 11:13:44 | AttendanceManager | WARNING | ALERT: Persistent Unknown Person in view!
2026-05-30 11:13:44 | AttendanceManager | WARNING | ALERT: Persistent Unknown Person in view!
2026-05-30 11:13:44 | AttendanceManager | WARNING | ALERT: Persistent Unknown Person in view!
2026-05-30 11:13:44 | AttendanceManager | WARNING | ALERT: Persistent Unknown Person in view!
2026-05-30 11:13:44 | AttendanceManager | WARNING | ALERT: Persistent Unknown Person in view!
2026-05-30 11:13:44 | AttendanceManager | WARNING | ALERT: Persistent Unknown Person in view!
2026-05-30 11:13:44 | AttendanceManager | WARNING | ALERT: Persistent Unknown Person in view!
2026-05-30 11:13:44 | AttendanceManager | WARNING | ALERT: Persistent Unknown Person in view!
2026-05-30 11:13:44 | AttendanceManager | WARNING | ALERT: Persistent Unknown Person in view!
2026-05-30 11:13:44 | AttendanceManager | WARNING | ALERT: Persistent Unknown Person in view!
2026-05-30 11:13:44 | AttendanceManager | WARNING | ALERT: Persistent Unknown Person in view!
2026-05-30 11:13:44 | AttendanceManager | WARNING | ALERT: Persistent Unknown Person in view!
2026-05-30 11:13:44 | AttendanceManager | WARNING | ALERT: Persistent Unknown Person in view!
2026-05-30 11:13:44 | AttendanceManager | WARNING | ALERT: Persistent Unknown Person in view!
2026-05-30 11:13:44 | AttendanceManager | WARNING | ALERT: Persistent Unknown Person in view!
2026-05-30 11:13:44 | AttendanceManager | WARNING | ALERT: Persistent Unknown Person in view!
2026-05-30 11:13:44 | AttendanceManager | WARNING | ALERT: Persistent Unknown Person in view!
2026-05-30 11:13:44 | AttendanceManager | WARNING | ALERT: Persistent Unknown Person in view!
2026-05-30 11:13:44 | AttendanceManager | WARNING | ALERT: Persistent Unknown Person in view!
2026-05-30 11:13:44 | AttendanceManager | WARNING | ALERT: Persistent Unknown Person in view!
2026-05-30 11:13:44 | AttendanceManager | WARNING | ALERT: Persistent Unknown Person in view!
2026-05-30 11:13:44 | AttendanceManager | WARNING | ALERT: Persistent Unknown Person in view!
2026-05-30 11:13:44 | AttendanceManager | WARNING | ALERT: Persistent Unknown Person in view!
2026-05-30 11:13:44 | AttendanceManager | WARNING | ALERT: Persistent Unknown Person in view!
2026-05-30 11:13:44 | AttendanceManager | WARNING | ALERT: Persistent Unknown Person in view!
2026-05-30 11:13:44 | AttendanceManager | WARNING | ALERT: Persistent Unknown Person in view!
2026-05-30 11:13:44 | AttendanceManager | WARNING | ALERT: Persistent Unknown Person in view!
2026-05-30 11:13:44 | AttendanceManager | WARNING | ALERT: Persistent Unknown Person in view!
2026-05-30 11:13:44 | AttendanceManager | WARNING | ALERT: Persistent Unknown Person in view!
2026-05-30 11:13:44 | AttendanceManager | WARNING | ALERT: Persistent Unknown Person in view!
2026-05-30 11:13:44 | AttendanceManager | WARNING | ALERT: Persistent Unknown Person in view!
2026-05-30 11:13:44 | AttendanceManager | WARNING | ALERT: Persistent Unknown Person in view!
2026-05-30 11:13:44 | AttendanceManager | WARNING | ALERT: Persistent Unknown Person in view!
2026-05-30 11:13:44 | AttendanceManager | WARNING | ALERT: Persistent Unknown Person in view!
2026-05-30 11:13:44 | AttendanceManager | WARNING | ALERT: Persistent Unknown Person in view!
2026-05-30 11:13:44 | AttendanceManager | WARNING | ALERT: Persistent Unknown Person in view!
2026-05-30 11:13:44 | AttendanceManager | WARNING | ALERT: Persistent Unknown Person in view!
2026-05-30 11:13:44 | AttendanceManager | WARNING | ALERT: Persistent Unknown Person in view!
2026-05-30 11:13:44 | AttendanceManager | WARNING | ALERT: Persistent Unknown Person in view!
2026-05-30 11:13:44 | AttendanceManager | WARNING | ALERT: Persistent Unknown Person in view!
2026-05-30 11:13:44 | AttendanceManager | WARNING | ALERT: Persistent Unknown Person in view!
2026-05-30 11:13:44 | AttendanceManager | WARNING | ALERT: Persistent Unknown Person in view!
2026-05-30 11:13:44 | AttendanceManager | WARNING | ALERT: Persistent Unknown Person in view!
2026-05-30 11:13:44 | AttendanceManager | WARNING | ALERT: Persistent Unknown Person in view!
2026-05-30 11:13:44 | AttendanceManager | WARNING | ALERT: Persistent Unknown Person in view!
2026-05-30 11:13:44 | AttendanceManager | WARNING | ALERT: Persistent Unknown Person in view!
2026-05-30 11:13:44 | AttendanceManager | WARNING | ALERT: Persistent Unknown Person in view!
2026-05-30 11:13:44 | AttendanceManager | WARNING | ALERT: Persistent Unknown Person in view!
2026-05-30 11:13:44 | AttendanceManager | WARNING | ALERT: Persistent Unknown Person in view!
2026-05-30 11:13:44 | AttendanceManager | WARNING | ALERT: Persistent Unknown Person in view!
2026-05-30 11:13:44 | AttendanceManager | WARNING | ALERT: Persistent Unknown Person in view!
2026-05-30 11:13:44 | AttendanceManager | WARNING | ALERT: Persistent Unknown Person in view!
2026-05-30 11:13:44 | AttendanceManager | WARNING | ALERT: Persistent Unknown Person in view!
2026-05-30 11:13:44 | AttendanceManager | WARNING | ALERT: Persistent Unknown Person in view!
2026-05-30 11:13:44 | AttendanceManager | WARNING | ALERT: Persistent Unknown Person in view!
2026-05-30 11:13:44 | AttendanceManager | WARNING | ALERT: Persistent Unknown Person in view!
2026-05-30 11:13:44 | AttendanceManager | WARNING | ALERT: Persistent Unknown Person in view!
2026-05-30 11:13:44 | AttendanceManager | WARNING | ALERT: Persistent Unknown Person in view!
2026-05-30 11:13:44 | AttendanceManager | WARNING | ALERT: Persistent Unknown Person in view!
2026-05-30 11:13:44 | AttendanceManager | WARNING | ALERT: Persistent Unknown Person in view!
2026-05-30 11:13:44 | AttendanceManager | WARNING | ALERT: Persistent Unknown Person in view!
2026-05-30 11:13:44 | AttendanceManager | WARNING | ALERT: Persistent Unknown Person in view!
2026-05-30 11:13:44 | AttendanceManager | WARNING | ALERT: Persistent Unknown Person in view!
2026-05-30 11:13:44 | AttendanceManager | WARNING | ALERT: Persistent Unknown Person in view!
2026-05-30 11:13:44 | AttendanceManager | WARNING | ALERT: Persistent Unknown Person in view!
2026-05-30 11:13:44 | AttendanceManager | WARNING | ALERT: Persistent Unknown Person in view!
2026-05-30 11:13:44 | AttendanceManager | WARNING | ALERT: Persistent Unknown Person in view!
2026-05-30 11:13:44 | AttendanceManager | WARNING | ALERT: Persistent Unknown Person in view!
2026-05-30 11:13:44 | AttendanceManager | WARNING | ALERT: Persistent Unknown Person in view!
2026-05-30 11:13:44 | AttendanceManager | WARNING | ALERT: Persistent Unknown Person in view!
2026-05-30 11:13:44 | AttendanceManager | INFO | ATTENDANCE VERIFIED: BoundaryStudent (ID: BoundaryStudent)
2026-05-30 11:13:58 | EncodingCache | INFO | Successfully cached 12 face encodings in 0.19 ms.
2026-05-30 11:13:58 | EncodingCache | INFO | Successfully cached 500 face encodings in 26.93 ms.
2026-05-30 11:13:58 | EncodingCache | INFO | Successfully cached 500 face encodings in 26.50 ms.
2026-05-30 11:13:58 | EncodingCache | INFO | Successfully cached 500 face encodings in 25.94 ms.
2026-05-30 11:13:58 | EncodingCache | INFO | Successfully cached 500 face encodings in 26.56 ms.
2026-05-30 11:13:58 | EncodingCache | INFO | Successfully cached 500 face encodings in 25.71 ms.
2026-05-30 11:13:58 | EncodingCache | INFO | Successfully cached 500 face encodings in 26.36 ms.
2026-05-30 11:13:58 | EncodingCache | INFO | Performance report generated successfully: benchmark_report_20260530_111358.txt
2026-05-30 11:14:00 | EncodingCache | INFO | Successfully cached 0 face encodings in 0.04 ms.
2026-05-30 11:14:00 | EncodingCache | INFO | Successfully cached 12 face encodings in 0.06 ms.
2026-05-30 11:14:00 | EncodingCache | INFO | Successfully cached 0 face encodings in 0.02 ms.
2026-05-30 11:14:00 | EncodingManager | INFO | Delegated known face loading to EncodingCache. Cached 0 faces.
2026-05-30 11:14:00 | EncodingCache | ERROR | Failed to load encodings: Mismatch between encodings count (3) and names count (2)
2026-05-30 11:14:00 | EncodingCache | ERROR | Failed to load encodings: unpickling stack underflow
2026-05-30 11:14:00 | EncodingCache | INFO | Successfully cached 0 face encodings in 0.02 ms.
2026-05-30 11:14:00 | EncodingManager | INFO | Delegated known face loading to EncodingCache. Cached 0 faces.
2026-05-30 11:14:00 | EncodingCache | INFO | Successfully cached 1 face encodings in 0.03 ms.
2026-05-30 11:14:00 | EncodingManager | INFO | Delegated known face loading to EncodingCache. Cached 1 faces.
2026-05-30 11:14:00 | FaceDetector | WARNING | Empty frame passed to detect_faces.
2026-05-30 11:14:00 | FaceDetector | WARNING | Empty frame passed to detect_faces.
2026-05-30 11:14:00 | EncodingCache | INFO | Successfully cached 0 face encodings in 0.04 ms.
2026-05-30 11:14:00 | EncodingManager | INFO | Delegated known face loading to EncodingCache. Cached 0 faces.
2026-05-30 11:14:00 | EncodingCache | INFO | Successfully cached 0 face encodings in 0.02 ms.
2026-05-30 11:14:00 | EncodingManager | INFO | Delegated known face loading to EncodingCache. Cached 0 faces.
2026-05-30 11:14:00 | EncodingCache | INFO | Successfully cached 0 face encodings in 0.02 ms.
2026-05-30 11:14:00 | EncodingManager | INFO | Delegated known face loading to EncodingCache. Cached 0 faces.
2026-05-30 11:14:00 | AttendanceManager | WARNING | ALERT: Persistent Unknown Person in view!
2026-05-30 11:14:00 | AttendanceManager | WARNING | ALERT: Persistent Unknown Person in view!
2026-05-30 11:14:00 | AttendanceManager | WARNING | ALERT: Persistent Unknown Person in view!
2026-05-30 11:14:00 | AttendanceManager | WARNING | ALERT: Persistent Unknown Person in view!
2026-05-30 11:14:00 | AttendanceManager | WARNING | ALERT: Persistent Unknown Person in view!
2026-05-30 11:14:00 | AttendanceManager | WARNING | ALERT: Persistent Unknown Person in view!
2026-05-30 11:14:00 | AttendanceManager | WARNING | ALERT: Persistent Unknown Person in view!
2026-05-30 11:14:00 | AttendanceManager | WARNING | ALERT: Persistent Unknown Person in view!
2026-05-30 11:14:00 | AttendanceManager | WARNING | ALERT: Persistent Unknown Person in view!
2026-05-30 11:14:00 | AttendanceManager | WARNING | ALERT: Persistent Unknown Person in view!
2026-05-30 11:14:00 | AttendanceManager | WARNING | ALERT: Persistent Unknown Person in view!
2026-05-30 11:14:00 | AttendanceManager | WARNING | ALERT: Persistent Unknown Person in view!
2026-05-30 11:14:00 | AttendanceManager | WARNING | ALERT: Persistent Unknown Person in view!
2026-05-30 11:14:00 | AttendanceManager | WARNING | ALERT: Persistent Unknown Person in view!
2026-05-30 11:14:00 | AttendanceManager | WARNING | ALERT: Persistent Unknown Person in view!
2026-05-30 11:14:00 | AttendanceManager | WARNING | ALERT: Persistent Unknown Person in view!
2026-05-30 11:14:00 | AttendanceManager | WARNING | ALERT: Persistent Unknown Person in view!
2026-05-30 11:14:00 | AttendanceManager | WARNING | ALERT: Persistent Unknown Person in view!
2026-05-30 11:14:00 | AttendanceManager | WARNING | ALERT: Persistent Unknown Person in view!
2026-05-30 11:14:00 | AttendanceManager | WARNING | ALERT: Persistent Unknown Person in view!
2026-05-30 11:14:00 | AttendanceManager | WARNING | ALERT: Persistent Unknown Person in view!
2026-05-30 11:14:00 | AttendanceManager | WARNING | ALERT: Persistent Unknown Person in view!
2026-05-30 11:14:00 | AttendanceManager | WARNING | ALERT: Persistent Unknown Person in view!
2026-05-30 11:14:00 | AttendanceManager | WARNING | ALERT: Persistent Unknown Person in view!
2026-05-30 11:14:00 | AttendanceManager | WARNING | ALERT: Persistent Unknown Person in view!
2026-05-30 11:14:00 | AttendanceManager | WARNING | ALERT: Persistent Unknown Person in view!
2026-05-30 11:14:00 | AttendanceManager | WARNING | ALERT: Persistent Unknown Person in view!
2026-05-30 11:14:00 | AttendanceManager | WARNING | ALERT: Persistent Unknown Person in view!
2026-05-30 11:14:00 | AttendanceManager | WARNING | ALERT: Persistent Unknown Person in view!
2026-05-30 11:14:00 | AttendanceManager | WARNING | ALERT: Persistent Unknown Person in view!
2026-05-30 11:14:00 | AttendanceManager | WARNING | ALERT: Persistent Unknown Person in view!
2026-05-30 11:14:00 | AttendanceManager | WARNING | ALERT: Persistent Unknown Person in view!
2026-05-30 11:14:00 | AttendanceManager | WARNING | ALERT: Persistent Unknown Person in view!
2026-05-30 11:14:00 | AttendanceManager | WARNING | ALERT: Persistent Unknown Person in view!
2026-05-30 11:14:00 | AttendanceManager | WARNING | ALERT: Persistent Unknown Person in view!
2026-05-30 11:14:00 | AttendanceManager | WARNING | ALERT: Persistent Unknown Person in view!
2026-05-30 11:14:00 | AttendanceManager | WARNING | ALERT: Persistent Unknown Person in view!
2026-05-30 11:14:00 | AttendanceManager | WARNING | ALERT: Persistent Unknown Person in view!
2026-05-30 11:14:00 | AttendanceManager | WARNING | ALERT: Persistent Unknown Person in view!
2026-05-30 11:14:00 | AttendanceManager | WARNING | ALERT: Persistent Unknown Person in view!
2026-05-30 11:14:00 | AttendanceManager | WARNING | ALERT: Persistent Unknown Person in view!
2026-05-30 11:14:00 | AttendanceManager | WARNING | ALERT: Persistent Unknown Person in view!
2026-05-30 11:14:00 | AttendanceManager | WARNING | ALERT: Persistent Unknown Person in view!
2026-05-30 11:14:00 | AttendanceManager | WARNING | ALERT: Persistent Unknown Person in view!
2026-05-30 11:14:00 | AttendanceManager | WARNING | ALERT: Persistent Unknown Person in view!
2026-05-30 11:14:00 | AttendanceManager | WARNING | ALERT: Persistent Unknown Person in view!
2026-05-30 11:14:00 | AttendanceManager | WARNING | ALERT: Persistent Unknown Person in view!
2026-05-30 11:14:00 | AttendanceManager | WARNING | ALERT: Persistent Unknown Person in view!
2026-05-30 11:14:00 | AttendanceManager | WARNING | ALERT: Persistent Unknown Person in view!
2026-05-30 11:14:00 | AttendanceManager | WARNING | ALERT: Persistent Unknown Person in view!
2026-05-30 11:14:00 | AttendanceManager | WARNING | ALERT: Persistent Unknown Person in view!
2026-05-30 11:14:00 | AttendanceManager | WARNING | ALERT: Persistent Unknown Person in view!
2026-05-30 11:14:00 | AttendanceManager | WARNING | ALERT: Persistent Unknown Person in view!
2026-05-30 11:14:00 | AttendanceManager | WARNING | ALERT: Persistent Unknown Person in view!
2026-05-30 11:14:00 | AttendanceManager | WARNING | ALERT: Persistent Unknown Person in view!
2026-05-30 11:14:00 | AttendanceManager | WARNING | ALERT: Persistent Unknown Person in view!
2026-05-30 11:14:00 | AttendanceManager | WARNING | ALERT: Persistent Unknown Person in view!
2026-05-30 11:14:00 | AttendanceManager | WARNING | ALERT: Persistent Unknown Person in view!
2026-05-30 11:14:00 | AttendanceManager | WARNING | ALERT: Persistent Unknown Person in view!
2026-05-30 11:14:00 | AttendanceManager | WARNING | ALERT: Persistent Unknown Person in view!
2026-05-30 11:14:00 | AttendanceManager | WARNING | ALERT: Persistent Unknown Person in view!
2026-05-30 11:14:00 | AttendanceManager | WARNING | ALERT: Persistent Unknown Person in view!
2026-05-30 11:14:00 | AttendanceManager | WARNING | ALERT: Persistent Unknown Person in view!
2026-05-30 11:14:00 | AttendanceManager | WARNING | ALERT: Persistent Unknown Person in view!
2026-05-30 11:14:00 | AttendanceManager | WARNING | ALERT: Persistent Unknown Person in view!
2026-05-30 11:14:00 | AttendanceManager | WARNING | ALERT: Persistent Unknown Person in view!
2026-05-30 11:14:00 | AttendanceManager | WARNING | ALERT: Persistent Unknown Person in view!
2026-05-30 11:14:00 | AttendanceManager | WARNING | ALERT: Persistent Unknown Person in view!
2026-05-30 11:14:00 | AttendanceManager | WARNING | ALERT: Persistent Unknown Person in view!
2026-05-30 11:14:00 | AttendanceManager | WARNING | ALERT: Persistent Unknown Person in view!
2026-05-30 11:14:00 | AttendanceManager | WARNING | ALERT: Persistent Unknown Person in view!
2026-05-30 11:14:00 | AttendanceManager | WARNING | ALERT: Persistent Unknown Person in view!
2026-05-30 11:14:00 | AttendanceManager | WARNING | ALERT: Persistent Unknown Person in view!
2026-05-30 11:14:00 | AttendanceManager | WARNING | ALERT: Persistent Unknown Person in view!
2026-05-30 11:14:00 | AttendanceManager | WARNING | ALERT: Persistent Unknown Person in view!
2026-05-30 11:14:00 | AttendanceManager | WARNING | ALERT: Persistent Unknown Person in view!
2026-05-30 11:14:00 | AttendanceManager | WARNING | ALERT: Persistent Unknown Person in view!
2026-05-30 11:14:00 | AttendanceManager | WARNING | ALERT: Persistent Unknown Person in view!
2026-05-30 11:14:00 | AttendanceManager | WARNING | ALERT: Persistent Unknown Person in view!
2026-05-30 11:14:00 | AttendanceManager | WARNING | ALERT: Persistent Unknown Person in view!
2026-05-30 11:14:00 | AttendanceManager | WARNING | ALERT: Persistent Unknown Person in view!
2026-05-30 11:14:00 | AttendanceManager | WARNING | ALERT: Persistent Unknown Person in view!
2026-05-30 11:14:00 | AttendanceManager | WARNING | ALERT: Persistent Unknown Person in view!
2026-05-30 11:14:00 | AttendanceManager | WARNING | ALERT: Persistent Unknown Person in view!
2026-05-30 11:14:00 | AttendanceManager | WARNING | ALERT: Persistent Unknown Person in view!
2026-05-30 11:14:00 | AttendanceManager | WARNING | ALERT: Persistent Unknown Person in view!
2026-05-30 11:14:00 | AttendanceManager | WARNING | ALERT: Persistent Unknown Person in view!
2026-05-30 11:14:00 | AttendanceManager | WARNING | ALERT: Persistent Unknown Person in view!
2026-05-30 11:14:00 | AttendanceManager | WARNING | ALERT: Persistent Unknown Person in view!
2026-05-30 11:14:00 | AttendanceManager | WARNING | ALERT: Persistent Unknown Person in view!
2026-05-30 11:14:00 | AttendanceManager | WARNING | ALERT: Persistent Unknown Person in view!
2026-05-30 11:14:00 | AttendanceManager | WARNING | ALERT: Persistent Unknown Person in view!
2026-05-30 11:14:00 | AttendanceManager | WARNING | ALERT: Persistent Unknown Person in view!
2026-05-30 11:14:00 | AttendanceManager | WARNING | ALERT: Persistent Unknown Person in view!
2026-05-30 11:14:00 | AttendanceManager | WARNING | ALERT: Persistent Unknown Person in view!
2026-05-30 11:14:00 | AttendanceManager | WARNING | ALERT: Persistent Unknown Person in view!
2026-05-30 11:14:00 | AttendanceManager | WARNING | ALERT: Persistent Unknown Person in view!
2026-05-30 11:14:00 | AttendanceManager | WARNING | ALERT: Persistent Unknown Person in view!
2026-05-30 11:14:00 | AttendanceManager | WARNING | ALERT: Persistent Unknown Person in view!
2026-05-30 11:14:00 | AttendanceManager | WARNING | ALERT: Persistent Unknown Person in view!
2026-05-30 11:14:00 | AttendanceManager | WARNING | ALERT: Persistent Unknown Person in view!
2026-05-30 11:14:00 | AttendanceManager | WARNING | ALERT: Persistent Unknown Person in view!
2026-05-30 11:14:00 | AttendanceManager | WARNING | ALERT: Persistent Unknown Person in view!
2026-05-30 11:14:00 | AttendanceManager | WARNING | ALERT: Persistent Unknown Person in view!
2026-05-30 11:14:00 | AttendanceManager | WARNING | ALERT: Persistent Unknown Person in view!
2026-05-30 11:14:00 | AttendanceManager | WARNING | ALERT: Persistent Unknown Person in view!
2026-05-30 11:14:00 | AttendanceManager | WARNING | ALERT: Persistent Unknown Person in view!
2026-05-30 11:14:00 | AttendanceManager | WARNING | ALERT: Persistent Unknown Person in view!
2026-05-30 11:14:00 | AttendanceManager | WARNING | ALERT: Persistent Unknown Person in view!
2026-05-30 11:14:00 | AttendanceManager | WARNING | ALERT: Persistent Unknown Person in view!
2026-05-30 11:14:00 | AttendanceManager | WARNING | ALERT: Persistent Unknown Person in view!
2026-05-30 11:14:00 | AttendanceManager | WARNING | ALERT: Persistent Unknown Person in view!
2026-05-30 11:14:00 | AttendanceManager | WARNING | ALERT: Persistent Unknown Person in view!
2026-05-30 11:14:00 | AttendanceManager | WARNING | ALERT: Persistent Unknown Person in view!
2026-05-30 11:14:00 | AttendanceManager | WARNING | ALERT: Persistent Unknown Person in view!
2026-05-30 11:14:00 | AttendanceManager | WARNING | ALERT: Persistent Unknown Person in view!
2026-05-30 11:14:00 | AttendanceManager | WARNING | ALERT: Persistent Unknown Person in view!
2026-05-30 11:14:00 | AttendanceManager | WARNING | ALERT: Persistent Unknown Person in view!
2026-05-30 11:14:00 | AttendanceManager | WARNING | ALERT: Persistent Unknown Person in view!
2026-05-30 11:14:00 | AttendanceManager | WARNING | ALERT: Persistent Unknown Person in view!
2026-05-30 11:14:00 | AttendanceManager | WARNING | ALERT: Persistent Unknown Person in view!
2026-05-30 11:14:00 | AttendanceManager | WARNING | ALERT: Persistent Unknown Person in view!
2026-05-30 11:14:00 | AttendanceManager | WARNING | ALERT: Persistent Unknown Person in view!
2026-05-30 11:14:00 | AttendanceManager | WARNING | ALERT: Persistent Unknown Person in view!
2026-05-30 11:14:00 | AttendanceManager | WARNING | ALERT: Persistent Unknown Person in view!
2026-05-30 11:14:00 | AttendanceManager | WARNING | ALERT: Persistent Unknown Person in view!
2026-05-30 11:14:00 | AttendanceManager | WARNING | ALERT: Persistent Unknown Person in view!
2026-05-30 11:14:00 | AttendanceManager | WARNING | ALERT: Persistent Unknown Person in view!
2026-05-30 11:14:00 | AttendanceManager | WARNING | ALERT: Persistent Unknown Person in view!
2026-05-30 11:14:00 | AttendanceManager | WARNING | ALERT: Persistent Unknown Person in view!
2026-05-30 11:14:00 | AttendanceManager | WARNING | ALERT: Persistent Unknown Person in view!
2026-05-30 11:14:00 | AttendanceManager | WARNING | ALERT: Persistent Unknown Person in view!
2026-05-30 11:14:00 | AttendanceManager | WARNING | ALERT: Persistent Unknown Person in view!
2026-05-30 11:14:00 | AttendanceManager | WARNING | ALERT: Persistent Unknown Person in view!
2026-05-30 11:14:00 | AttendanceManager | WARNING | ALERT: Persistent Unknown Person in view!
2026-05-30 11:14:00 | AttendanceManager | WARNING | ALERT: Persistent Unknown Person in view!
2026-05-30 11:14:00 | AttendanceManager | WARNING | ALERT: Persistent Unknown Person in view!
2026-05-30 11:14:00 | AttendanceManager | WARNING | ALERT: Persistent Unknown Person in view!
2026-05-30 11:14:00 | AttendanceManager | WARNING | ALERT: Persistent Unknown Person in view!
2026-05-30 11:14:00 | AttendanceManager | WARNING | ALERT: Persistent Unknown Person in view!
2026-05-30 11:14:00 | AttendanceManager | WARNING | ALERT: Persistent Unknown Person in view!
2026-05-30 11:14:00 | AttendanceManager | WARNING | ALERT: Persistent Unknown Person in view!
2026-05-30 11:14:00 | AttendanceManager | WARNING | ALERT: Persistent Unknown Person in view!
2026-05-30 11:14:00 | AttendanceManager | WARNING | ALERT: Persistent Unknown Person in view!
2026-05-30 11:14:00 | AttendanceManager | WARNING | ALERT: Persistent Unknown Person in view!
2026-05-30 11:14:00 | AttendanceManager | WARNING | ALERT: Persistent Unknown Person in view!
2026-05-30 11:14:00 | AttendanceManager | WARNING | ALERT: Persistent Unknown Person in view!
2026-05-30 11:14:00 | AttendanceManager | WARNING | ALERT: Persistent Unknown Person in view!
2026-05-30 11:14:00 | AttendanceManager | WARNING | ALERT: Persistent Unknown Person in view!
2026-05-30 11:14:00 | AttendanceManager | WARNING | ALERT: Persistent Unknown Person in view!
2026-05-30 11:14:00 | AttendanceManager | WARNING | ALERT: Persistent Unknown Person in view!
2026-05-30 11:14:00 | AttendanceManager | WARNING | ALERT: Persistent Unknown Person in view!
2026-05-30 11:14:00 | AttendanceManager | WARNING | ALERT: Persistent Unknown Person in view!
2026-05-30 11:14:00 | AttendanceManager | WARNING | ALERT: Persistent Unknown Person in view!
2026-05-30 11:14:00 | AttendanceManager | WARNING | ALERT: Persistent Unknown Person in view!
2026-05-30 11:14:00 | AttendanceManager | WARNING | ALERT: Persistent Unknown Person in view!
2026-05-30 11:14:00 | AttendanceManager | WARNING | ALERT: Persistent Unknown Person in view!
2026-05-30 11:14:00 | AttendanceManager | WARNING | ALERT: Persistent Unknown Person in view!
2026-05-30 11:14:00 | AttendanceManager | WARNING | ALERT: Persistent Unknown Person in view!
2026-05-30 11:14:00 | AttendanceManager | WARNING | ALERT: Persistent Unknown Person in view!
2026-05-30 11:14:00 | AttendanceManager | WARNING | ALERT: Persistent Unknown Person in view!
2026-05-30 11:14:00 | AttendanceManager | WARNING | ALERT: Persistent Unknown Person in view!
2026-05-30 11:14:00 | AttendanceManager | WARNING | ALERT: Persistent Unknown Person in view!
2026-05-30 11:14:00 | AttendanceManager | WARNING | ALERT: Persistent Unknown Person in view!
2026-05-30 11:14:00 | AttendanceManager | WARNING | ALERT: Persistent Unknown Person in view!
2026-05-30 11:14:00 | AttendanceManager | WARNING | ALERT: Persistent Unknown Person in view!
2026-05-30 11:14:00 | AttendanceManager | WARNING | ALERT: Persistent Unknown Person in view!
2026-05-30 11:14:00 | AttendanceManager | WARNING | ALERT: Persistent Unknown Person in view!
2026-05-30 11:14:00 | AttendanceManager | WARNING | ALERT: Persistent Unknown Person in view!
2026-05-30 11:14:00 | AttendanceManager | WARNING | ALERT: Persistent Unknown Person in view!
2026-05-30 11:14:00 | AttendanceManager | WARNING | ALERT: Persistent Unknown Person in view!
2026-05-30 11:14:00 | AttendanceManager | WARNING | ALERT: Persistent Unknown Person in view!
2026-05-30 11:14:00 | AttendanceManager | WARNING | ALERT: Persistent Unknown Person in view!
2026-05-30 11:14:00 | AttendanceManager | WARNING | ALERT: Persistent Unknown Person in view!
2026-05-30 11:14:00 | AttendanceManager | WARNING | ALERT: Persistent Unknown Person in view!
2026-05-30 11:14:00 | AttendanceManager | WARNING | ALERT: Persistent Unknown Person in view!
2026-05-30 11:14:00 | AttendanceManager | WARNING | ALERT: Persistent Unknown Person in view!
2026-05-30 11:14:00 | AttendanceManager | WARNING | ALERT: Persistent Unknown Person in view!
2026-05-30 11:14:00 | AttendanceManager | WARNING | ALERT: Persistent Unknown Person in view!
2026-05-30 11:14:00 | AttendanceManager | WARNING | ALERT: Persistent Unknown Person in view!
2026-05-30 11:14:00 | AttendanceManager | WARNING | ALERT: Persistent Unknown Person in view!
2026-05-30 11:14:00 | AttendanceManager | WARNING | ALERT: Persistent Unknown Person in view!
2026-05-30 11:14:00 | AttendanceManager | WARNING | ALERT: Persistent Unknown Person in view!
2026-05-30 11:14:00 | AttendanceManager | WARNING | ALERT: Persistent Unknown Person in view!
2026-05-30 11:14:00 | AttendanceManager | WARNING | ALERT: Persistent Unknown Person in view!
2026-05-30 11:14:00 | AttendanceManager | WARNING | ALERT: Persistent Unknown Person in view!
2026-05-30 11:14:00 | AttendanceManager | WARNING | ALERT: Persistent Unknown Person in view!
2026-05-30 11:14:00 | AttendanceManager | WARNING | ALERT: Persistent Unknown Person in view!
2026-05-30 11:14:00 | AttendanceManager | WARNING | ALERT: Persistent Unknown Person in view!
2026-05-30 11:14:00 | AttendanceManager | WARNING | ALERT: Persistent Unknown Person in view!
2026-05-30 11:14:00 | AttendanceManager | WARNING | ALERT: Persistent Unknown Person in view!
2026-05-30 11:14:00 | AttendanceManager | WARNING | ALERT: Persistent Unknown Person in view!
2026-05-30 11:14:00 | AttendanceManager | WARNING | ALERT: Persistent Unknown Person in view!
2026-05-30 11:14:00 | AttendanceManager | WARNING | ALERT: Persistent Unknown Person in view!
2026-05-30 11:14:00 | AttendanceManager | WARNING | ALERT: Persistent Unknown Person in view!
2026-05-30 11:14:00 | AttendanceManager | INFO | ATTENDANCE VERIFIED: BoundaryStudent (ID: BoundaryStudent)
2026-05-30 11:14:00 | ErrorTracker | WARNING | [TestComponent] Transient error 0
2026-05-30 11:14:00 | ErrorTracker | WARNING | [TestComponent] Transient error 1
2026-05-30 11:14:00 | ErrorTracker | WARNING | [TestComponent] Transient error 2
2026-05-30 11:14:00 | ErrorTracker | WARNING | [TestComponent] Error 0
2026-05-30 11:14:00 | ErrorTracker | WARNING | [TestComponent] Error 1
2026-05-30 11:14:00 | ErrorTracker | WARNING | [TestComponent] Error 2
2026-05-30 11:14:00 | ErrorTracker | WARNING | [TestComponent] Error 3
2026-05-30 11:14:00 | ErrorTracker | WARNING | [TestComponent] Error 4
2026-05-30 11:14:00 | ErrorTracker | WARNING | [TestComponent] Transient error
2026-05-30 11:14:00 | ErrorTracker | WARNING | [TestComponent] Transient error 0
2026-05-30 11:14:00 | ErrorTracker | WARNING | [TestComponent] Transient error 1
2026-05-30 11:14:00 | ErrorTracker | WARNING | [TestComponent] Transient error 2
2026-05-30 11:14:00 | ErrorTracker | WARNING | [TestComponent] Transient error 0
2026-05-30 11:14:00 | ErrorTracker | WARNING | [TestComponent] Transient error 1
2026-05-30 11:14:00 | ErrorTracker | WARNING | [TestComponent] Transient error 2
2026-05-30 11:14:00 | ErrorTracker | WARNING | [TestComponent] Transient error 3
2026-05-30 11:14:00 | ErrorTracker | WARNING | [TestComponent] Transient error 4
2026-05-30 11:14:00 | ErrorTracker | WARNING | [TestComponent] Transient error 5
2026-05-30 11:14:00 | ErrorTracker | WARNING | [TestComponent] Transient error 6
2026-05-30 11:14:00 | ErrorTracker | WARNING | [TestComponent] Transient error 7
2026-05-30 11:14:00 | ErrorTracker | WARNING | [TestComponent] Transient error 8
2026-05-30 11:14:00 | ErrorTracker | WARNING | [TestComponent] Transient error 9
2026-05-30 11:14:00 | ErrorTracker | WARNING | [TestComponent] Transient error 10
2026-05-30 11:14:00 | ErrorTracker | WARNING | [TestComponent] Transient error 11
2026-05-30 11:14:00 | ErrorTracker | WARNING | [SourceA] Error 0
2026-05-30 11:14:00 | ErrorTracker | WARNING | [SourceA] Error 1
2026-05-30 11:14:00 | ErrorTracker | WARNING | [SourceA] Error 2
2026-05-30 11:14:00 | ErrorTracker | WARNING | [SourceB] Error 0
2026-05-30 11:14:00 | ErrorTracker | WARNING | [SourceB] Error 1
2026-05-30 11:14:00 | ErrorTracker | WARNING | [TestComponent] Test message
2026-05-30 11:14:00 | ErrorTracker | WARNING | [TestComponent] Test message
2026-05-30 11:14:00 | RecoveryManager | INFO | Webcam recovery attempt 1/5. Waiting 1.0s...
2026-05-30 11:14:00 | RecoveryManager | INFO | Webcam recovered successfully.
2026-05-30 11:14:00 | RecoveryManager | INFO | Webcam recovery attempt 1/5. Waiting 1.0s...
2026-05-30 11:14:00 | RecoveryManager | INFO | Webcam recovery attempt 2/5. Waiting 2.0s...
2026-05-30 11:14:00 | RecoveryManager | INFO | Webcam recovery attempt 3/5. Waiting 4.0s...
2026-05-30 11:14:00 | RecoveryManager | INFO | Webcam recovered successfully.
2026-05-30 11:14:00 | RecoveryManager | INFO | Webcam recovery attempt 1/5. Waiting 1.0s...
2026-05-30 11:14:00 | RecoveryManager | INFO | Webcam recovery attempt 2/5. Waiting 2.0s...
2026-05-30 11:14:00 | RecoveryManager | INFO | Webcam recovery attempt 3/5. Waiting 4.0s...
2026-05-30 11:14:00 | RecoveryManager | INFO | Webcam recovery attempt 4/5. Waiting 8.0s...
2026-05-30 11:14:00 | RecoveryManager | INFO | Webcam recovery attempt 5/5. Waiting 16.0s...
2026-05-30 11:14:00 | RecoveryManager | ERROR | Webcam recovery failed after max attempts.
2026-05-30 11:14:00 | RecoveryManager | WARNING | Encoding file non_existent.pickle not found during recovery.
2026-05-30 11:14:00 | RecoveryManager | INFO | Webcam recovery attempt 1/5. Waiting 1.0s...
2026-05-30 11:14:00 | RecoveryManager | INFO | Webcam recovered successfully.
2026-05-30 11:14:00 | API_Connector | WARNING | Attendance transmission attempt 1/2 failed: Connection refused
2026-05-30 11:14:00 | API_Connector | WARNING | Attendance transmission attempt 2/2 failed: Connection refused
2026-05-30 11:14:00 | API_Connector | WARNING | Attendance transmission rejected. status_code=500 message=Server Error
2026-05-30 11:14:00 | API_Connector | INFO | Attendance logged successfully. status_code=200
2026-05-30 11:14:00 | API_Connector | INFO | Attendance logged successfully. status_code=201
2026-05-30 11:14:00 | API_Connector | WARNING | Attendance transmission attempt 1/2 failed: Request timed out
2026-05-30 11:14:00 | API_Connector | WARNING | Attendance transmission attempt 2/2 failed: Request timed out
2026-05-30 11:14:00 | API_Connector | WARNING | Payload validation failed: Missing student_id
2026-05-30 11:14:00 | API_Connector | WARNING | Mock transmission failed for student_id=1
2026-05-30 11:14:00 | API_Connector | INFO | Mock transmission succeeded for student_id=1
2026-05-30 11:14:00 | AttendanceManager | INFO | ATTENDANCE VERIFIED: 1_Aayushi (ID: 1)
2026-05-30 11:14:00 | EncodingCache | INFO | Successfully cached 3 face encodings in 0.04 ms.
2026-05-30 11:14:00 | EncodingCache | WARNING | Encoding file this_file_does_not_exist_12345.pickle not found. Recognition will not work until faces are encoded.
2026-05-30 11:14:00 | EncodingCache | ERROR | Failed to load encodings: pickle data was truncated
2026-05-30 11:14:00 | EncodingCache | INFO | Successfully cached 3 face encodings in 0.03 ms.
2026-05-30 11:14:01 | EncodingCache | INFO | Encoding file change detected (mtime changed). Reloading cache...
2026-05-30 11:14:01 | EncodingCache | INFO | Successfully cached 4 face encodings in 0.22 ms.
2026-05-30 11:14:01 | EncodingCache | INFO | Successfully cached 3 face encodings in 0.11 ms.
2026-05-30 11:14:01 | EncodingCache | INFO | Successfully cached 3 face encodings in 0.09 ms.
2026-05-30 11:14:01 | EncodingCache | INFO | Successfully cached 3 face encodings in 0.08 ms.
2026-05-30 11:14:03 | EncodingCache | INFO | Successfully cached 12 face encodings in 0.20 ms.
2026-05-30 11:14:03 | EncodingCache | INFO | Performance report generated successfully: benchmark_report_20260530_111403.txt
